[2026-02-07 17:34:02] 🚀 Launching Session 1 - Keyword: 'batter'
[2026-02-07 17:34:12] 🚀 Launching Session 2 - Keyword: 'batter'
[2026-02-07 17:34:22] 🚀 Launching Session 3 - Keyword: 'batter'
[2026-02-07 17:34:32] 🚀 Launching Session 4 - Keyword: 'batter'
[2026-02-07 17:38:13] ✓ Session 4 completed (1/4)
[2026-02-07 17:40:09] ✓ Session 2 completed (2/4)
[2026-02-07 17:40:22] ✓ Session 3 completed (3/4)
[2026-02-07 17:41:40] ✓ Session 1 completed (4/4)
[2026-02-07 17:41:40] ✅ All 4 sessions completed! Starting merge...
[2026-02-07 17:41:40] ============================================================
[2026-02-07 17:41:40] STARTING MERGE & DEDUPLICATION
[2026-02-07 17:41:40] ✓ Loaded Session 1: 961 rows from gem_all_bids_session1.csv
[2026-02-07 17:41:40]   → End Date: 961/961 non-null values
[2026-02-07 17:41:40]   → Sample: 07-02-2026 6:00 PM
[2026-02-07 17:41:40] ✓ Loaded Session 2: 958 rows from gem_all_bids_session2.csv
[2026-02-07 17:41:40]   → End Date: 958/958 non-null values
[2026-02-07 17:41:40]   → Sample: 07-02-2026 6:00 PM
[2026-02-07 17:41:40] ✓ Loaded Session 3: 969 rows from gem_all_bids_session3.csv
[2026-02-07 17:41:40]   → End Date: 969/969 non-null values
[2026-02-07 17:41:40]   → Sample: 07-02-2026 6:00 PM
[2026-02-07 17:41:40] ✓ Loaded Session 4: 970 rows from gem_all_bids_session4.csv
[2026-02-07 17:41:40]   → End Date: 970/970 non-null values
[2026-02-07 17:41:40]   → Sample: 07-02-2026 6:00 PM
[2026-02-07 17:41:40] 📊 Total rows before deduplication: 3858
[2026-02-07 17:41:40] 📊 End Date after concat: 3858/3858 non-null values
[2026-02-07 17:41:40] 📊 Sample End Dates: ['07-02-2026 6:00 PM', '07-02-2026 6:00 PM', '07-02-2026 6:00 PM']
[2026-02-07 17:41:40] ⚠️  Warning: 3858 End Dates failed to parse
[2026-02-07 17:41:40]    Failed samples: ['07-02-2026 6:00 PM', '07-02-2026 6:00 PM', '07-02-2026 6:00 PM', '07-02-2026 6:00 PM', '07-02-2026 6:00 PM']
[2026-02-07 17:41:40] 🔄 Applying deduplication logic...
[2026-02-07 17:41:41] ✓ Rows after deduplication: 1016
[2026-02-07 17:41:41] 🗑️  Removed 2842 duplicate rows
[2026-02-07 17:41:41] ✅ Final End Date check: 1016/1016 non-null values
[2026-02-07 17:41:41] ✅ Sample final End Dates: ['10-02-2026 12:00 PM', '09-02-2026 6:00 PM', '07-02-2026 8:00 PM']
[2026-02-07 17:41:41] ✓ Saved master CSV: E:\GeM Portal Scraper\data\gem_all_bids.csv
[2026-02-07 17:41:41] ✓ Total unique bids saved: 1016
[2026-02-07 17:41:41] MERGE & DEDUPLICATION COMPLETED
[2026-02-07 17:41:41] ============================================================
[2026-02-07 17:41:41] 🎉 EXTRACTION COMPLETE - All sessions merged and deduplicated
[2026-02-09 10:52:54] 🚀 Launching Session 1 - Keyword: 'batter'
[2026-02-09 10:53:04] 🚀 Launching Session 2 - Keyword: 'batter'
[2026-02-09 10:53:14] 🚀 Launching Session 3 - Keyword: 'batter'
[2026-02-09 10:53:24] 🚀 Launching Session 4 - Keyword: 'batter'
[2026-02-09 10:59:39] ✓ Session 2 completed (1/4)
[2026-02-09 11:00:17] ✓ Session 1 completed (2/4)
[2026-02-09 11:00:37] ✓ Session 4 completed (3/4)
[2026-02-09 11:00:41] ✓ Session 3 completed (4/4)
[2026-02-09 11:00:41] ✅ All 4 sessions completed! Starting merge...
[2026-02-09 11:00:41] ============================================================
[2026-02-09 11:00:41] STARTING MERGE & DEDUPLICATION
[2026-02-09 11:00:41] ✓ Loaded Session 1: 1912 rows from gem_all_bids_session1.csv
[2026-02-09 11:00:41]   → End Date: 1912/1912 non-null values
[2026-02-09 11:00:41]   → Sample: 07-02-2026 6:00 PM
[2026-02-09 11:00:41] ✓ Loaded Session 2: 1916 rows from gem_all_bids_session2.csv
[2026-02-09 11:00:41]   → End Date: 1916/1916 non-null values
[2026-02-09 11:00:41]   → Sample: 07-02-2026 6:00 PM
[2026-02-09 11:00:41] ✓ Loaded Session 3: 1921 rows from gem_all_bids_session3.csv
[2026-02-09 11:00:41]   → End Date: 1921/1921 non-null values
[2026-02-09 11:00:41]   → Sample: 07-02-2026 6:00 PM
[2026-02-09 11:00:41] ✓ Loaded Session 4: 1927 rows from gem_all_bids_session4.csv
[2026-02-09 11:00:41]   → End Date: 1927/1927 non-null values
[2026-02-09 11:00:41]   → Sample: 07-02-2026 6:00 PM
[2026-02-09 11:00:41] 📊 Total rows before deduplication: 7676
[2026-02-09 11:00:41] 📊 End Date after concat: 7676/7676 non-null values
[2026-02-09 11:00:41] 📊 Sample End Dates: ['07-02-2026 6:00 PM', '07-02-2026 6:00 PM', '07-02-2026 6:00 PM']
[2026-02-09 11:00:41] ⚠️  Warning: 7676 End Dates failed to parse
[2026-02-09 11:00:41]    Failed samples: ['07-02-2026 6:00 PM', '07-02-2026 6:00 PM', '07-02-2026 6:00 PM', '07-02-2026 6:00 PM', '07-02-2026 6:00 PM']
[2026-02-09 11:00:41] 🔄 Applying deduplication logic...
[2026-02-09 11:00:41] ✓ Rows after deduplication: 1083
[2026-02-09 11:00:41] 🗑️  Removed 6593 duplicate rows
[2026-02-09 11:00:41] ✅ Final End Date check: 1083/1083 non-null values
[2026-02-09 11:00:41] ✅ Sample final End Dates: ['10-02-2026 12:00 PM', '09-02-2026 6:00 PM', '11-02-2026 10:00 AM']
[2026-02-09 11:00:41] ✓ Saved master CSV: E:\GeM Portal Scraper\data\gem_all_bids.csv
[2026-02-09 11:00:41] ✓ Total unique bids saved: 1083
[2026-02-09 11:00:41] MERGE & DEDUPLICATION COMPLETED
[2026-02-09 11:00:41] ============================================================
[2026-02-09 11:00:41] 🎉 EXTRACTION COMPLETE - All sessions merged and deduplicated
[2026-02-09 11:00:47] 📊 Analysis complete: 1083 total, 150 filtered
[2026-02-09 14:56:17] 🚀 Launching Session 1 - Keyword: 'batter'
[2026-02-09 14:56:27] 🚀 Launching Session 2 - Keyword: 'batter'
[2026-02-09 14:56:37] 🚀 Launching Session 3 - Keyword: 'batter'
[2026-02-09 14:56:47] 🚀 Launching Session 4 - Keyword: 'batter'
[2026-02-09 15:00:08] ✓ Session 1 completed (1/4)
[2026-02-09 15:00:12] ✓ Session 2 completed (2/4)
[2026-02-09 15:01:07] ✓ Session 3 completed (3/4)
[2026-02-09 15:01:07] ✓ Session 4 completed (4/4)
[2026-02-09 15:01:07] ✅ All 4 sessions completed! Starting merge...
[2026-02-09 15:01:07] ============================================================
[2026-02-09 15:01:07] STARTING MERGE & DEDUPLICATION
[2026-02-09 15:01:07] ✓ Loaded Session 1: 2867 rows from gem_all_bids_session1.csv
[2026-02-09 15:01:08]   → End Date: 2867/2867 non-null values
[2026-02-09 15:01:08]   → Sample: 07-02-2026 6:00 PM
[2026-02-09 15:01:08] ✓ Loaded Session 2: 2867 rows from gem_all_bids_session2.csv
[2026-02-09 15:01:08]   → End Date: 2867/2867 non-null values
[2026-02-09 15:01:08]   → Sample: 07-02-2026 6:00 PM
[2026-02-09 15:01:08] ✓ Loaded Session 3: 2865 rows from gem_all_bids_session3.csv
[2026-02-09 15:01:08]   → End Date: 2865/2865 non-null values
[2026-02-09 15:01:08]   → Sample: 07-02-2026 6:00 PM
[2026-02-09 15:01:08] ✓ Loaded Session 4: 2886 rows from gem_all_bids_session4.csv
[2026-02-09 15:01:08]   → End Date: 2886/2886 non-null values
[2026-02-09 15:01:08]   → Sample: 07-02-2026 6:00 PM
[2026-02-09 15:01:08] 📊 Total rows before deduplication: 11485
[2026-02-09 15:01:08] 📊 End Date after concat: 11485/11485 non-null values
[2026-02-09 15:01:08] 📊 Sample End Dates: ['07-02-2026 6:00 PM', '07-02-2026 6:00 PM', '07-02-2026 6:00 PM']
[2026-02-09 15:01:08] ⚠️  Warning: 11485 End Dates failed to parse
[2026-02-09 15:01:08]    Failed samples: ['07-02-2026 6:00 PM', '07-02-2026 6:00 PM', '07-02-2026 6:00 PM', '07-02-2026 6:00 PM', '07-02-2026 6:00 PM']
[2026-02-09 15:01:08] 🔄 Applying deduplication logic...
[2026-02-09 15:01:11] ✓ Rows after deduplication: 1126
[2026-02-09 15:01:11] 🗑️  Removed 10359 duplicate rows
[2026-02-09 15:01:11] ✅ Final End Date check: 1126/1126 non-null values
[2026-02-09 15:01:11] ✅ Sample final End Dates: ['10-02-2026 12:00 PM', '11-02-2026 11:00 AM', '09-02-2026 6:00 PM']
[2026-02-09 15:01:11] ✓ Saved master CSV: E:\GeM Portal Scraper\data\gem_all_bids.csv
[2026-02-09 15:01:11] ✓ Total unique bids saved: 1126
[2026-02-09 15:01:11] MERGE & DEDUPLICATION COMPLETED
[2026-02-09 15:01:11] ============================================================
[2026-02-09 15:01:12] 🎉 EXTRACTION COMPLETE - All sessions merged and deduplicated
[2026-02-09 16:55:41] 📊 Analysis complete: 1126 total, 155 filtered
[2026-02-10 12:50:40] 🚀 Launching Session 1 - Keyword: 'batter'
[2026-02-10 12:50:50] 🚀 Launching Session 2 - Keyword: 'batter'
[2026-02-10 12:51:00] 🚀 Launching Session 3 - Keyword: 'batter'
[2026-02-10 12:51:10] 🚀 Launching Session 4 - Keyword: 'batter'
[2026-02-10 12:54:54] ✓ Session 2 completed (1/4)
[2026-02-10 12:55:02] ✓ Session 3 completed (2/4)
[2026-02-10 12:55:05] ⚠️  Monitor error: Expecting value: line 1 column 1 (char 0)
[2026-02-10 12:55:08] ✓ Session 4 completed (3/4)
[2026-02-10 12:57:35] ✓ Session 1 completed (4/4)
[2026-02-10 12:57:35] ✅ All 4 sessions completed! Starting merge...
[2026-02-10 12:57:35] ============================================================
[2026-02-10 12:57:35] STARTING MERGE & DEDUPLICATION
[2026-02-10 12:57:35] ✓ Loaded Session 1: 3823 rows from gem_all_bids_session1.csv
[2026-02-10 12:57:35]   → End Date: 3823/3823 non-null values
[2026-02-10 12:57:35]   → Sample: 07-02-2026 6:00 PM
[2026-02-10 12:57:35] ✓ Loaded Session 2: 3822 rows from gem_all_bids_session2.csv
[2026-02-10 12:57:35]   → End Date: 3822/3822 non-null values
[2026-02-10 12:57:35]   → Sample: 07-02-2026 6:00 PM
[2026-02-10 12:57:35] ✓ Loaded Session 3: 3822 rows from gem_all_bids_session3.csv
[2026-02-10 12:57:35]   → End Date: 3822/3822 non-null values
[2026-02-10 12:57:35]   → Sample: 07-02-2026 6:00 PM
[2026-02-10 12:57:35] ✓ Loaded Session 4: 3833 rows from gem_all_bids_session4.csv
[2026-02-10 12:57:35]   → End Date: 3833/3833 non-null values
[2026-02-10 12:57:35]   → Sample: 07-02-2026 6:00 PM
[2026-02-10 12:57:35] 📊 Total rows before deduplication: 15300
[2026-02-10 12:57:35] 📊 End Date after concat: 15300/15300 non-null values
[2026-02-10 12:57:35] 📊 Sample End Dates: ['07-02-2026 6:00 PM', '07-02-2026 6:00 PM', '07-02-2026 6:00 PM']
[2026-02-10 12:57:36] ⚠️  Warning: 15300 End Dates failed to parse
[2026-02-10 12:57:36]    Failed samples: ['07-02-2026 6:00 PM', '07-02-2026 6:00 PM', '07-02-2026 6:00 PM', '07-02-2026 6:00 PM', '07-02-2026 6:00 PM']
[2026-02-10 12:57:36] 🔄 Applying deduplication logic...
[2026-02-10 12:57:36] ✓ Rows after deduplication: 1213
[2026-02-10 12:57:36] 🗑️  Removed 14087 duplicate rows
[2026-02-10 12:57:36] ✅ Final End Date check: 1213/1213 non-null values
[2026-02-10 12:57:36] ✅ Sample final End Dates: ['10-02-2026 12:00 PM', '11-02-2026 11:00 AM', '09-02-2026 6:00 PM']
[2026-02-10 12:57:36] ✓ Saved master CSV: E:\GeM Portal Scraper\data\gem_all_bids.csv
[2026-02-10 12:57:36] ✓ Total unique bids saved: 1213
[2026-02-10 12:57:36] MERGE & DEDUPLICATION COMPLETED
[2026-02-10 12:57:36] ============================================================
[2026-02-10 12:57:36] 🎉 EXTRACTION COMPLETE - All sessions merged and deduplicated
[2026-02-10 12:58:08] 📊 Analysis complete: 1213 total, 169 filtered
[2026-02-10 18:27:15] 🚀 Launching Session 1 - Keyword: 'batter'
[2026-02-10 18:27:25] 🚀 Launching Session 2 - Keyword: 'batter'
[2026-02-10 18:27:35] 🚀 Launching Session 3 - Keyword: 'batter'
[2026-02-10 18:27:45] 🚀 Launching Session 4 - Keyword: 'batter'
[2026-02-10 18:34:43] 📊 Analysis complete: 1213 total, 169 filtered
[2026-02-10 18:34:54] 📊 Analysis complete: 1213 total, 169 filtered
[2026-02-10 18:38:39] 📊 Analysis complete: 1213 total, 169 filtered
[2026-02-11 13:30:34] 🚀 Launching Session 1 - Keyword: 'batter'
[2026-02-11 13:30:44] 🚀 Launching Session 2 - Keyword: 'batter'
[2026-02-11 13:30:54] 🚀 Launching Session 3 - Keyword: 'batter'
[2026-02-11 13:31:04] 🚀 Launching Session 4 - Keyword: 'batter'
[2026-02-11 13:36:56] ✓ Session 1 completed (1/4)
[2026-02-11 13:36:59] ✓ Session 2 completed (2/4)
[2026-02-11 13:37:12] ✓ Session 3 completed (3/4)
[2026-02-11 13:37:22] ✓ Session 4 completed (4/4)
[2026-02-11 13:37:22] ✅ All 4 sessions completed! Starting merge...
[2026-02-11 13:37:22] ============================================================
[2026-02-11 13:37:22] STARTING MERGE & DEDUPLICATION
[2026-02-11 13:37:22] ✓ Loaded Session 1: 5795 rows from gem_all_bids_session1.csv
[2026-02-11 13:37:22]   → End Date: 5795/5795 non-null values
[2026-02-11 13:37:22]   → Sample: 07-02-2026 6:00 PM
[2026-02-11 13:37:22] ✓ Loaded Session 2: 5795 rows from gem_all_bids_session2.csv
[2026-02-11 13:37:22]   → End Date: 5795/5795 non-null values
[2026-02-11 13:37:22]   → Sample: 07-02-2026 6:00 PM
[2026-02-11 13:37:22] ✓ Loaded Session 3: 5802 rows from gem_all_bids_session3.csv
[2026-02-11 13:37:22]   → End Date: 5802/5802 non-null values
[2026-02-11 13:37:22]   → Sample: 07-02-2026 6:00 PM
[2026-02-11 13:37:22] ✓ Loaded Session 4: 5787 rows from gem_all_bids_session4.csv
[2026-02-11 13:37:22]   → End Date: 5787/5787 non-null values
[2026-02-11 13:37:22]   → Sample: 07-02-2026 6:00 PM
[2026-02-11 13:37:22] 📊 Total rows before deduplication: 23179
[2026-02-11 13:37:22] 📊 End Date after concat: 23179/23179 non-null values
[2026-02-11 13:37:22] 📊 Sample End Dates: ['07-02-2026 6:00 PM', '07-02-2026 6:00 PM', '07-02-2026 6:00 PM']
[2026-02-11 13:37:22] ⚠️  Warning: 23179 End Dates failed to parse
[2026-02-11 13:37:22]    Failed samples: ['07-02-2026 6:00 PM', '07-02-2026 6:00 PM', '07-02-2026 6:00 PM', '07-02-2026 6:00 PM', '07-02-2026 6:00 PM']
[2026-02-11 13:37:22] 🔄 Applying deduplication logic...
[2026-02-11 13:37:22] ✓ Rows after deduplication: 1344
[2026-02-11 13:37:22] 🗑️  Removed 21835 duplicate rows
[2026-02-11 13:37:22] ✅ Final End Date check: 1344/1344 non-null values
[2026-02-11 13:37:22] ✅ Sample final End Dates: ['10-02-2026 12:00 PM', '11-02-2026 11:00 AM', '12-02-2026 4:00 PM']
[2026-02-11 13:37:22] ✓ Saved master CSV: E:\GeM Portal Scraper\data\gem_all_bids.csv
[2026-02-11 13:37:22] ✓ Total unique bids saved: 1344
[2026-02-11 13:37:22] MERGE & DEDUPLICATION COMPLETED
[2026-02-11 13:37:22] ============================================================
[2026-02-11 13:37:22] 🎉 EXTRACTION COMPLETE - All sessions merged and deduplicated
[2026-02-11 13:37:34] 📊 Analysis complete: 1344 total, 186 filtered
[2026-02-11 14:17:42] 📊 Analysis complete: 1344 total, 186 filtered
[2026-02-11 15:40:16] 📊 Analysis complete: 1344 total, 186 filtered
[2026-02-11 15:44:54] ✓ Saved 1 checked bids
[2026-02-11 15:44:54] ✓ Saved 2 checked bids
[2026-02-11 15:44:54] ✓ Saved 3 checked bids
[2026-02-11 15:44:54] ✓ Saved 4 checked bids
[2026-02-11 15:44:54] ✓ Saved 5 checked bids
[2026-02-11 15:44:54] ✓ Saved 6 checked bids
[2026-02-11 15:44:54] ✓ Saved 7 checked bids
[2026-02-11 15:44:54] ✓ Saved 8 checked bids
[2026-02-11 15:44:54] ✓ Saved 9 checked bids
[2026-02-11 15:44:54] ✓ Saved 10 checked bids
[2026-02-11 15:44:54] ✓ Saved 11 checked bids
[2026-02-11 15:44:54] ✓ Saved 12 checked bids
[2026-02-11 15:44:54] ✓ Saved 13 checked bids
[2026-02-11 15:44:54] ✓ Saved 14 checked bids
[2026-02-11 15:44:54] ✓ Saved 15 checked bids
[2026-02-11 15:44:54] ✓ Saved 16 checked bids
[2026-02-11 15:44:54] ✓ Saved 17 checked bids
[2026-02-11 15:44:54] ✓ Saved 18 checked bids
[2026-02-11 15:44:54] ✓ Saved 19 checked bids
[2026-02-11 15:44:54] ✓ Saved 20 checked bids
[2026-02-11 15:44:54] ✓ Saved 21 checked bids
[2026-02-11 15:44:54] ✓ Saved 22 checked bids
[2026-02-11 15:44:54] ✓ Saved 23 checked bids
[2026-02-11 15:44:55] ✓ Saved 24 checked bids
[2026-02-11 15:44:55] ✓ Saved 25 checked bids
[2026-02-11 15:44:55] ✓ Saved 26 checked bids
[2026-02-11 15:44:55] ✓ Saved 27 checked bids
[2026-02-11 15:44:55] ✓ Saved 28 checked bids
[2026-02-11 15:44:55] ✓ Saved 29 checked bids
[2026-02-11 15:44:55] ✓ Saved 30 checked bids
[2026-02-11 15:44:55] ✓ Saved 31 checked bids
[2026-02-11 15:44:55] ✓ Saved 32 checked bids
[2026-02-11 15:44:55] ✓ Saved 33 checked bids
[2026-02-11 15:44:55] ✓ Saved 34 checked bids
[2026-02-11 15:44:55] ✓ Saved 35 checked bids
[2026-02-11 15:44:55] ✓ Saved 36 checked bids
[2026-02-11 15:44:55] ✓ Saved 37 checked bids
[2026-02-11 15:44:55] ✓ Saved 38 checked bids
[2026-02-11 15:44:55] ✓ Saved 39 checked bids
[2026-02-11 15:44:55] ✓ Saved 40 checked bids
[2026-02-11 15:44:55] ✓ Saved 41 checked bids
[2026-02-11 15:44:55] ✓ Saved 42 checked bids
[2026-02-11 15:44:55] ✓ Saved 43 checked bids
[2026-02-11 15:44:55] ✓ Saved 44 checked bids
[2026-02-11 15:44:55] ✓ Saved 45 checked bids
[2026-02-11 15:44:55] ✓ Saved 46 checked bids
[2026-02-11 15:44:55] ✓ Saved 47 checked bids
[2026-02-11 15:44:55] ✓ Saved 48 checked bids
[2026-02-11 15:44:55] ✓ Saved 49 checked bids
[2026-02-11 15:44:55] ✓ Saved 50 checked bids
[2026-02-11 15:44:55] ✓ Saved 51 checked bids
[2026-02-11 15:44:55] ✓ Saved 52 checked bids
[2026-02-11 15:44:55] ✓ Saved 53 checked bids
[2026-02-11 15:44:55] ✓ Saved 54 checked bids
[2026-02-11 15:44:55] ✓ Saved 55 checked bids
[2026-02-11 15:44:55] ✓ Saved 56 checked bids
[2026-02-11 15:44:55] ✓ Saved 57 checked bids
[2026-02-11 15:44:55] ✓ Saved 58 checked bids
[2026-02-11 15:44:55] ✓ Saved 59 checked bids
[2026-02-11 15:44:55] ✓ Saved 60 checked bids
[2026-02-11 15:44:55] ✓ Saved 61 checked bids
[2026-02-11 15:44:55] ✓ Saved 62 checked bids
[2026-02-11 15:44:55] ✓ Saved 63 checked bids
[2026-02-11 15:44:55] ✓ Saved 64 checked bids
[2026-02-11 15:44:55] ✓ Saved 65 checked bids
[2026-02-11 15:44:55] ✓ Saved 66 checked bids
[2026-02-11 15:44:55] ✓ Saved 67 checked bids
[2026-02-11 15:44:55] ✓ Saved 68 checked bids
[2026-02-11 15:44:55] ✓ Saved 69 checked bids
[2026-02-11 15:44:55] ✓ Saved 70 checked bids
[2026-02-11 15:44:55] ✓ Saved 71 checked bids
[2026-02-11 15:44:55] ✓ Saved 72 checked bids
[2026-02-11 15:44:55] ✓ Saved 73 checked bids
[2026-02-11 15:44:55] ✓ Saved 74 checked bids
[2026-02-11 15:44:55] ✓ Saved 75 checked bids
[2026-02-11 15:44:55] ✓ Saved 76 checked bids
[2026-02-11 15:44:55] ✓ Saved 77 checked bids
[2026-02-11 15:44:55] ✓ Saved 78 checked bids
[2026-02-11 15:44:55] ✓ Saved 79 checked bids
[2026-02-11 15:44:55] ✓ Saved 80 checked bids
[2026-02-11 15:44:55] ✓ Saved 81 checked bids
[2026-02-11 15:44:55] ✓ Saved 82 checked bids
[2026-02-11 15:44:55] ✓ Saved 83 checked bids
[2026-02-11 15:44:55] ✓ Saved 84 checked bids
[2026-02-11 15:44:55] ✓ Saved 85 checked bids
[2026-02-11 15:44:55] ✓ Saved 86 checked bids
[2026-02-11 15:44:55] ✓ Saved 87 checked bids
[2026-02-11 15:44:55] ✓ Saved 88 checked bids
[2026-02-11 15:44:55] ✓ Saved 89 checked bids
[2026-02-11 15:44:55] ✓ Saved 90 checked bids
[2026-02-11 15:44:55] ✓ Saved 91 checked bids
[2026-02-11 15:44:55] ✓ Saved 92 checked bids
[2026-02-11 15:44:55] ✓ Saved 93 checked bids
[2026-02-11 15:44:55] ✓ Saved 94 checked bids
[2026-02-11 15:44:55] ✓ Saved 95 checked bids
[2026-02-11 15:44:55] ✓ Saved 96 checked bids
[2026-02-11 15:44:55] ✓ Saved 97 checked bids
[2026-02-11 15:44:55] ✓ Saved 98 checked bids
[2026-02-11 15:44:55] ✓ Saved 99 checked bids
[2026-02-11 15:44:55] ✓ Saved 100 checked bids
[2026-02-11 15:44:55] ✓ Saved 101 checked bids
[2026-02-11 15:44:55] ✓ Saved 102 checked bids
[2026-02-11 15:44:55] ✓ Saved 103 checked bids
[2026-02-11 15:44:55] ✓ Saved 104 checked bids
[2026-02-11 15:44:55] ✓ Saved 105 checked bids
[2026-02-11 15:44:55] ✓ Saved 106 checked bids
[2026-02-11 15:44:55] ✓ Saved 107 checked bids
[2026-02-11 15:44:55] ✓ Saved 108 checked bids
[2026-02-11 15:44:55] ✓ Saved 109 checked bids
[2026-02-11 15:44:55] ✓ Saved 110 checked bids
[2026-02-11 15:44:55] ✓ Saved 111 checked bids
[2026-02-11 15:44:55] ✓ Saved 112 checked bids
[2026-02-11 15:44:55] ✓ Saved 113 checked bids
[2026-02-11 15:44:55] ✓ Saved 114 checked bids
[2026-02-11 15:44:55] ✓ Saved 115 checked bids
[2026-02-11 15:44:55] ✓ Saved 116 checked bids
[2026-02-11 15:44:55] ✓ Saved 117 checked bids
[2026-02-11 15:44:55] ✓ Saved 118 checked bids
[2026-02-11 15:44:55] ✓ Saved 119 checked bids
[2026-02-11 15:44:55] ✓ Saved 120 checked bids
[2026-02-11 15:44:55] ✓ Saved 121 checked bids
[2026-02-11 15:44:55] ✓ Saved 122 checked bids
[2026-02-11 15:44:55] ✓ Saved 123 checked bids
[2026-02-11 15:44:55] ✓ Saved 124 checked bids
[2026-02-11 15:44:55] ✓ Saved 125 checked bids
[2026-02-11 15:44:55] ✓ Saved 126 checked bids
[2026-02-11 15:44:55] ✓ Saved 127 checked bids
[2026-02-11 15:44:55] ✓ Saved 128 checked bids
[2026-02-11 15:44:55] ✓ Saved 129 checked bids
[2026-02-11 15:44:55] ✓ Saved 130 checked bids
[2026-02-11 15:44:55] ✓ Saved 131 checked bids
[2026-02-11 15:44:55] ✓ Saved 132 checked bids
[2026-02-11 15:44:55] ✓ Saved 133 checked bids
[2026-02-11 15:44:55] ✓ Saved 134 checked bids
[2026-02-11 15:44:55] ✓ Saved 135 checked bids
[2026-02-11 15:44:55] ✓ Saved 136 checked bids
[2026-02-11 15:44:55] ✓ Saved 137 checked bids
[2026-02-11 15:44:55] ✓ Saved 138 checked bids
[2026-02-11 15:44:55] ✓ Saved 139 checked bids
[2026-02-11 15:44:55] ✓ Saved 140 checked bids
[2026-02-11 15:44:55] ✓ Saved 141 checked bids
[2026-02-11 15:44:55] ✓ Saved 142 checked bids
[2026-02-11 15:44:55] ✓ Saved 143 checked bids
[2026-02-11 15:44:55] ✓ Saved 144 checked bids
[2026-02-11 15:44:55] ✓ Saved 145 checked bids
[2026-02-11 15:44:55] ✓ Saved 146 checked bids
[2026-02-11 15:44:55] ✓ Saved 147 checked bids
[2026-02-11 15:44:55] ✓ Saved 148 checked bids
[2026-02-11 15:44:55] ✓ Saved 149 checked bids
[2026-02-11 15:44:55] ✓ Saved 150 checked bids
[2026-02-11 15:44:55] ✓ Saved 151 checked bids
[2026-02-11 15:44:55] ✓ Saved 152 checked bids
[2026-02-11 15:44:55] ✓ Saved 153 checked bids
[2026-02-11 15:44:55] ✓ Saved 154 checked bids
[2026-02-11 15:44:55] ✓ Saved 155 checked bids
[2026-02-11 15:44:55] ✓ Saved 156 checked bids
[2026-02-11 15:44:55] ✓ Saved 157 checked bids
[2026-02-11 15:44:55] ✓ Saved 158 checked bids
[2026-02-11 15:44:55] ✓ Saved 159 checked bids
[2026-02-11 15:44:55] ✓ Saved 160 checked bids
[2026-02-11 15:44:55] ✓ Saved 161 checked bids
[2026-02-11 15:44:55] ✓ Saved 162 checked bids
[2026-02-11 15:44:55] ✓ Saved 163 checked bids
[2026-02-11 15:44:55] ✓ Saved 164 checked bids
[2026-02-11 15:44:55] ✓ Saved 165 checked bids
[2026-02-11 15:44:55] ✓ Saved 166 checked bids
[2026-02-11 15:44:55] ✓ Saved 167 checked bids
[2026-02-11 15:44:55] ✓ Saved 168 checked bids
[2026-02-11 15:44:55] ✓ Saved 169 checked bids
[2026-02-11 15:44:55] ✓ Saved 170 checked bids
[2026-02-11 15:44:55] ✓ Saved 171 checked bids
[2026-02-11 15:44:55] ✓ Saved 172 checked bids
[2026-02-11 15:44:55] ✓ Saved 173 checked bids
[2026-02-11 15:44:55] ✓ Saved 174 checked bids
[2026-02-11 15:44:55] ✓ Saved 175 checked bids
[2026-02-11 15:44:55] ✓ Saved 176 checked bids
[2026-02-11 15:44:55] ✓ Saved 177 checked bids
[2026-02-11 15:44:55] ✓ Saved 178 checked bids
[2026-02-11 15:44:55] ✓ Saved 179 checked bids
[2026-02-11 15:44:55] ✓ Saved 180 checked bids
[2026-02-11 15:44:55] ✓ Saved 181 checked bids
[2026-02-11 15:44:55] ✓ Saved 182 checked bids
[2026-02-11 15:44:55] ✓ Saved 183 checked bids
[2026-02-11 15:44:55] ✓ Saved 184 checked bids
[2026-02-11 15:44:55] ✓ Saved 185 checked bids
[2026-02-11 15:44:55] ✓ Saved 186 checked bids
[2026-02-11 15:48:24] 🚀 Launching Session 1 - Keyword: 'batter'
[2026-02-11 15:48:34] 🚀 Launching Session 2 - Keyword: 'batter'
[2026-02-11 15:48:44] 🚀 Launching Session 3 - Keyword: 'batter'
[2026-02-11 15:48:54] 🚀 Launching Session 4 - Keyword: 'batter'
[2026-02-11 15:52:44] ✓ Session 3 completed (1/4)
[2026-02-11 15:52:52] ✓ Session 4 completed (2/4)
[2026-02-11 15:53:31] ✓ Session 2 completed (3/4)
[2026-02-11 15:55:14] ✓ Session 1 completed (4/4)
[2026-02-11 15:55:14] ✅ All 4 sessions completed! Starting merge...
[2026-02-11 15:55:14] ============================================================
[2026-02-11 15:55:14] STARTING MERGE & DEDUPLICATION
[2026-02-11 15:55:14] ✓ Loaded Session 1: 6809 rows from gem_all_bids_session1.csv
[2026-02-11 15:55:14]   → End Date: 6809/6809 non-null values
[2026-02-11 15:55:14]   → Sample: 07-02-2026 6:00 PM
[2026-02-11 15:55:14] ✓ Loaded Session 2: 6794 rows from gem_all_bids_session2.csv
[2026-02-11 15:55:14]   → End Date: 6794/6794 non-null values
[2026-02-11 15:55:14]   → Sample: 07-02-2026 6:00 PM
[2026-02-11 15:55:14] ✓ Loaded Session 3: 6813 rows from gem_all_bids_session3.csv
[2026-02-11 15:55:14]   → End Date: 6813/6813 non-null values
[2026-02-11 15:55:14]   → Sample: 07-02-2026 6:00 PM
[2026-02-11 15:55:14] ✓ Loaded Session 4: 6796 rows from gem_all_bids_session4.csv
[2026-02-11 15:55:14]   → End Date: 6796/6796 non-null values
[2026-02-11 15:55:14]   → Sample: 07-02-2026 6:00 PM
[2026-02-11 15:55:14] 📊 Total rows before deduplication: 27212
[2026-02-11 15:55:14] 📊 End Date after concat: 27212/27212 non-null values
[2026-02-11 15:55:14] 📊 Sample End Dates: ['07-02-2026 6:00 PM', '07-02-2026 6:00 PM', '07-02-2026 6:00 PM']
[2026-02-11 15:55:14] ⚠️  Warning: 27212 End Dates failed to parse
[2026-02-11 15:55:14]    Failed samples: ['07-02-2026 6:00 PM', '07-02-2026 6:00 PM', '07-02-2026 6:00 PM', '07-02-2026 6:00 PM', '07-02-2026 6:00 PM']
[2026-02-11 15:55:14] 🔄 Applying deduplication logic...
[2026-02-11 15:55:15] ✓ Rows after deduplication: 1362
[2026-02-11 15:55:15] 🗑️  Removed 25850 duplicate rows
[2026-02-11 15:55:15] ✅ Final End Date check: 1362/1362 non-null values
[2026-02-11 15:55:15] ✅ Sample final End Dates: ['10-02-2026 12:00 PM', '11-02-2026 11:00 AM', '12-02-2026 4:00 PM']
[2026-02-11 15:55:15] ✓ Saved master CSV: E:\GeM Portal Scraper\data\gem_all_bids.csv
[2026-02-11 15:55:15] ✓ Total unique bids saved: 1362
[2026-02-11 15:55:15] MERGE & DEDUPLICATION COMPLETED
[2026-02-11 15:55:15] ============================================================
[2026-02-11 15:55:15] 🎉 EXTRACTION COMPLETE - All sessions merged and deduplicated
[2026-02-11 15:55:48] 📊 Analysis complete: 1362 total, 190 filtered
[2026-02-11 15:58:08] 📊 Analysis complete: 1362 total, 190 filtered
[2026-02-11 16:05:50] ✓ Saved 1 checked bids
[2026-02-11 16:05:50] ✓ Saved 2 checked bids
[2026-02-11 16:05:50] ✓ Saved 3 checked bids
[2026-02-11 16:05:50] ✓ Saved 4 checked bids
[2026-02-11 16:05:50] ✓ Saved 5 checked bids
[2026-02-11 16:06:20] 📊 Analysis complete: 1362 total, 190 filtered
[2026-02-11 16:09:36] ✓ Saved 1 checked bids
[2026-02-11 16:09:36] ✓ Saved 2 checked bids
[2026-02-11 16:09:36] ✓ Saved 3 checked bids
[2026-02-11 16:09:36] ✓ Saved 4 checked bids
[2026-02-11 16:09:36] ✓ Saved 5 checked bids
[2026-02-11 16:09:36] ✓ Saved 6 checked bids
[2026-02-11 16:09:36] ✓ Saved 7 checked bids
[2026-02-11 16:09:36] ✓ Saved 8 checked bids
[2026-02-11 16:09:36] ✓ Saved 9 checked bids
[2026-02-11 16:09:36] ✓ Saved 10 checked bids
[2026-02-11 16:09:36] ✓ Saved 11 checked bids
[2026-02-11 16:09:36] ✓ Saved 12 checked bids
[2026-02-11 16:19:35] ✓ Saved 13 checked bids
[2026-02-11 16:19:35] ✓ Saved 14 checked bids
[2026-02-11 16:19:35] ✓ Saved 15 checked bids
[2026-02-11 16:19:35] ✓ Saved 16 checked bids
[2026-02-11 16:19:35] ✓ Saved 17 checked bids
[2026-02-11 16:29:27] ✓ Saved 18 checked bids
[2026-02-11 16:29:27] ✓ Saved 19 checked bids
[2026-02-11 16:29:27] ✓ Saved 20 checked bids
[2026-02-11 16:29:27] ✓ Saved 21 checked bids
[2026-02-11 16:29:27] ✓ Saved 22 checked bids
[2026-02-11 16:29:27] ✓ Saved 23 checked bids
[2026-02-11 16:29:27] ✓ Saved 24 checked bids
[2026-02-11 16:29:27] ✓ Saved 25 checked bids
[2026-02-11 16:29:27] ✓ Saved 26 checked bids
[2026-02-11 16:29:27] ✓ Saved 27 checked bids
[2026-02-11 16:29:27] ✓ Saved 28 checked bids
[2026-02-11 16:29:27] ✓ Saved 29 checked bids
[2026-02-11 16:29:27] ✓ Saved 30 checked bids
[2026-02-11 16:29:27] ✓ Saved 31 checked bids
[2026-02-11 16:29:27] ✓ Saved 32 checked bids
[2026-02-11 16:29:27] ✓ Saved 33 checked bids
[2026-02-11 16:29:27] ✓ Saved 34 checked bids
[2026-02-11 16:29:27] ✓ Saved 35 checked bids
[2026-02-11 16:29:27] ✓ Saved 36 checked bids
[2026-02-11 16:29:27] ✓ Saved 37 checked bids
[2026-02-11 16:29:27] ✓ Saved 38 checked bids
[2026-02-11 16:29:27] ✓ Saved 39 checked bids
[2026-02-11 16:29:27] ✓ Saved 40 checked bids
[2026-02-11 16:29:27] ✓ Saved 41 checked bids
[2026-02-11 16:29:27] ✓ Saved 42 checked bids
[2026-02-11 16:29:27] ✓ Saved 43 checked bids
[2026-02-11 16:29:27] ✓ Saved 44 checked bids
[2026-02-11 16:29:27] ✓ Saved 45 checked bids
[2026-02-11 16:29:27] ✓ Saved 46 checked bids
[2026-02-11 16:29:27] ✓ Saved 47 checked bids
[2026-02-11 16:29:27] ✓ Saved 48 checked bids
[2026-02-11 16:29:27] ✓ Saved 49 checked bids
[2026-02-11 16:29:27] ✓ Saved 50 checked bids
[2026-02-11 16:29:27] ✓ Saved 51 checked bids
[2026-02-11 16:29:27] ✓ Saved 52 checked bids
[2026-02-11 16:29:27] ✓ Saved 53 checked bids
[2026-02-11 16:29:27] ✓ Saved 54 checked bids
[2026-02-11 16:29:27] ✓ Saved 55 checked bids
[2026-02-11 16:29:27] ✓ Saved 56 checked bids
[2026-02-11 16:29:27] ✓ Saved 57 checked bids
[2026-02-11 16:29:27] ✓ Saved 58 checked bids
[2026-02-11 16:29:27] ✓ Saved 59 checked bids
[2026-02-11 16:29:27] ✓ Saved 60 checked bids
[2026-02-11 16:29:27] ✓ Saved 61 checked bids
[2026-02-11 16:29:27] ✓ Saved 62 checked bids
[2026-02-11 16:29:27] ✓ Saved 63 checked bids
[2026-02-11 16:29:27] ✓ Saved 64 checked bids
[2026-02-11 16:29:27] ✓ Saved 65 checked bids
[2026-02-11 16:29:27] ✓ Saved 66 checked bids
[2026-02-11 16:29:27] ✓ Saved 67 checked bids
[2026-02-11 16:29:27] ✓ Saved 68 checked bids
[2026-02-11 16:29:27] ✓ Saved 69 checked bids
[2026-02-11 16:29:27] ✓ Saved 70 checked bids
[2026-02-11 16:29:27] ✓ Saved 71 checked bids
[2026-02-11 16:29:27] ✓ Saved 72 checked bids
[2026-02-11 16:29:27] ✓ Saved 73 checked bids
[2026-02-11 16:29:27] ✓ Saved 74 checked bids
[2026-02-11 16:29:27] ✓ Saved 75 checked bids
[2026-02-11 16:29:27] ✓ Saved 76 checked bids
[2026-02-11 16:29:27] ✓ Saved 77 checked bids
[2026-02-11 16:29:27] ✓ Saved 78 checked bids
[2026-02-11 16:29:27] ✓ Saved 79 checked bids
[2026-02-11 16:29:27] ✓ Saved 80 checked bids
[2026-02-11 16:29:27] ✓ Saved 81 checked bids
[2026-02-11 16:29:27] ✓ Saved 82 checked bids
[2026-02-11 16:29:27] ✓ Saved 83 checked bids
[2026-02-11 16:29:27] ✓ Saved 84 checked bids
[2026-02-11 16:29:27] ✓ Saved 85 checked bids
[2026-02-11 16:29:27] ✓ Saved 86 checked bids
[2026-02-11 16:29:27] ✓ Saved 87 checked bids
[2026-02-11 16:29:27] ✓ Saved 88 checked bids
[2026-02-11 16:29:27] ✓ Saved 89 checked bids
[2026-02-11 16:29:27] ✓ Saved 90 checked bids
[2026-02-11 16:29:27] ✓ Saved 91 checked bids
[2026-02-11 16:29:27] ✓ Saved 92 checked bids
[2026-02-11 16:29:27] ✓ Saved 93 checked bids
[2026-02-11 16:29:27] ✓ Saved 94 checked bids
[2026-02-11 16:29:27] ✓ Saved 95 checked bids
[2026-02-11 16:29:27] ✓ Saved 96 checked bids
[2026-02-11 16:29:27] ✓ Saved 97 checked bids
[2026-02-11 16:29:27] ✓ Saved 98 checked bids
[2026-02-11 16:29:27] ✓ Saved 99 checked bids
[2026-02-11 16:29:27] ✓ Saved 100 checked bids
[2026-02-11 16:29:27] ✓ Saved 101 checked bids
[2026-02-11 16:29:27] ✓ Saved 102 checked bids
[2026-02-11 16:29:27] ✓ Saved 103 checked bids
[2026-02-11 16:29:27] ✓ Saved 104 checked bids
[2026-02-11 16:29:27] ✓ Saved 105 checked bids
[2026-02-11 16:29:27] ✓ Saved 106 checked bids
[2026-02-11 16:29:27] ✓ Saved 107 checked bids
[2026-02-11 16:29:27] ✓ Saved 108 checked bids
[2026-02-11 16:29:27] ✓ Saved 109 checked bids
[2026-02-11 16:29:27] ✓ Saved 110 checked bids
[2026-02-11 16:29:27] ✓ Saved 111 checked bids
[2026-02-11 16:29:27] ✓ Saved 112 checked bids
[2026-02-11 16:29:27] ✓ Saved 113 checked bids
[2026-02-11 16:29:27] ✓ Saved 114 checked bids
[2026-02-11 16:29:27] ✓ Saved 115 checked bids
[2026-02-11 16:29:27] ✓ Saved 116 checked bids
[2026-02-11 16:29:27] ✓ Saved 117 checked bids
[2026-02-11 16:29:27] ✓ Saved 118 checked bids
[2026-02-11 16:29:27] ✓ Saved 119 checked bids
[2026-02-11 16:29:27] ✓ Saved 120 checked bids
[2026-02-11 16:29:27] ✓ Saved 121 checked bids
[2026-02-11 16:29:27] ✓ Saved 122 checked bids
[2026-02-11 16:29:27] ✓ Saved 123 checked bids
[2026-02-11 16:29:27] ✓ Saved 124 checked bids
[2026-02-11 16:29:27] ✓ Saved 125 checked bids
[2026-02-11 16:34:14] ✓ Saved 125 checked bids
[2026-02-11 16:34:14] ✓ Saved 125 checked bids
[2026-02-11 16:34:14] ✓ Saved 125 checked bids
[2026-02-11 16:34:14] ✓ Saved 125 checked bids
[2026-02-11 16:34:14] ✓ Saved 125 checked bids
[2026-02-11 16:34:14] ✓ Saved 125 checked bids
[2026-02-11 16:34:14] ✓ Saved 125 checked bids
[2026-02-11 16:34:14] ✓ Saved 125 checked bids
[2026-02-11 16:34:14] ✓ Saved 125 checked bids
[2026-02-11 16:34:14] ✓ Saved 125 checked bids
[2026-02-11 16:34:14] ✓ Saved 125 checked bids
[2026-02-11 16:34:14] ✓ Saved 125 checked bids
[2026-02-11 16:34:14] ✓ Saved 125 checked bids
[2026-02-11 16:34:14] ✓ Saved 125 checked bids
[2026-02-11 16:34:14] ✓ Saved 125 checked bids
[2026-02-11 16:34:14] ✓ Saved 125 checked bids
[2026-02-11 16:34:14] ✓ Saved 125 checked bids
[2026-02-11 16:34:14] ✓ Saved 125 checked bids
[2026-02-11 16:34:14] ✓ Saved 125 checked bids
[2026-02-11 16:34:14] ✓ Saved 125 checked bids
[2026-02-11 16:34:14] ✓ Saved 125 checked bids
[2026-02-11 16:34:14] ✓ Saved 125 checked bids
[2026-02-11 16:34:14] ✓ Saved 125 checked bids
[2026-02-11 16:34:14] ✓ Saved 125 checked bids
[2026-02-11 16:34:14] ✓ Saved 125 checked bids
[2026-02-11 16:34:14] ✓ Saved 125 checked bids
[2026-02-11 16:34:14] ✓ Saved 125 checked bids
[2026-02-11 16:34:14] ✓ Saved 125 checked bids
[2026-02-11 16:34:14] ✓ Saved 125 checked bids
[2026-02-11 16:34:14] ✓ Saved 125 checked bids
[2026-02-11 16:34:14] ✓ Saved 125 checked bids
[2026-02-11 16:34:14] ✓ Saved 125 checked bids
[2026-02-11 16:34:14] ✓ Saved 125 checked bids
[2026-02-11 16:34:14] ✓ Saved 125 checked bids
[2026-02-11 16:34:14] ✓ Saved 125 checked bids
[2026-02-11 16:34:14] ✓ Saved 125 checked bids
[2026-02-11 16:34:14] ✓ Saved 125 checked bids
[2026-02-11 16:34:14] ✓ Saved 125 checked bids
[2026-02-11 16:34:14] ✓ Saved 125 checked bids
[2026-02-11 16:34:14] ✓ Saved 125 checked bids
[2026-02-11 16:34:14] ✓ Saved 125 checked bids
[2026-02-11 16:34:14] ✓ Saved 125 checked bids
[2026-02-11 16:34:14] ✓ Saved 125 checked bids
[2026-02-11 16:34:14] ✓ Saved 125 checked bids
[2026-02-11 16:34:14] ✓ Saved 125 checked bids
[2026-02-11 16:34:14] ✓ Saved 125 checked bids
[2026-02-11 16:34:14] ✓ Saved 125 checked bids
[2026-02-11 16:34:14] ✓ Saved 125 checked bids
[2026-02-11 16:34:14] ✓ Saved 125 checked bids
[2026-02-11 16:34:14] ✓ Saved 125 checked bids
[2026-02-11 16:34:14] ✓ Saved 125 checked bids
[2026-02-11 16:34:14] ✓ Saved 125 checked bids
[2026-02-11 16:34:14] ✓ Saved 125 checked bids
[2026-02-11 16:34:14] ✓ Saved 125 checked bids
[2026-02-11 16:34:14] ✓ Saved 125 checked bids
[2026-02-11 16:34:14] ✓ Saved 125 checked bids
[2026-02-11 16:34:14] ✓ Saved 125 checked bids
[2026-02-11 16:34:14] ✓ Saved 125 checked bids
[2026-02-11 16:34:14] ✓ Saved 125 checked bids
[2026-02-11 16:34:14] ✓ Saved 125 checked bids
[2026-02-11 16:34:14] ✓ Saved 125 checked bids
[2026-02-11 16:34:14] ✓ Saved 125 checked bids
[2026-02-11 16:34:14] ✓ Saved 125 checked bids
[2026-02-11 16:34:14] ✓ Saved 125 checked bids
[2026-02-11 16:34:14] ✓ Saved 125 checked bids
[2026-02-11 16:34:14] ✓ Saved 125 checked bids
[2026-02-11 16:34:14] ✓ Saved 125 checked bids
[2026-02-11 16:34:14] ✓ Saved 125 checked bids
[2026-02-11 16:34:14] ✓ Saved 125 checked bids
[2026-02-11 16:34:14] ✓ Saved 125 checked bids
[2026-02-11 16:34:14] ✓ Saved 125 checked bids
[2026-02-11 16:34:14] ✓ Saved 125 checked bids
[2026-02-11 16:34:14] ✓ Saved 125 checked bids
[2026-02-11 16:34:14] ✓ Saved 125 checked bids
[2026-02-11 16:34:14] ✓ Saved 125 checked bids
[2026-02-11 16:34:14] ✓ Saved 125 checked bids
[2026-02-11 16:34:14] ✓ Saved 125 checked bids
[2026-02-11 16:34:14] ✓ Saved 125 checked bids
[2026-02-11 16:34:14] ✓ Saved 125 checked bids
[2026-02-11 16:34:14] ✓ Saved 125 checked bids
[2026-02-11 16:34:14] ✓ Saved 125 checked bids
[2026-02-11 16:34:14] ✓ Saved 125 checked bids
[2026-02-11 16:34:14] ✓ Saved 125 checked bids
[2026-02-11 16:34:14] ✓ Saved 125 checked bids
[2026-02-11 16:34:14] ✓ Saved 125 checked bids
[2026-02-11 16:34:14] ✓ Saved 125 checked bids
[2026-02-11 16:34:14] ✓ Saved 125 checked bids
[2026-02-11 16:34:14] ✓ Saved 125 checked bids
[2026-02-11 16:34:14] ✓ Saved 125 checked bids
[2026-02-11 16:34:14] ✓ Saved 125 checked bids
[2026-02-11 16:34:14] ✓ Saved 125 checked bids
[2026-02-11 16:34:14] ✓ Saved 125 checked bids
[2026-02-11 16:34:14] ✓ Saved 125 checked bids
[2026-02-11 16:34:14] ✓ Saved 125 checked bids
[2026-02-11 16:34:14] ✓ Saved 125 checked bids
[2026-02-11 16:34:14] ✓ Saved 125 checked bids
[2026-02-11 16:34:14] ✓ Saved 125 checked bids
[2026-02-11 16:34:14] ✓ Saved 125 checked bids
[2026-02-11 16:34:14] ✓ Saved 125 checked bids
[2026-02-11 16:34:14] ✓ Saved 125 checked bids
[2026-02-11 16:34:14] ✓ Saved 125 checked bids
[2026-02-11 16:34:14] ✓ Saved 125 checked bids
[2026-02-11 16:34:14] ✓ Saved 125 checked bids
[2026-02-11 16:34:14] ✓ Saved 125 checked bids
[2026-02-11 16:34:14] ✓ Saved 125 checked bids
[2026-02-11 16:34:14] ✓ Saved 125 checked bids
[2026-02-11 16:34:14] ✓ Saved 125 checked bids
[2026-02-11 16:34:14] ✓ Saved 125 checked bids
[2026-02-11 16:50:54] ✓ Saved 126 checked bids
[2026-02-11 16:50:54] ✓ Saved 127 checked bids
[2026-02-11 16:50:54] ✓ Saved 128 checked bids
[2026-02-11 16:50:54] ✓ Saved 129 checked bids
[2026-02-11 16:50:54] ✓ Saved 130 checked bids
[2026-02-11 16:50:54] ✓ Saved 131 checked bids
[2026-02-11 16:50:54] ✓ Saved 132 checked bids
[2026-02-11 16:50:54] ✓ Saved 133 checked bids
[2026-02-11 16:50:54] ✓ Saved 134 checked bids
[2026-02-11 16:50:54] ✓ Saved 135 checked bids
[2026-02-11 16:50:54] ✓ Saved 136 checked bids
[2026-02-11 16:50:54] ✓ Saved 137 checked bids
[2026-02-11 16:50:54] ✓ Saved 138 checked bids
[2026-02-11 16:50:54] ✓ Saved 139 checked bids
[2026-02-11 16:50:54] ✓ Saved 140 checked bids
[2026-02-11 16:50:54] ✓ Saved 141 checked bids
[2026-02-11 16:50:54] ✓ Saved 142 checked bids
[2026-02-11 16:50:54] ✓ Saved 143 checked bids
[2026-02-11 16:50:54] ✓ Saved 144 checked bids
[2026-02-11 16:50:54] ✓ Saved 145 checked bids
[2026-02-11 16:50:54] ✓ Saved 146 checked bids
[2026-02-11 16:50:54] ✓ Saved 147 checked bids
[2026-02-11 16:50:54] ✓ Saved 148 checked bids
[2026-02-11 16:50:54] ✓ Saved 149 checked bids
[2026-02-11 16:50:54] ✓ Saved 150 checked bids
[2026-02-11 16:50:54] ✓ Saved 151 checked bids
[2026-02-11 16:50:54] ✓ Saved 152 checked bids
[2026-02-11 16:50:54] ✓ Saved 153 checked bids
[2026-02-11 16:50:54] ✓ Saved 154 checked bids
[2026-02-11 16:50:54] ✓ Saved 155 checked bids
[2026-02-11 16:50:54] ✓ Saved 156 checked bids
[2026-02-11 16:50:54] ✓ Saved 157 checked bids
[2026-02-11 16:50:54] ✓ Saved 158 checked bids
[2026-02-11 16:50:54] ✓ Saved 159 checked bids
[2026-02-11 16:50:54] ✓ Saved 160 checked bids
[2026-02-11 16:51:40] ✓ Saved 161 checked bids
[2026-02-11 16:51:40] ✓ Saved 162 checked bids
[2026-02-11 16:51:40] ✓ Saved 163 checked bids
[2026-02-11 16:51:40] ✓ Saved 164 checked bids
[2026-02-11 16:51:40] ✓ Saved 165 checked bids
[2026-02-11 16:51:40] ✓ Saved 166 checked bids
[2026-02-11 16:51:40] ✓ Saved 167 checked bids
[2026-02-11 16:51:41] ✓ Saved 168 checked bids
[2026-02-11 16:51:41] ✓ Saved 169 checked bids
[2026-02-11 16:51:41] ✓ Saved 170 checked bids
[2026-02-11 16:51:41] ✓ Saved 171 checked bids
[2026-02-11 16:51:41] ✓ Saved 172 checked bids
[2026-02-11 16:51:41] ✓ Saved 173 checked bids
[2026-02-11 16:51:41] ✓ Saved 174 checked bids
[2026-02-11 16:51:41] ✓ Saved 175 checked bids
[2026-02-11 16:51:41] ✓ Saved 176 checked bids
[2026-02-11 16:51:41] ✓ Saved 177 checked bids
[2026-02-11 16:51:41] ✓ Saved 178 checked bids
[2026-02-11 16:51:41] ✓ Saved 179 checked bids
[2026-02-11 17:00:29] ✓ Saved 180 checked bids
[2026-02-11 17:00:29] ✓ Saved 181 checked bids
[2026-02-11 17:11:02] ✓ Saved 182 checked bids
[2026-02-11 17:11:02] ✓ Saved 183 checked bids
[2026-02-11 17:11:02] ✓ Saved 184 checked bids
[2026-02-11 17:11:02] ✓ Saved 185 checked bids
[2026-02-11 17:11:02] ✓ Saved 186 checked bids
[2026-02-11 17:15:51] ✓ Saved 187 checked bids
[2026-02-11 17:15:51] ✓ Saved 188 checked bids
[2026-02-11 17:15:51] ✓ Saved 189 checked bids
[2026-02-11 17:15:51] ✓ Saved 190 checked bids
[2026-02-11 18:21:26] 🚀 Launching Session 1 - Keyword: 'batter'
[2026-02-11 18:21:36] 🚀 Launching Session 2 - Keyword: 'batter'
[2026-02-11 18:21:46] 🚀 Launching Session 3 - Keyword: 'batter'
[2026-02-11 18:21:56] 🚀 Launching Session 4 - Keyword: 'batter'
[2026-02-12 14:09:13] 🚀 Launching Session 1 - Keyword: 'batter'
[2026-02-12 14:09:23] 🚀 Launching Session 2 - Keyword: 'batter'
[2026-02-12 14:09:33] 🚀 Launching Session 3 - Keyword: 'batter'
[2026-02-12 14:09:43] 🚀 Launching Session 4 - Keyword: 'batter'
[2026-02-12 14:13:30] ✓ Session 4 completed (1/4)
[2026-02-12 14:14:51] ✓ Session 2 completed (2/4)
[2026-02-12 14:14:52] ✓ Session 3 completed (3/4)
[2026-02-12 14:14:55] ✓ Session 1 completed (4/4)
[2026-02-12 14:14:55] ✅ All 4 sessions completed! Starting merge...
[2026-02-12 14:14:55] ============================================================
[2026-02-12 14:14:55] STARTING MERGE & DEDUPLICATION
[2026-02-12 14:14:55] ✓ Loaded Session 1: 8515 rows from gem_all_bids_session1.csv
[2026-02-12 14:14:55]   → End Date: 8515/8515 non-null values
[2026-02-12 14:14:55]   → Sample: 07-02-2026 6:00 PM
[2026-02-12 14:14:55] ✓ Loaded Session 2: 8452 rows from gem_all_bids_session2.csv
[2026-02-12 14:14:55]   → End Date: 8452/8452 non-null values
[2026-02-12 14:14:55]   → Sample: 07-02-2026 6:00 PM
[2026-02-12 14:14:55] ✓ Loaded Session 3: 8414 rows from gem_all_bids_session3.csv
[2026-02-12 14:14:55]   → End Date: 8414/8414 non-null values
[2026-02-12 14:14:55]   → Sample: 07-02-2026 6:00 PM
[2026-02-12 14:14:55] ✓ Loaded Session 4: 8811 rows from gem_all_bids_session4.csv
[2026-02-12 14:14:55]   → End Date: 8811/8811 non-null values
[2026-02-12 14:14:55]   → Sample: 07-02-2026 6:00 PM
[2026-02-12 14:14:55] 📊 Total rows before deduplication: 34192
[2026-02-12 14:14:55] 📊 End Date after concat: 34192/34192 non-null values
[2026-02-12 14:14:55] 📊 Sample End Dates: ['07-02-2026 6:00 PM', '07-02-2026 6:00 PM', '07-02-2026 6:00 PM']
[2026-02-12 14:14:55] ⚠️  Warning: 34192 End Dates failed to parse
[2026-02-12 14:14:55]    Failed samples: ['07-02-2026 6:00 PM', '07-02-2026 6:00 PM', '07-02-2026 6:00 PM', '07-02-2026 6:00 PM', '07-02-2026 6:00 PM']
[2026-02-12 14:14:55] 🔄 Applying deduplication logic...
[2026-02-12 14:14:56] ✓ Rows after deduplication: 1422
[2026-02-12 14:14:56] 🗑️  Removed 32770 duplicate rows
[2026-02-12 14:14:56] ✅ Final End Date check: 1422/1422 non-null values
[2026-02-12 14:14:56] ✅ Sample final End Dates: ['10-02-2026 12:00 PM', '11-02-2026 11:00 AM', '12-02-2026 4:00 PM']
[2026-02-12 14:14:56] ✓ Saved master CSV: E:\GeM Portal Scraper\data\gem_all_bids.csv
[2026-02-12 14:14:56] ✓ Total unique bids saved: 1422
[2026-02-12 14:14:56] MERGE & DEDUPLICATION COMPLETED
[2026-02-12 14:14:56] ============================================================
[2026-02-12 14:14:56] 🎉 EXTRACTION COMPLETE - All sessions merged and deduplicated
[2026-02-12 14:15:06] 🚀 Launching Session 1 - Keyword: 'batter'
[2026-02-12 14:15:16] 🚀 Launching Session 2 - Keyword: 'batter'
[2026-02-12 14:15:26] 🚀 Launching Session 3 - Keyword: 'batter'
[2026-02-12 14:15:36] 🚀 Launching Session 4 - Keyword: 'batter'
[2026-02-12 14:18:57] ✓ Session 1 completed (1/4)
[2026-02-12 14:19:08] ✓ Session 2 completed (2/4)
[2026-02-12 14:19:18] ✓ Session 3 completed (3/4)
[2026-02-12 14:19:24] ✓ Session 4 completed (4/4)
[2026-02-12 14:19:24] ✅ All 4 sessions completed! Starting merge...
[2026-02-12 14:19:24] ============================================================
[2026-02-12 14:19:24] STARTING MERGE & DEDUPLICATION
[2026-02-12 14:19:24] ✓ Loaded Session 1: 9502 rows from gem_all_bids_session1.csv
[2026-02-12 14:19:24]   → End Date: 9502/9502 non-null values
[2026-02-12 14:19:24]   → Sample: 07-02-2026 6:00 PM
[2026-02-12 14:19:24] ✓ Loaded Session 2: 9438 rows from gem_all_bids_session2.csv
[2026-02-12 14:19:24]   → End Date: 9438/9438 non-null values
[2026-02-12 14:19:24]   → Sample: 07-02-2026 6:00 PM
[2026-02-12 14:19:24] ✓ Loaded Session 3: 9408 rows from gem_all_bids_session3.csv
[2026-02-12 14:19:24]   → End Date: 9408/9408 non-null values
[2026-02-12 14:19:24]   → Sample: 07-02-2026 6:00 PM
[2026-02-12 14:19:24] ✓ Loaded Session 4: 9813 rows from gem_all_bids_session4.csv
[2026-02-12 14:19:24]   → End Date: 9813/9813 non-null values
[2026-02-12 14:19:24]   → Sample: 07-02-2026 6:00 PM
[2026-02-12 14:19:24] 📊 Total rows before deduplication: 38161
[2026-02-12 14:19:24] 📊 End Date after concat: 38161/38161 non-null values
[2026-02-12 14:19:24] 📊 Sample End Dates: ['07-02-2026 6:00 PM', '07-02-2026 6:00 PM', '07-02-2026 6:00 PM']
[2026-02-12 14:19:24] ⚠️  Warning: 38161 End Dates failed to parse
[2026-02-12 14:19:24]    Failed samples: ['07-02-2026 6:00 PM', '07-02-2026 6:00 PM', '07-02-2026 6:00 PM', '07-02-2026 6:00 PM', '07-02-2026 6:00 PM']
[2026-02-12 14:19:24] 🔄 Applying deduplication logic...
[2026-02-12 14:19:25] ✓ Rows after deduplication: 1426
[2026-02-12 14:19:25] 🗑️  Removed 36735 duplicate rows
[2026-02-12 14:19:25] ✅ Final End Date check: 1426/1426 non-null values
[2026-02-12 14:19:25] ✅ Sample final End Dates: ['10-02-2026 12:00 PM', '11-02-2026 11:00 AM', '12-02-2026 4:00 PM']
[2026-02-12 14:19:25] ✓ Saved master CSV: E:\GeM Portal Scraper\data\gem_all_bids.csv
[2026-02-12 14:19:25] ✓ Total unique bids saved: 1426
[2026-02-12 14:19:25] MERGE & DEDUPLICATION COMPLETED
[2026-02-12 14:19:25] ============================================================
[2026-02-12 14:19:25] 🎉 EXTRACTION COMPLETE - All sessions merged and deduplicated
[2026-02-12 14:19:30] 📊 Analysis complete: 1426 total, 198 filtered
[2026-02-12 14:21:43] ✓ Saved 191 checked bids
[2026-02-12 14:21:43] ✓ Saved 192 checked bids
[2026-02-12 14:21:43] ✓ Saved 193 checked bids
[2026-02-12 14:21:43] ✓ Saved 194 checked bids
[2026-02-12 14:21:43] ✓ Saved 195 checked bids
[2026-02-12 14:21:43] ✓ Saved 196 checked bids
[2026-02-12 14:21:43] ✓ Saved 197 checked bids
[2026-02-12 14:21:43] ✓ Saved 198 checked bids
[2026-02-12 14:22:51] 📊 Analysis complete: 1426 total, 198 filtered
[2026-02-12 14:37:25] 🚀 Launching Session 1 - Keyword: 'batter'
[2026-02-12 14:37:35] 🚀 Launching Session 2 - Keyword: 'batter'
[2026-02-12 14:37:45] 🚀 Launching Session 3 - Keyword: 'batter'
[2026-02-12 14:37:55] 🚀 Launching Session 4 - Keyword: 'batter'
[2026-02-12 14:42:56] ✓ Session 1 completed (1/4)
[2026-02-12 14:43:00] ✓ Session 3 completed (2/4)
[2026-02-12 14:43:10] ✓ Session 2 completed (3/4)
[2026-02-12 14:43:47] ✓ Session 4 completed (4/4)
[2026-02-12 14:43:47] ✅ All 4 sessions completed! Starting merge...
[2026-02-12 14:43:47] ============================================================
[2026-02-12 14:43:47] STARTING MERGE & DEDUPLICATION
[2026-02-12 14:43:47] ✓ Loaded Session 1: 10499 rows from gem_all_bids_session1.csv
[2026-02-12 14:43:47]   → End Date: 10499/10499 non-null values
[2026-02-12 14:43:47]   → Sample: 07-02-2026 6:00 PM
[2026-02-12 14:43:48] ✓ Loaded Session 2: 10426 rows from gem_all_bids_session2.csv
[2026-02-12 14:43:48]   → End Date: 10426/10426 non-null values
[2026-02-12 14:43:48]   → Sample: 07-02-2026 6:00 PM
[2026-02-12 14:43:48] ✓ Loaded Session 3: 10401 rows from gem_all_bids_session3.csv
[2026-02-12 14:43:48]   → End Date: 10401/10401 non-null values
[2026-02-12 14:43:48]   → Sample: 07-02-2026 6:00 PM
[2026-02-12 14:43:48] ✓ Loaded Session 4: 10800 rows from gem_all_bids_session4.csv
[2026-02-12 14:43:48]   → End Date: 10800/10800 non-null values
[2026-02-12 14:43:48]   → Sample: 07-02-2026 6:00 PM
[2026-02-12 14:43:48] 📊 Total rows before deduplication: 42126
[2026-02-12 14:43:48] 📊 End Date after concat: 42126/42126 non-null values
[2026-02-12 14:43:48] 📊 Sample End Dates: ['07-02-2026 6:00 PM', '07-02-2026 6:00 PM', '07-02-2026 6:00 PM']
[2026-02-12 14:43:48] ⚠️  Warning: 42126 End Dates failed to parse
[2026-02-12 14:43:48]    Failed samples: ['07-02-2026 6:00 PM', '07-02-2026 6:00 PM', '07-02-2026 6:00 PM', '07-02-2026 6:00 PM', '07-02-2026 6:00 PM']
[2026-02-12 14:43:48] 🔄 Applying deduplication logic...
[2026-02-12 14:43:48] ✓ Rows after deduplication: 1429
[2026-02-12 14:43:48] 🗑️  Removed 40697 duplicate rows
[2026-02-12 14:43:48] ✅ Final End Date check: 1429/1429 non-null values
[2026-02-12 14:43:48] ✅ Sample final End Dates: ['10-02-2026 12:00 PM', '11-02-2026 11:00 AM', '12-02-2026 4:00 PM']
[2026-02-12 14:43:48] ✓ Saved master CSV: E:\GeM Portal Scraper\data\gem_all_bids.csv
[2026-02-12 14:43:48] ✓ Total unique bids saved: 1429
[2026-02-12 14:43:48] MERGE & DEDUPLICATION COMPLETED
[2026-02-12 14:43:48] ============================================================
[2026-02-12 14:43:48] 🎉 EXTRACTION COMPLETE - All sessions merged and deduplicated
[2026-02-12 15:07:11] 📊 Analysis complete: 1429 total, 199 filtered
[2026-02-12 15:08:03] ✓ Saved 199 checked bids
[2026-02-12 15:19:15] 📊 Analysis complete: 1429 total, 199 filtered
[2026-02-14 13:01:51] 🚀 Launching Session 1 - Keyword: 'batter'
[2026-02-14 13:02:01] 🚀 Launching Session 2 - Keyword: 'batter'
[2026-02-14 13:02:11] 🚀 Launching Session 3 - Keyword: 'batter'
[2026-02-14 13:02:21] 🚀 Launching Session 4 - Keyword: 'batter'
[2026-02-14 13:06:07] ✓ Session 1 completed (1/4)
[2026-02-14 13:06:07] ✓ Session 2 completed (2/4)
[2026-02-14 13:06:07] ✓ Session 3 completed (3/4)
[2026-02-14 13:08:09] ✓ Session 4 completed (4/4)
[2026-02-14 13:08:09] ✅ All 4 sessions completed! Starting merge...
[2026-02-14 13:08:09] ============================================================
[2026-02-14 13:08:09] STARTING MERGE & DEDUPLICATION
[2026-02-14 13:08:09] ✓ Loaded Session 1: 11075 rows from gem_all_bids_session1.csv
[2026-02-14 13:08:09]   → End Date: 11075/11075 non-null values
[2026-02-14 13:08:09]   → Sample: 07-02-2026 6:00 PM
[2026-02-14 13:08:09] ✓ Loaded Session 2: 10958 rows from gem_all_bids_session2.csv
[2026-02-14 13:08:09]   → End Date: 10958/10958 non-null values
[2026-02-14 13:08:09]   → Sample: 07-02-2026 6:00 PM
[2026-02-14 13:08:09] ✓ Loaded Session 3: 10898 rows from gem_all_bids_session3.csv
[2026-02-14 13:08:09]   → End Date: 10898/10898 non-null values
[2026-02-14 13:08:09]   → Sample: 07-02-2026 6:00 PM
[2026-02-14 13:08:09] ✓ Loaded Session 4: 11900 rows from gem_all_bids_session4.csv
[2026-02-14 13:08:09]   → End Date: 11900/11900 non-null values
[2026-02-14 13:08:09]   → Sample: 07-02-2026 6:00 PM
[2026-02-14 13:08:09] 📊 Total rows before deduplication: 44831
[2026-02-14 13:08:09] 📊 End Date after concat: 44831/44831 non-null values
[2026-02-14 13:08:09] 📊 Sample End Dates: ['07-02-2026 6:00 PM', '07-02-2026 6:00 PM', '07-02-2026 6:00 PM']
[2026-02-14 13:08:09] ⚠️  Warning: 44831 End Dates failed to parse
[2026-02-14 13:08:10]    Failed samples: ['07-02-2026 6:00 PM', '07-02-2026 6:00 PM', '07-02-2026 6:00 PM', '07-02-2026 6:00 PM', '07-02-2026 6:00 PM']
[2026-02-14 13:08:10] 🔄 Applying deduplication logic...
[2026-02-14 13:08:11] ✓ Rows after deduplication: 1681
[2026-02-14 13:08:11] 🗑️  Removed 43150 duplicate rows
[2026-02-14 13:08:11] ✅ Final End Date check: 1681/1681 non-null values
[2026-02-14 13:08:11] ✅ Sample final End Dates: ['14-02-2026 7:00 PM', '16-02-2026 11:00 AM', '10-02-2026 12:00 PM']
[2026-02-14 13:08:11] ✓ Saved master CSV: E:\GeM Portal Scraper\data\gem_all_bids.csv
[2026-02-14 13:08:11] ✓ Total unique bids saved: 1681
[2026-02-14 13:08:11] MERGE & DEDUPLICATION COMPLETED
[2026-02-14 13:08:11] ============================================================
[2026-02-14 13:08:11] 🎉 EXTRACTION COMPLETE - All sessions merged and deduplicated
[2026-02-14 13:08:26] 📊 Analysis complete: 1681 total, 241 filtered
[2026-02-14 13:27:36] ✓ Saved 200 checked bids
[2026-02-14 13:27:36] ✓ Saved 201 checked bids
[2026-02-14 13:27:36] ✓ Saved 202 checked bids
[2026-02-14 13:35:22] ✓ Saved 203 checked bids
[2026-02-14 13:35:22] ✓ Saved 204 checked bids
[2026-02-14 13:35:22] ✓ Saved 205 checked bids
[2026-02-14 13:35:23] ✓ Saved 206 checked bids
[2026-02-14 13:37:27] ✓ Saved 207 checked bids
[2026-02-14 13:37:27] ✓ Saved 208 checked bids
[2026-02-14 13:37:27] ✓ Saved 209 checked bids
[2026-02-14 13:37:27] ✓ Saved 210 checked bids
[2026-02-14 13:37:27] ✓ Saved 211 checked bids
[2026-02-14 13:37:27] ✓ Saved 212 checked bids
[2026-02-14 13:37:27] ✓ Saved 213 checked bids
[2026-02-14 13:37:27] ✓ Saved 214 checked bids
[2026-02-14 13:37:27] ✓ Saved 215 checked bids
[2026-02-14 13:37:27] ✓ Saved 216 checked bids
[2026-02-14 13:37:27] ✓ Saved 217 checked bids
[2026-02-14 13:37:27] ✓ Saved 218 checked bids
[2026-02-14 13:37:27] ✓ Saved 219 checked bids
[2026-02-14 13:37:27] ✓ Saved 220 checked bids
[2026-02-14 13:37:27] ✓ Saved 221 checked bids
[2026-02-14 13:37:27] ✓ Saved 222 checked bids
[2026-02-14 13:37:27] ✓ Saved 223 checked bids
[2026-02-14 13:37:27] ✓ Saved 224 checked bids
[2026-02-14 13:37:27] ✓ Saved 225 checked bids
[2026-02-14 13:37:27] ✓ Saved 226 checked bids
[2026-02-14 13:37:27] ✓ Saved 227 checked bids
[2026-02-14 13:37:27] ✓ Saved 228 checked bids
[2026-02-14 13:37:27] ✓ Saved 229 checked bids
[2026-02-14 13:37:27] ✓ Saved 230 checked bids
[2026-02-14 13:37:27] ✓ Saved 231 checked bids
[2026-02-14 13:37:27] ✓ Saved 232 checked bids
[2026-02-14 13:37:27] ✓ Saved 233 checked bids
[2026-02-14 13:37:27] ✓ Saved 234 checked bids
[2026-02-14 13:37:27] ✓ Saved 235 checked bids
[2026-02-14 13:37:27] ✓ Saved 236 checked bids
[2026-02-14 13:37:27] ✓ Saved 237 checked bids
[2026-02-14 13:37:27] ✓ Saved 238 checked bids
[2026-02-14 13:37:27] ✓ Saved 239 checked bids
[2026-02-14 13:37:27] ✓ Saved 240 checked bids
[2026-02-14 13:37:27] ✓ Saved 241 checked bids
[2026-02-14 16:23:12] 🚀 Launching Session 1 - Keyword: 'batter'
[2026-02-14 16:23:22] 🚀 Launching Session 2 - Keyword: 'batter'
[2026-02-14 16:23:32] 🚀 Launching Session 3 - Keyword: 'batter'
[2026-02-14 16:23:42] 🚀 Launching Session 4 - Keyword: 'batter'
[2026-02-14 16:27:45] ✓ Session 2 completed (1/4)
[2026-02-14 16:27:56] ✓ Session 3 completed (2/4)
[2026-02-14 16:29:02] ✓ Session 4 completed (3/4)
[2026-02-14 16:31:10] ✓ Session 1 completed (4/4)
[2026-02-14 16:31:10] ✅ All 4 sessions completed! Starting merge...
[2026-02-14 16:31:10] ============================================================
[2026-02-14 16:31:10] STARTING MERGE & DEDUPLICATION
[2026-02-14 16:31:10] ✓ Loaded Session 1: 12159 rows from gem_all_bids_session1.csv
[2026-02-14 16:31:10]   → End Date: 12159/12159 non-null values
[2026-02-14 16:31:10]   → Sample: 07-02-2026 6:00 PM
[2026-02-14 16:31:10] ✓ Loaded Session 2: 12049 rows from gem_all_bids_session2.csv
[2026-02-14 16:31:10]   → End Date: 12049/12049 non-null values
[2026-02-14 16:31:10]   → Sample: 07-02-2026 6:00 PM
[2026-02-14 16:31:11] ✓ Loaded Session 3: 11992 rows from gem_all_bids_session3.csv
[2026-02-14 16:31:11]   → End Date: 11992/11992 non-null values
[2026-02-14 16:31:11]   → Sample: 07-02-2026 6:00 PM
[2026-02-14 16:31:11] ✓ Loaded Session 4: 12991 rows from gem_all_bids_session4.csv
[2026-02-14 16:31:11]   → End Date: 12991/12991 non-null values
[2026-02-14 16:31:11]   → Sample: 07-02-2026 6:00 PM
[2026-02-14 16:31:11] 📊 Total rows before deduplication: 49191
[2026-02-14 16:31:11] 📊 End Date after concat: 49191/49191 non-null values
[2026-02-14 16:31:11] 📊 Sample End Dates: ['07-02-2026 6:00 PM', '07-02-2026 6:00 PM', '07-02-2026 6:00 PM']
[2026-02-14 16:31:11] ⚠️  Warning: 49191 End Dates failed to parse
[2026-02-14 16:31:11]    Failed samples: ['07-02-2026 6:00 PM', '07-02-2026 6:00 PM', '07-02-2026 6:00 PM', '07-02-2026 6:00 PM', '07-02-2026 6:00 PM']
[2026-02-14 16:31:11] 🔄 Applying deduplication logic...
[2026-02-14 16:31:12] ✓ Rows after deduplication: 1708
[2026-02-14 16:31:12] 🗑️  Removed 47483 duplicate rows
[2026-02-14 16:31:12] ✅ Final End Date check: 1708/1708 non-null values
[2026-02-14 16:31:12] ✅ Sample final End Dates: ['14-02-2026 7:00 PM', '16-02-2026 11:00 AM', '10-02-2026 12:00 PM']
[2026-02-14 16:31:12] ✓ Saved master CSV: E:\GeM Portal Scraper\data\gem_all_bids.csv
[2026-02-14 16:31:12] ✓ Total unique bids saved: 1708
[2026-02-14 16:31:12] MERGE & DEDUPLICATION COMPLETED
[2026-02-14 16:31:12] ============================================================
[2026-02-14 16:31:12] 🎉 EXTRACTION COMPLETE - All sessions merged and deduplicated
[2026-02-14 17:16:00] 📊 Analysis complete: 1708 total, 246 filtered
[2026-02-14 17:30:52] ✓ Saved 242 checked bids
[2026-02-14 17:30:52] ✓ Saved 243 checked bids
[2026-02-14 17:30:52] ✓ Saved 244 checked bids
[2026-02-14 17:30:52] ✓ Saved 245 checked bids
[2026-02-14 17:30:52] ✓ Saved 246 checked bids
[2026-02-16 11:02:24] 🚀 Launching Session 1 - Keyword: 'batter'
[2026-02-16 11:02:34] 🚀 Launching Session 2 - Keyword: 'batter'
[2026-02-16 11:02:44] 🚀 Launching Session 3 - Keyword: 'batter'
[2026-02-16 11:02:55] 🚀 Launching Session 4 - Keyword: 'batter'
[2026-02-16 11:19:33] 📊 Analysis complete: 1708 total, 246 filtered
[2026-02-16 11:20:39] 🚀 Launching Session 1 - Keyword: 'batter'
[2026-02-16 11:20:49] 🚀 Launching Session 2 - Keyword: 'batter'
[2026-02-16 11:20:59] 🚀 Launching Session 3 - Keyword: 'batter'
[2026-02-16 11:21:09] 🚀 Launching Session 4 - Keyword: 'batter'
[2026-02-16 11:26:40] 📊 Analysis complete: 1708 total, 246 filtered
[2026-02-16 11:29:06] 📊 Analysis complete: 1708 total, 246 filtered
[2026-02-16 11:30:21] 📊 Analysis complete: 0 total, 0 filtered
[2026-02-16 11:30:27] 🚀 Launching Session 1 - Keyword: 'batter'
[2026-02-16 11:30:37] 🚀 Launching Session 2 - Keyword: 'batter'
[2026-02-16 11:30:47] 🚀 Launching Session 3 - Keyword: 'batter'
[2026-02-16 11:30:57] 🚀 Launching Session 4 - Keyword: 'batter'
[2026-02-16 11:31:03] ⚠️  Monitor error: Expecting value: line 1 column 1 (char 0)
[2026-02-16 11:37:05] 📊 Analysis complete: 0 total, 0 filtered
[2026-02-16 11:37:32] 📊 Analysis complete: 0 total, 0 filtered
[2026-02-16 11:48:17] 🚀 Launching Session 1 - Keyword: 'batter'
[2026-02-16 11:48:27] 🚀 Launching Session 2 - Keyword: 'batter'
[2026-02-16 11:48:37] 🚀 Launching Session 3 - Keyword: 'batter'
[2026-02-16 11:48:47] 🚀 Launching Session 4 - Keyword: 'batter'
[2026-02-16 11:50:53] ⚠️  Monitor error: Expecting value: line 1 column 1 (char 0)
[2026-02-16 11:53:03] ✓ Session 4 completed (1/4)
[2026-02-16 11:53:03] ✓ Session 4 completed (1/4)
[2026-02-16 11:53:03] ✓ Session 4 completed (1/4)
[2026-02-16 11:53:05] ✓ Session 4 completed (1/4)
[2026-02-16 11:53:46] ✓ Session 3 completed (2/4)
[2026-02-16 11:53:48] ✓ Session 3 completed (2/4)
[2026-02-16 11:53:48] ✓ Session 3 completed (2/4)
[2026-02-16 11:53:49] ✓ Session 3 completed (2/4)
[2026-02-16 11:56:11] ✓ Session 2 completed (3/4)
[2026-02-16 11:56:12] ✓ Session 2 completed (3/4)
[2026-02-16 11:56:12] ✓ Session 2 completed (3/4)
[2026-02-16 11:56:13] ✓ Session 2 completed (3/4)
[2026-02-16 11:56:33] ✓ Session 1 completed (4/4)
[2026-02-16 11:56:33] ✅ All 4 sessions completed! Starting merge...
[2026-02-16 11:56:33] ============================================================
[2026-02-16 11:56:33] STARTING MERGE & DEDUPLICATION
[2026-02-16 11:56:33] ✓ Loaded Session 1: 16390 rows from gem_all_bids_session1.csv
[2026-02-16 11:56:33]   → End Date: 16390/16390 non-null values
[2026-02-16 11:56:33]   → Sample: 07-02-2026 6:00 PM
[2026-02-16 11:56:33] ✓ Loaded Session 2: 16268 rows from gem_all_bids_session2.csv
[2026-02-16 11:56:33]   → End Date: 16268/16268 non-null values
[2026-02-16 11:56:33]   → Sample: 07-02-2026 6:00 PM
[2026-02-16 11:56:33] ✓ Loaded Session 3: 16241 rows from gem_all_bids_session3.csv
[2026-02-16 11:56:33]   → End Date: 16241/16241 non-null values
[2026-02-16 11:56:33]   → Sample: 07-02-2026 6:00 PM
[2026-02-16 11:56:33] ✓ Loaded Session 4: 17250 rows from gem_all_bids_session4.csv
[2026-02-16 11:56:33]   → End Date: 17250/17250 non-null values
[2026-02-16 11:56:33]   → Sample: 07-02-2026 6:00 PM
[2026-02-16 11:56:33] 📊 Total rows before deduplication: 66149
[2026-02-16 11:56:33] 📊 End Date after concat: 66149/66149 non-null values
[2026-02-16 11:56:33] 📊 Sample End Dates: ['07-02-2026 6:00 PM', '07-02-2026 6:00 PM', '07-02-2026 6:00 PM']
[2026-02-16 11:56:33] ⚠️  Warning: 66149 End Dates failed to parse
[2026-02-16 11:56:33]    Failed samples: ['07-02-2026 6:00 PM', '07-02-2026 6:00 PM', '07-02-2026 6:00 PM', '07-02-2026 6:00 PM', '07-02-2026 6:00 PM']
[2026-02-16 11:56:33] 🔄 Applying deduplication logic...
[2026-02-16 11:56:34] ✓ Rows after deduplication: 1775
[2026-02-16 11:56:34] 🗑️  Removed 64374 duplicate rows
[2026-02-16 11:56:34] ✅ Final End Date check: 1775/1775 non-null values
[2026-02-16 11:56:34] ✅ Sample final End Dates: ['14-02-2026 7:00 PM', '16-02-2026 11:00 AM', '10-02-2026 12:00 PM']
[2026-02-16 11:56:34] ✓ Saved master CSV: E:\GeM Portal Scraper\data\gem_all_bids.csv
[2026-02-16 11:56:34] ✓ Total unique bids saved: 1775
[2026-02-16 11:56:34] MERGE & DEDUPLICATION COMPLETED
[2026-02-16 11:56:34] ============================================================
[2026-02-16 11:56:34] 🎉 EXTRACTION COMPLETE - All sessions merged and deduplicated
[2026-02-16 11:56:34] ✓ Session 1 completed (4/4)
[2026-02-16 11:56:34] ✅ All 4 sessions completed! Starting merge...
[2026-02-16 11:56:34] ============================================================
[2026-02-16 11:56:34] STARTING MERGE & DEDUPLICATION
[2026-02-16 11:56:34] ✓ Loaded Session 1: 16390 rows from gem_all_bids_session1.csv
[2026-02-16 11:56:35]   → End Date: 16390/16390 non-null values
[2026-02-16 11:56:35]   → Sample: 07-02-2026 6:00 PM
[2026-02-16 11:56:35] ✓ Loaded Session 2: 16268 rows from gem_all_bids_session2.csv
[2026-02-16 11:56:35]   → End Date: 16268/16268 non-null values
[2026-02-16 11:56:35]   → Sample: 07-02-2026 6:00 PM
[2026-02-16 11:56:35] ✓ Session 1 completed (4/4)
[2026-02-16 11:56:35] ✅ All 4 sessions completed! Starting merge...
[2026-02-16 11:56:35] ============================================================
[2026-02-16 11:56:35] STARTING MERGE & DEDUPLICATION
[2026-02-16 11:56:35] ✓ Session 1 completed (4/4)
[2026-02-16 11:56:35] ✅ All 4 sessions completed! Starting merge...
[2026-02-16 11:56:35] ✓ Loaded Session 3: 16241 rows from gem_all_bids_session3.csv
[2026-02-16 11:56:35]   → End Date: 16241/16241 non-null values
[2026-02-16 11:56:35]   → Sample: 07-02-2026 6:00 PM
[2026-02-16 11:56:35] ============================================================
[2026-02-16 11:56:35] STARTING MERGE & DEDUPLICATION
[2026-02-16 11:56:35] ✓ Loaded Session 1: 16390 rows from gem_all_bids_session1.csv
[2026-02-16 11:56:35]   → End Date: 16390/16390 non-null values
[2026-02-16 11:56:35]   → Sample: 07-02-2026 6:00 PM
[2026-02-16 11:56:35] ✓ Loaded Session 1: 16390 rows from gem_all_bids_session1.csv
[2026-02-16 11:56:35] ✓ Loaded Session 4: 17250 rows from gem_all_bids_session4.csv
[2026-02-16 11:56:35]   → End Date: 16390/16390 non-null values
[2026-02-16 11:56:35]   → Sample: 07-02-2026 6:00 PM
[2026-02-16 11:56:35]   → End Date: 17250/17250 non-null values
[2026-02-16 11:56:35]   → Sample: 07-02-2026 6:00 PM
[2026-02-16 11:56:35] 📊 Total rows before deduplication: 66149
[2026-02-16 11:56:35] 📊 End Date after concat: 66149/66149 non-null values
[2026-02-16 11:56:35] 📊 Sample End Dates: ['07-02-2026 6:00 PM', '07-02-2026 6:00 PM', '07-02-2026 6:00 PM']
[2026-02-16 11:56:35] ⚠️  Warning: 66149 End Dates failed to parse
[2026-02-16 11:56:35] ✓ Loaded Session 2: 16268 rows from gem_all_bids_session2.csv
[2026-02-16 11:56:35]    Failed samples: ['07-02-2026 6:00 PM', '07-02-2026 6:00 PM', '07-02-2026 6:00 PM', '07-02-2026 6:00 PM', '07-02-2026 6:00 PM']
[2026-02-16 11:56:35]   → End Date: 16268/16268 non-null values
[2026-02-16 11:56:35]   → Sample: 07-02-2026 6:00 PM
[2026-02-16 11:56:35] 🔄 Applying deduplication logic...
[2026-02-16 11:56:35] ✓ Loaded Session 2: 16268 rows from gem_all_bids_session2.csv
[2026-02-16 11:56:35]   → End Date: 16268/16268 non-null values
[2026-02-16 11:56:35]   → Sample: 07-02-2026 6:00 PM
[2026-02-16 11:56:36] ✓ Loaded Session 3: 16241 rows from gem_all_bids_session3.csv
[2026-02-16 11:56:36]   → End Date: 16241/16241 non-null values
[2026-02-16 11:56:36]   → Sample: 07-02-2026 6:00 PM
[2026-02-16 11:56:36] ✓ Rows after deduplication: 1775
[2026-02-16 11:56:36] 🗑️  Removed 64374 duplicate rows
[2026-02-16 11:56:36] ✅ Final End Date check: 1775/1775 non-null values
[2026-02-16 11:56:36] ✅ Sample final End Dates: ['14-02-2026 7:00 PM', '16-02-2026 11:00 AM', '10-02-2026 12:00 PM']
[2026-02-16 11:56:36] ✓ Saved master CSV: E:\GeM Portal Scraper\data\gem_all_bids.csv
[2026-02-16 11:56:36] ✓ Total unique bids saved: 1775
[2026-02-16 11:56:36] MERGE & DEDUPLICATION COMPLETED
[2026-02-16 11:56:36] ✓ Loaded Session 3: 16241 rows from gem_all_bids_session3.csv
[2026-02-16 11:56:36] ============================================================
[2026-02-16 11:56:36]   → End Date: 16241/16241 non-null values
[2026-02-16 11:56:36]   → Sample: 07-02-2026 6:00 PM
[2026-02-16 11:56:36] 🎉 EXTRACTION COMPLETE - All sessions merged and deduplicated
[2026-02-16 11:56:36] ✓ Loaded Session 4: 17250 rows from gem_all_bids_session4.csv
[2026-02-16 11:56:36]   → End Date: 17250/17250 non-null values
[2026-02-16 11:56:36]   → Sample: 07-02-2026 6:00 PM
[2026-02-16 11:56:36] 📊 Total rows before deduplication: 66149
[2026-02-16 11:56:36] 📊 End Date after concat: 66149/66149 non-null values
[2026-02-16 11:56:36] 📊 Sample End Dates: ['07-02-2026 6:00 PM', '07-02-2026 6:00 PM', '07-02-2026 6:00 PM']
[2026-02-16 11:56:36] ✓ Loaded Session 4: 17250 rows from gem_all_bids_session4.csv
[2026-02-16 11:56:36]   → End Date: 17250/17250 non-null values
[2026-02-16 11:56:36] ⚠️  Warning: 66149 End Dates failed to parse
[2026-02-16 11:56:36]   → Sample: 07-02-2026 6:00 PM
[2026-02-16 11:56:36] 📊 Total rows before deduplication: 66149
[2026-02-16 11:56:36]    Failed samples: ['07-02-2026 6:00 PM', '07-02-2026 6:00 PM', '07-02-2026 6:00 PM', '07-02-2026 6:00 PM', '07-02-2026 6:00 PM']
[2026-02-16 11:56:36] 📊 End Date after concat: 66149/66149 non-null values
[2026-02-16 11:56:36] 📊 Sample End Dates: ['07-02-2026 6:00 PM', '07-02-2026 6:00 PM', '07-02-2026 6:00 PM']
[2026-02-16 11:56:36] ⚠️  Warning: 66149 End Dates failed to parse
[2026-02-16 11:56:36]    Failed samples: ['07-02-2026 6:00 PM', '07-02-2026 6:00 PM', '07-02-2026 6:00 PM', '07-02-2026 6:00 PM', '07-02-2026 6:00 PM']
[2026-02-16 11:56:36] 🔄 Applying deduplication logic...
[2026-02-16 11:56:36] 🔄 Applying deduplication logic...
[2026-02-16 11:56:38] ✓ Rows after deduplication: 1775
[2026-02-16 11:56:38] 🗑️  Removed 64374 duplicate rows
[2026-02-16 11:56:38] ✅ Final End Date check: 1775/1775 non-null values
[2026-02-16 11:56:39] ✅ Sample final End Dates: ['14-02-2026 7:00 PM', '16-02-2026 11:00 AM', '10-02-2026 12:00 PM']
[2026-02-16 11:56:39] ✓ Rows after deduplication: 1775
Scraper\data\gem_all_bids.csv
[2026-02-16 11:56:39] ✓ Total unique bids saved: 1775
[2026-02-16 11:56:39] 🗑️  Removed 64374 duplicate rows
[2026-02-16 11:56:39] ✅ Final End Date check: 1775/1775 non-null values
[2026-02-16 11:56:39] ✅ Sample final End Dates: ['14-02-2026 7:00 PM', '16-02-2026 11:00 AM', '10-02-2026 12:00 PM']
[2026-02-16 11:56:39] MERGE & DEDUPLICATION COMPLETED
[2026-02-16 11:56:39] ============================================================
[2026-02-16 11:56:39] ✓ Saved master CSV: E:\GeM Portal Scraper\data\gem_all_bids.csv
[2026-02-16 11:56:39] ✓ Total unique bids saved: 1775
[2026-02-16 11:56:39] 🎉 EXTRACTION COMPLETE - All sessions merged and deduplicated
[2026-02-16 11:56:39] MERGE & DEDUPLICATION COMPLETED
[2026-02-16 11:56:39] ============================================================
[2026-02-16 11:56:39] 🎉 EXTRACTION COMPLETE - All sessions merged and deduplicated
[2026-02-16 12:03:24] 📋 Session CSVs detected - running merge before analysis
[2026-02-16 12:03:24] ============================================================
[2026-02-16 12:03:24] STARTING MERGE & DEDUPLICATION
[2026-02-16 12:03:24] ✓ Loaded Session 1: 16390 rows from gem_all_bids_session1.csv
[2026-02-16 12:03:24]   → End Date: 16390/16390 non-null values
[2026-02-16 12:03:24]   → Sample: 07-02-2026 6:00 PM
[2026-02-16 12:03:24] ✓ Loaded Session 2: 16268 rows from gem_all_bids_session2.csv
[2026-02-16 12:03:24]   → End Date: 16268/16268 non-null values
[2026-02-16 12:03:24]   → Sample: 07-02-2026 6:00 PM
[2026-02-16 12:03:24] ✓ Loaded Session 3: 16241 rows from gem_all_bids_session3.csv
[2026-02-16 12:03:24]   → End Date: 16241/16241 non-null values
[2026-02-16 12:03:24]   → Sample: 07-02-2026 6:00 PM
[2026-02-16 12:03:24] ✓ Loaded Session 4: 17250 rows from gem_all_bids_session4.csv
[2026-02-16 12:03:24]   → End Date: 17250/17250 non-null values
[2026-02-16 12:03:24]   → Sample: 07-02-2026 6:00 PM
[2026-02-16 12:03:24] 📊 Total rows before deduplication: 66149
[2026-02-16 12:03:24] 📊 End Date after concat: 66149/66149 non-null values
[2026-02-16 12:03:24] 📊 Sample End Dates: ['07-02-2026 6:00 PM', '07-02-2026 6:00 PM', '07-02-2026 6:00 PM']
[2026-02-16 12:03:24] ⚠️  Warning: 66149 End Dates failed to parse
[2026-02-16 12:03:24]    Failed samples: ['07-02-2026 6:00 PM', '07-02-2026 6:00 PM', '07-02-2026 6:00 PM', '07-02-2026 6:00 PM', '07-02-2026 6:00 PM']
[2026-02-16 12:03:24] 🔄 Applying deduplication logic...
[2026-02-16 12:03:25] ✓ Rows after deduplication: 1775
[2026-02-16 12:03:25] 🗑️  Removed 64374 duplicate rows
[2026-02-16 12:03:25] ✅ Final End Date check: 1775/1775 non-null values
[2026-02-16 12:03:25] ✅ Sample final End Dates: ['14-02-2026 7:00 PM', '16-02-2026 11:00 AM', '10-02-2026 12:00 PM']
[2026-02-16 12:03:25] ✓ Saved master CSV: E:\GeM Portal Scraper\data\gem_all_bids.csv
[2026-02-16 12:03:25] ✓ Total unique bids saved: 1775
[2026-02-16 12:03:25] MERGE & DEDUPLICATION COMPLETED
[2026-02-16 12:03:25] ============================================================
[2026-02-16 12:03:25] ✅ Merge completed successfully
[2026-02-16 12:03:26] 📊 Analysis complete: 1775 total, 254 filtered
[2026-02-16 12:11:47] ✓ Saved 247 checked bids
[2026-02-16 12:11:47] ✓ Saved 248 checked bids
[2026-02-16 12:12:11] ✓ Saved 249 checked bids
[2026-02-16 12:13:00] ✓ Saved 250 checked bids
[2026-02-16 12:13:00] ✓ Saved 251 checked bids
[2026-02-16 12:13:00] ✓ Saved 252 checked bids
[2026-02-16 12:13:00] ✓ Saved 253 checked bids
[2026-02-16 12:13:00] ✓ Saved 254 checked bids
[2026-02-16 12:19:08] 🚀 Launching Session 1 - Keyword: 'batter'
[2026-02-16 12:19:18] 🚀 Launching Session 2 - Keyword: 'batter'
[2026-02-16 12:19:28] 🚀 Launching Session 3 - Keyword: 'batter'
[2026-02-16 12:19:38] 🚀 Launching Session 4 - Keyword: 'batter'
[2026-02-16 12:24:17] ⚠️  Monitor error: Expecting value: line 1 column 1 (char 0)
[2026-02-16 12:37:51] 🚀 Launching Session 1 - Keyword: 'batter'
[2026-02-16 12:38:01] 🚀 Launching Session 2 - Keyword: 'batter'
[2026-02-16 12:38:11] 🚀 Launching Session 3 - Keyword: 'batter'
[2026-02-16 12:38:21] 🚀 Launching Session 4 - Keyword: 'batter'
[2026-02-16 12:42:39] ✓ Session 2 completed (1/4)
[2026-02-16 12:42:51] ✓ Session 3 completed (2/4)
[2026-02-16 12:42:54] ✓ Session 4 completed (3/4)
[2026-02-16 12:43:23] ✓ Session 1 completed (4/4)
[2026-02-16 12:43:23] ✅ All 4 sessions completed! Starting merge...
[2026-02-16 12:43:23] ============================================================
[2026-02-16 12:43:23] STARTING MERGE & DEDUPLICATION
[2026-02-16 12:43:23] ✓ Loaded Session 1: 18480 rows from gem_all_bids_session1.csv
[2026-02-16 12:43:23]   → End Date: 18480/18480 non-null values
[2026-02-16 12:43:23]   → Sample: 07-02-2026 6:00 PM
[2026-02-16 12:43:23] ✓ Loaded Session 2: 18388 rows from gem_all_bids_session2.csv
[2026-02-16 12:43:23]   → End Date: 18388/18388 non-null values
[2026-02-16 12:43:23]   → Sample: 07-02-2026 6:00 PM
[2026-02-16 12:43:23] ✓ Loaded Session 3: 18368 rows from gem_all_bids_session3.csv
[2026-02-16 12:43:23]   → End Date: 18368/18368 non-null values
[2026-02-16 12:43:23]   → Sample: 07-02-2026 6:00 PM
[2026-02-16 12:43:23] ✓ Loaded Session 4: 19355 rows from gem_all_bids_session4.csv
[2026-02-16 12:43:23]   → End Date: 19355/19355 non-null values
[2026-02-16 12:43:23]   → Sample: 07-02-2026 6:00 PM
[2026-02-16 12:43:23] 📊 Total rows before deduplication: 74591
[2026-02-16 12:43:23] 📊 End Date after concat: 74591/74591 non-null values
[2026-02-16 12:43:23] 📊 Sample End Dates: ['07-02-2026 6:00 PM', '07-02-2026 6:00 PM', '07-02-2026 6:00 PM']
[2026-02-16 12:43:23] ⚠️  Warning: 74591 End Dates failed to parse
[2026-02-16 12:43:23]    Failed samples: ['07-02-2026 6:00 PM', '07-02-2026 6:00 PM', '07-02-2026 6:00 PM', '07-02-2026 6:00 PM', '07-02-2026 6:00 PM']
[2026-02-16 12:43:23] 🔄 Applying deduplication logic...
[2026-02-16 12:43:25] ✓ Rows after deduplication: 1779
[2026-02-16 12:43:25] 🗑️  Removed 72812 duplicate rows
[2026-02-16 12:43:25] ✅ Final End Date check: 1779/1779 non-null values
[2026-02-16 12:43:25] ✅ Sample final End Dates: ['14-02-2026 7:00 PM', '16-02-2026 11:00 AM', '10-02-2026 12:00 PM']
[2026-02-16 12:43:25] ✓ Saved master CSV: E:\GeM Portal Scraper\data\gem_all_bids.csv
[2026-02-16 12:43:25] ✓ Total unique bids saved: 1779
[2026-02-16 12:43:25] MERGE & DEDUPLICATION COMPLETED
[2026-02-16 12:43:25] ============================================================
[2026-02-16 12:43:25] 🎉 EXTRACTION COMPLETE - All sessions merged and deduplicated
[2026-02-16 13:33:48] 📋 Session CSVs detected - running merge before analysis
[2026-02-16 13:33:48] ============================================================
[2026-02-16 13:33:48] STARTING MERGE & DEDUPLICATION
[2026-02-16 13:33:48] ✓ Loaded Session 1: 18480 rows from gem_all_bids_session1.csv
[2026-02-16 13:33:48]   → End Date: 18480/18480 non-null values
[2026-02-16 13:33:48]   → Sample: 07-02-2026 6:00 PM
[2026-02-16 13:33:49] ✓ Loaded Session 2: 18388 rows from gem_all_bids_session2.csv
[2026-02-16 13:33:49]   → End Date: 18388/18388 non-null values
[2026-02-16 13:33:49]   → Sample: 07-02-2026 6:00 PM
[2026-02-16 13:33:49] ✓ Loaded Session 3: 18368 rows from gem_all_bids_session3.csv
[2026-02-16 13:33:49]   → End Date: 18368/18368 non-null values
[2026-02-16 13:33:49]   → Sample: 07-02-2026 6:00 PM
[2026-02-16 13:33:49] ✓ Loaded Session 4: 19355 rows from gem_all_bids_session4.csv
[2026-02-16 13:33:49]   → End Date: 19355/19355 non-null values
[2026-02-16 13:33:49]   → Sample: 07-02-2026 6:00 PM
[2026-02-16 13:33:49] 📊 Total rows before deduplication: 74591
[2026-02-16 13:33:49] 📊 End Date after concat: 74591/74591 non-null values
[2026-02-16 13:33:49] 📊 Sample End Dates: ['07-02-2026 6:00 PM', '07-02-2026 6:00 PM', '07-02-2026 6:00 PM']
[2026-02-16 13:33:49] ⚠️  Warning: 74591 End Dates failed to parse
[2026-02-16 13:33:49]    Failed samples: ['07-02-2026 6:00 PM', '07-02-2026 6:00 PM', '07-02-2026 6:00 PM', '07-02-2026 6:00 PM', '07-02-2026 6:00 PM']
[2026-02-16 13:33:49] 🔄 Applying deduplication logic...
[2026-02-16 13:33:50] ✓ Rows after deduplication: 1779
[2026-02-16 13:33:50] 🗑️  Removed 72812 duplicate rows
[2026-02-16 13:33:50] ✅ Final End Date check: 1779/1779 non-null values
[2026-02-16 13:33:50] ✅ Sample final End Dates: ['14-02-2026 7:00 PM', '16-02-2026 11:00 AM', '10-02-2026 12:00 PM']
[2026-02-16 13:33:50] ✓ Saved master CSV: E:\GeM Portal Scraper\data\gem_all_bids.csv
[2026-02-16 13:33:50] ✓ Total unique bids saved: 1779
[2026-02-16 13:33:50] MERGE & DEDUPLICATION COMPLETED
[2026-02-16 13:33:50] ============================================================
[2026-02-16 13:33:50] ✅ Merge completed successfully
[2026-02-16 13:33:51] 📊 Analysis complete: 1779 total, 254 filtered
[2026-02-16 13:37:12] 🚀 Launching Session 1 - Keyword: 'batter'
[2026-02-16 13:37:22] 🚀 Launching Session 2 - Keyword: 'batter'
[2026-02-16 13:37:32] 🚀 Launching Session 3 - Keyword: 'batter'
[2026-02-16 13:37:42] 🚀 Launching Session 4 - Keyword: 'batter'
[2026-02-16 13:45:10] ✓ Session 4 completed (1/4)
[2026-02-16 13:45:21] ✓ Session 1 completed (2/4)
[2026-02-16 13:45:24] ✓ Session 2 completed (3/4)
[2026-02-16 13:45:53] ✓ Session 3 completed (4/4)
[2026-02-16 13:45:53] ✅ All 4 sessions completed! Starting merge...
[2026-02-16 13:45:53] ============================================================
[2026-02-16 13:45:53] STARTING MERGE & DEDUPLICATION
[2026-02-16 13:45:53] ✓ Loaded Session 1: 19545 rows from gem_all_bids_session1.csv
[2026-02-16 13:45:53]   → End Date: 19545/19545 non-null values
[2026-02-16 13:45:53]   → Sample: 07-02-2026 6:00 PM
[2026-02-16 13:45:53] ✓ Loaded Session 2: 19448 rows from gem_all_bids_session2.csv
[2026-02-16 13:45:53]   → End Date: 19448/19448 non-null values
[2026-02-16 13:45:53]   → Sample: 07-02-2026 6:00 PM
[2026-02-16 13:45:53] ✓ Loaded Session 3: 19419 rows from gem_all_bids_session3.csv
[2026-02-16 13:45:53]   → End Date: 19419/19419 non-null values
[2026-02-16 13:45:53]   → Sample: 07-02-2026 6:00 PM
[2026-02-16 13:45:53] ✓ Loaded Session 4: 20402 rows from gem_all_bids_session4.csv
[2026-02-16 13:45:53]   → End Date: 20402/20402 non-null values
[2026-02-16 13:45:53]   → Sample: 07-02-2026 6:00 PM
[2026-02-16 13:45:53] 📊 Total rows before deduplication: 78814
[2026-02-16 13:45:53] 📊 End Date after concat: 78814/78814 non-null values
[2026-02-16 13:45:53] 📊 Sample End Dates: ['07-02-2026 6:00 PM', '07-02-2026 6:00 PM', '07-02-2026 6:00 PM']
[2026-02-16 13:45:53] ⚠️  Warning: 78814 End Dates failed to parse
[2026-02-16 13:45:53]    Failed samples: ['07-02-2026 6:00 PM', '07-02-2026 6:00 PM', '07-02-2026 6:00 PM', '07-02-2026 6:00 PM', '07-02-2026 6:00 PM']
[2026-02-16 13:45:53] 🔄 Applying deduplication logic...
[2026-02-16 13:45:55] ✓ Rows after deduplication: 1795
[2026-02-16 13:45:55] 🗑️  Removed 77019 duplicate rows
[2026-02-16 13:45:55] ✅ Final End Date check: 1795/1795 non-null values
[2026-02-16 13:45:55] ✅ Sample final End Dates: ['14-02-2026 7:00 PM', '16-02-2026 11:00 AM', '10-02-2026 12:00 PM']
[2026-02-16 13:45:55] ✓ Saved master CSV: E:\GeM Portal Scraper\data\gem_all_bids.csv
[2026-02-16 13:45:55] ✓ Total unique bids saved: 1795
[2026-02-16 13:45:55] MERGE & DEDUPLICATION COMPLETED
[2026-02-16 13:45:55] ============================================================
[2026-02-16 13:45:55] 🎉 EXTRACTION COMPLETE - All sessions merged and deduplicated
[2026-02-16 13:49:20] 📋 Session CSVs detected - running merge before analysis
[2026-02-16 13:49:20] ============================================================
[2026-02-16 13:49:20] STARTING MERGE & DEDUPLICATION
[2026-02-16 13:49:20] ✓ Loaded Session 1: 19545 rows from gem_all_bids_session1.csv
[2026-02-16 13:49:20]   → End Date: 19545/19545 non-null values
[2026-02-16 13:49:20]   → Sample: 07-02-2026 6:00 PM
[2026-02-16 13:49:21] ✓ Loaded Session 2: 19448 rows from gem_all_bids_session2.csv
[2026-02-16 13:49:21]   → End Date: 19448/19448 non-null values
[2026-02-16 13:49:21]   → Sample: 07-02-2026 6:00 PM
[2026-02-16 13:49:21] ✓ Loaded Session 3: 19419 rows from gem_all_bids_session3.csv
[2026-02-16 13:49:21]   → End Date: 19419/19419 non-null values
[2026-02-16 13:49:21]   → Sample: 07-02-2026 6:00 PM
[2026-02-16 13:49:21] ✓ Loaded Session 4: 20402 rows from gem_all_bids_session4.csv
[2026-02-16 13:49:21]   → End Date: 20402/20402 non-null values
[2026-02-16 13:49:21]   → Sample: 07-02-2026 6:00 PM
[2026-02-16 13:49:21] 📊 Total rows before deduplication: 78814
[2026-02-16 13:49:21] 📊 End Date after concat: 78814/78814 non-null values
[2026-02-16 13:49:21] 📊 Sample End Dates: ['07-02-2026 6:00 PM', '07-02-2026 6:00 PM', '07-02-2026 6:00 PM']
[2026-02-16 13:49:21] ⚠️  Warning: 78814 End Dates failed to parse
[2026-02-16 13:49:21]    Failed samples: ['07-02-2026 6:00 PM', '07-02-2026 6:00 PM', '07-02-2026 6:00 PM', '07-02-2026 6:00 PM', '07-02-2026 6:00 PM']
[2026-02-16 13:49:21] 🔄 Applying deduplication logic...
[2026-02-16 13:49:22] ✓ Rows after deduplication: 1795
[2026-02-16 13:49:22] 🗑️  Removed 77019 duplicate rows
[2026-02-16 13:49:22] ✅ Final End Date check: 1795/1795 non-null values
[2026-02-16 13:49:22] ✅ Sample final End Dates: ['14-02-2026 7:00 PM', '16-02-2026 11:00 AM', '10-02-2026 12:00 PM']
[2026-02-16 13:49:22] ✓ Saved master CSV: E:\GeM Portal Scraper\data\gem_all_bids.csv
[2026-02-16 13:49:22] ✓ Total unique bids saved: 1795
[2026-02-16 13:49:22] MERGE & DEDUPLICATION COMPLETED
[2026-02-16 13:49:22] ============================================================
[2026-02-16 13:49:22] ✅ Merge completed successfully
[2026-02-16 13:49:23] 📊 Analysis complete: 1795 total, 257 filtered
[2026-02-16 13:50:02] ✓ Saved 255 checked bids
[2026-02-16 13:50:02] ✓ Saved 256 checked bids
[2026-02-16 13:50:02] ✓ Saved 257 checked bids
[2026-02-16 15:33:13] 🚀 Launching Session 1 - Keyword: 'batter'
[2026-02-16 15:33:23] 🚀 Launching Session 2 - Keyword: 'batter'
[2026-02-16 15:33:33] 🚀 Launching Session 3 - Keyword: 'batter'
[2026-02-16 15:33:43] 🚀 Launching Session 4 - Keyword: 'batter'
[2026-02-16 15:36:06] 🚀 Launching Session 1 - Keyword: 'batter'
[2026-02-16 15:36:16] 🚀 Launching Session 2 - Keyword: 'batter'
[2026-02-16 15:36:26] 🚀 Launching Session 3 - Keyword: 'batter'
[2026-02-16 15:36:36] 🚀 Launching Session 4 - Keyword: 'batter'
[2026-02-16 15:42:04] 📋 Session CSVs detected - running merge before analysis
[2026-02-16 15:42:04] ============================================================
[2026-02-16 15:42:04] STARTING MERGE & DEDUPLICATION
[2026-02-16 15:42:04] ✓ Loaded Session 1: 21038 rows from gem_all_bids_session1.csv
[2026-02-16 15:42:04]   → End Date: 21038/21038 non-null values
[2026-02-16 15:42:04]   → Sample: 07-02-2026 6:00 PM
[2026-02-16 15:42:05] ✓ Loaded Session 2: 20942 rows from gem_all_bids_session2.csv
[2026-02-16 15:42:05]   → End Date: 20942/20942 non-null values
[2026-02-16 15:42:05]   → Sample: 07-02-2026 6:00 PM
[2026-02-16 15:42:05] ✓ Loaded Session 3: 20924 rows from gem_all_bids_session3.csv
[2026-02-16 15:42:05]   → End Date: 20924/20924 non-null values
[2026-02-16 15:42:05]   → Sample: 07-02-2026 6:00 PM
[2026-02-16 15:42:05] ✓ Loaded Session 4: 21813 rows from gem_all_bids_session4.csv
[2026-02-16 15:42:05]   → End Date: 21813/21813 non-null values
[2026-02-16 15:42:05]   → Sample: 07-02-2026 6:00 PM
[2026-02-16 15:42:05] 📊 Total rows before deduplication: 84717
[2026-02-16 15:42:05] 📊 End Date after concat: 84717/84717 non-null values
[2026-02-16 15:42:05] 📊 Sample End Dates: ['07-02-2026 6:00 PM', '07-02-2026 6:00 PM', '07-02-2026 6:00 PM']
[2026-02-16 15:42:05] ⚠️  Warning: 84717 End Dates failed to parse
[2026-02-16 15:42:05]    Failed samples: ['07-02-2026 6:00 PM', '07-02-2026 6:00 PM', '07-02-2026 6:00 PM', '07-02-2026 6:00 PM', '07-02-2026 6:00 PM']
[2026-02-16 15:42:05] 🔄 Applying deduplication logic...
[2026-02-16 15:42:06] ✓ Rows after deduplication: 1807
[2026-02-16 15:42:06] 🗑️  Removed 82910 duplicate rows
[2026-02-16 15:42:06] ✅ Final End Date check: 1807/1807 non-null values
[2026-02-16 15:42:06] ✅ Sample final End Dates: ['14-02-2026 7:00 PM', '16-02-2026 11:00 AM', '10-02-2026 12:00 PM']
[2026-02-16 15:42:06] ✓ Saved master CSV: E:\GeM Portal Scraper\data\gem_all_bids.csv
[2026-02-16 15:42:06] ✓ Total unique bids saved: 1807
[2026-02-16 15:42:06] MERGE & DEDUPLICATION COMPLETED
[2026-02-16 15:42:06] ============================================================
[2026-02-16 15:42:06] ✅ Merge completed successfully
[2026-02-16 15:42:07] 📊 Analysis complete: 1807 total, 260 filtered
[2026-02-16 15:51:39] 🚀 Launching Session 1 - Keyword: 'batter'
[2026-02-16 15:51:49] 🚀 Launching Session 2 - Keyword: 'batter'
[2026-02-16 15:51:59] 🚀 Launching Session 3 - Keyword: 'batter'
[2026-02-16 15:52:09] 🚀 Launching Session 4 - Keyword: 'batter'
[2026-02-16 15:54:51] ✓ Session 1 completed (1/4)
[2026-02-16 15:54:52] ✓ Session 3 completed (2/4)
[2026-02-16 15:56:19] 🛑 Cancelled Session 1 (PID: 65720)
[2026-02-16 15:56:19] 🛑 Cancelled Session 2 (PID: 65680)
[2026-02-16 15:56:19] 🛑 Cancelled Session 3 (PID: 50248)
[2026-02-16 15:56:19] 🛑 Cancelled Session 4 (PID: 67608)
[2026-02-16 15:56:32] 🚀 Launching Session 1 - Keyword: 'batter'
[2026-02-16 15:56:42] 🚀 Launching Session 2 - Keyword: 'batter'
[2026-02-16 15:56:52] 🚀 Launching Session 3 - Keyword: 'batter'
[2026-02-16 15:57:02] 🚀 Launching Session 4 - Keyword: 'batter'
[2026-02-16 15:59:48] ⚠️  Monitor error: Expecting value: line 1 column 1 (char 0)
[2026-02-16 16:02:13] 📋 Session CSVs detected - running merge before analysis
[2026-02-16 16:02:13] ============================================================
[2026-02-16 16:02:13] STARTING MERGE & DEDUPLICATION
[2026-02-16 16:02:13] ✓ Loaded Session 1: 22759 rows from gem_all_bids_session1.csv
[2026-02-16 16:02:13]   → End Date: 22759/22759 non-null values
[2026-02-16 16:02:13]   → Sample: 07-02-2026 6:00 PM
[2026-02-16 16:02:13] ✓ Loaded Session 2: 22561 rows from gem_all_bids_session2.csv
[2026-02-16 16:02:13]   → End Date: 22561/22561 non-null values
[2026-02-16 16:02:13]   → Sample: 07-02-2026 6:00 PM
[2026-02-16 16:02:13] ✓ Loaded Session 3: 22520 rows from gem_all_bids_session3.csv
[2026-02-16 16:02:13]   → End Date: 22520/22520 non-null values
[2026-02-16 16:02:13]   → Sample: 07-02-2026 6:00 PM
[2026-02-16 16:02:13] ✓ Loaded Session 4: 23360 rows from gem_all_bids_session4.csv
[2026-02-16 16:02:13]   → End Date: 23360/23360 non-null values
[2026-02-16 16:02:13]   → Sample: 07-02-2026 6:00 PM
[2026-02-16 16:02:13] 📊 Total rows before deduplication: 91200
[2026-02-16 16:02:13] 📊 End Date after concat: 91200/91200 non-null values
[2026-02-16 16:02:13] 📊 Sample End Dates: ['07-02-2026 6:00 PM', '07-02-2026 6:00 PM', '07-02-2026 6:00 PM']
[2026-02-16 16:02:13] ⚠️  Warning: 91200 End Dates failed to parse
[2026-02-16 16:02:14]    Failed samples: ['07-02-2026 6:00 PM', '07-02-2026 6:00 PM', '07-02-2026 6:00 PM', '07-02-2026 6:00 PM', '07-02-2026 6:00 PM']
[2026-02-16 16:02:14] 🔄 Applying deduplication logic...
[2026-02-16 16:02:15] ✓ Rows after deduplication: 1814
[2026-02-16 16:02:15] 🗑️  Removed 89386 duplicate rows
[2026-02-16 16:02:15] ✅ Final End Date check: 1814/1814 non-null values
[2026-02-16 16:02:15] ✅ Sample final End Dates: ['14-02-2026 7:00 PM', '16-02-2026 11:00 AM', '10-02-2026 12:00 PM']
[2026-02-16 16:02:15] ✓ Saved master CSV: E:\GeM Portal Scraper\data\gem_all_bids.csv
[2026-02-16 16:02:15] ✓ Total unique bids saved: 1814
[2026-02-16 16:02:15] MERGE & DEDUPLICATION COMPLETED
[2026-02-16 16:02:15] ============================================================
[2026-02-16 16:02:15] ✅ Merge completed successfully
[2026-02-16 16:02:16] 📊 Analysis complete: 1814 total, 262 filtered
[2026-02-16 16:02:58] ✓ Saved 258 checked bids
[2026-02-16 16:02:58] ✓ Saved 259 checked bids
[2026-02-16 16:02:58] ✓ Saved 260 checked bids
[2026-02-16 16:02:58] ✓ Saved 261 checked bids
[2026-02-16 16:02:58] ✓ Saved 262 checked bids
[2026-02-16 16:07:01] 🚀 Launching Session 1 - Keyword: 'batter'
[2026-02-16 16:07:11] 🚀 Launching Session 2 - Keyword: 'batter'
[2026-02-16 16:07:21] 🚀 Launching Session 3 - Keyword: 'batter'
[2026-02-16 16:07:31] 🚀 Launching Session 4 - Keyword: 'batter'
[2026-02-16 16:11:59] 📋 Session CSVs detected - running merge before analysis
[2026-02-16 16:11:59] ============================================================
[2026-02-16 16:11:59] STARTING MERGE & DEDUPLICATION
[2026-02-16 16:12:00] ✓ Loaded Session 1: 23788 rows from gem_all_bids_session1.csv
[2026-02-16 16:12:00]   → End Date: 23788/23788 non-null values
[2026-02-16 16:12:00]   → Sample: 07-02-2026 6:00 PM
[2026-02-16 16:12:00] ✓ Loaded Session 2: 23587 rows from gem_all_bids_session2.csv
[2026-02-16 16:12:00]   → End Date: 23587/23587 non-null values
[2026-02-16 16:12:00]   → Sample: 07-02-2026 6:00 PM
[2026-02-16 16:12:00] ✓ Loaded Session 3: 23555 rows from gem_all_bids_session3.csv
[2026-02-16 16:12:00]   → End Date: 23555/23555 non-null values
[2026-02-16 16:12:00]   → Sample: 07-02-2026 6:00 PM
[2026-02-16 16:12:00] ✓ Loaded Session 4: 24380 rows from gem_all_bids_session4.csv
[2026-02-16 16:12:00]   → End Date: 24380/24380 non-null values
[2026-02-16 16:12:00]   → Sample: 07-02-2026 6:00 PM
[2026-02-16 16:12:00] 📊 Total rows before deduplication: 95310
[2026-02-16 16:12:00] 📊 End Date after concat: 95310/95310 non-null values
[2026-02-16 16:12:00] 📊 Sample End Dates: ['07-02-2026 6:00 PM', '07-02-2026 6:00 PM', '07-02-2026 6:00 PM']
[2026-02-16 16:12:00] ⚠️  Warning: 95310 End Dates failed to parse
[2026-02-16 16:12:00]    Failed samples: ['07-02-2026 6:00 PM', '07-02-2026 6:00 PM', '07-02-2026 6:00 PM', '07-02-2026 6:00 PM', '07-02-2026 6:00 PM']
[2026-02-16 16:12:00] 🔄 Applying deduplication logic...
[2026-02-16 16:12:01] ✓ Rows after deduplication: 1814
[2026-02-16 16:12:01] 🗑️  Removed 93496 duplicate rows
[2026-02-16 16:12:01] ✅ Final End Date check: 1814/1814 non-null values
[2026-02-16 16:12:01] ✅ Sample final End Dates: ['14-02-2026 7:00 PM', '16-02-2026 11:00 AM', '10-02-2026 12:00 PM']
[2026-02-16 16:12:01] ✓ Saved master CSV: E:\GeM Portal Scraper\data\gem_all_bids.csv
[2026-02-16 16:12:01] ✓ Total unique bids saved: 1814
[2026-02-16 16:12:01] MERGE & DEDUPLICATION COMPLETED
[2026-02-16 16:12:01] ============================================================
[2026-02-16 16:12:01] ✅ Merge completed successfully
[2026-02-16 16:12:02] 📊 Analysis complete: 1814 total, 262 filtered
[2026-02-16 16:20:13] 🚀 Launching Session 1 - Keyword: 'batter'
[2026-02-16 16:20:23] 🚀 Launching Session 2 - Keyword: 'batter'
[2026-02-16 16:20:33] 🚀 Launching Session 3 - Keyword: 'batter'
[2026-02-16 16:20:43] 🚀 Launching Session 4 - Keyword: 'batter'
[2026-02-16 16:24:57] 📋 Session CSVs detected - running merge before analysis
[2026-02-16 16:24:57] ============================================================
[2026-02-16 16:24:57] STARTING MERGE & DEDUPLICATION
[2026-02-16 16:24:57] ✓ Loaded Session 1: 24820 rows from gem_all_bids_session1.csv
[2026-02-16 16:24:57]   → End Date: 24820/24820 non-null values
[2026-02-16 16:24:57]   → Sample: 07-02-2026 6:00 PM
[2026-02-16 16:24:57] ✓ Loaded Session 2: 24609 rows from gem_all_bids_session2.csv
[2026-02-16 16:24:57]   → End Date: 24609/24609 non-null values
[2026-02-16 16:24:57]   → Sample: 07-02-2026 6:00 PM
[2026-02-16 16:24:58] ✓ Loaded Session 3: 24564 rows from gem_all_bids_session3.csv
[2026-02-16 16:24:58]   → End Date: 24564/24564 non-null values
[2026-02-16 16:24:58]   → Sample: 07-02-2026 6:00 PM
[2026-02-16 16:24:58] ✓ Loaded Session 4: 25415 rows from gem_all_bids_session4.csv
[2026-02-16 16:24:58]   → End Date: 25415/25415 non-null values
[2026-02-16 16:24:58]   → Sample: 07-02-2026 6:00 PM
[2026-02-16 16:24:58] 📊 Total rows before deduplication: 99408
[2026-02-16 16:24:58] 📊 End Date after concat: 99408/99408 non-null values
[2026-02-16 16:24:58] 📊 Sample End Dates: ['07-02-2026 6:00 PM', '07-02-2026 6:00 PM', '07-02-2026 6:00 PM']
[2026-02-16 16:24:58] ⚠️  Warning: 99408 End Dates failed to parse
[2026-02-16 16:24:58]    Failed samples: ['07-02-2026 6:00 PM', '07-02-2026 6:00 PM', '07-02-2026 6:00 PM', '07-02-2026 6:00 PM', '07-02-2026 6:00 PM']
[2026-02-16 16:24:58] 🔄 Applying deduplication logic...
[2026-02-16 16:24:59] ✓ Rows after deduplication: 1815
[2026-02-16 16:24:59] 🗑️  Removed 97593 duplicate rows
[2026-02-16 16:24:59] ✅ Final End Date check: 1815/1815 non-null values
[2026-02-16 16:24:59] ✅ Sample final End Dates: ['14-02-2026 7:00 PM', '16-02-2026 11:00 AM', '10-02-2026 12:00 PM']
[2026-02-16 16:24:59] ✓ Saved master CSV: E:\GeM Portal Scraper\data\gem_all_bids.csv
[2026-02-16 16:24:59] ✓ Total unique bids saved: 1815
[2026-02-16 16:24:59] MERGE & DEDUPLICATION COMPLETED
[2026-02-16 16:24:59] ============================================================
[2026-02-16 16:24:59] ✅ Merge completed successfully
[2026-02-16 16:25:00] 📊 Analysis complete: 1815 total, 262 filtered
[2026-02-16 16:31:54] 🚀 Launching Session 1 - Keyword: 'batter'
[2026-02-16 16:32:04] 🚀 Launching Session 2 - Keyword: 'batter'
[2026-02-16 16:32:14] 🚀 Launching Session 3 - Keyword: 'batter'
[2026-02-16 16:32:24] 🚀 Launching Session 4 - Keyword: 'batter'
[2026-02-16 16:39:15] ✓ Session 1 completed (1/4)
[2026-02-16 16:39:15] ✓ Session 1 completed (1/4)
[2026-02-16 16:39:34] ✓ Session 2 completed (2/4)
[2026-02-16 16:39:35] ✓ Session 2 completed (2/4)
[2026-02-16 16:39:41] ✓ Session 3 completed (3/4)
[2026-02-16 16:39:42] ✓ Session 3 completed (3/4)
[2026-02-16 16:39:51] ✓ Session 4 completed (4/4)
[2026-02-16 16:39:51] ✅ All 4 sessions completed! Starting merge...
[2026-02-16 16:39:51] ============================================================
[2026-02-16 16:39:51] STARTING MERGE & DEDUPLICATION
[2026-02-16 16:39:51] ✓ Loaded Session 1: 25851 rows from gem_all_bids_session1.csv
[2026-02-16 16:39:51]   → End Date: 25851/25851 non-null values
[2026-02-16 16:39:51]   → Sample: 07-02-2026 6:00 PM
[2026-02-16 16:39:51] ✓ Loaded Session 2: 25650 rows from gem_all_bids_session2.csv
[2026-02-16 16:39:51]   → End Date: 25650/25650 non-null values
[2026-02-16 16:39:51]   → Sample: 07-02-2026 6:00 PM
[2026-02-16 16:39:51] ✓ Loaded Session 3: 25603 rows from gem_all_bids_session3.csv
[2026-02-16 16:39:51]   → End Date: 25603/25603 non-null values
[2026-02-16 16:39:51]   → Sample: 07-02-2026 6:00 PM
[2026-02-16 16:39:51] ✓ Loaded Session 4: 26470 rows from gem_all_bids_session4.csv
[2026-02-16 16:39:51]   → End Date: 26470/26470 non-null values
[2026-02-16 16:39:51]   → Sample: 07-02-2026 6:00 PM
[2026-02-16 16:39:51] 📊 Total rows before deduplication: 103574
[2026-02-16 16:39:51] 📊 End Date after concat: 103574/103574 non-null values
[2026-02-16 16:39:51] 📊 Sample End Dates: ['07-02-2026 6:00 PM', '07-02-2026 6:00 PM', '07-02-2026 6:00 PM']
[2026-02-16 16:39:51] ⚠️  Warning: 103574 End Dates failed to parse
[2026-02-16 16:39:52] ✓ Session 4 completed (4/4)
[2026-02-16 16:39:52]    Failed samples: ['07-02-2026 6:00 PM', '07-02-2026 6:00 PM', '07-02-2026 6:00 PM', '07-02-2026 6:00 PM', '07-02-2026 6:00 PM']
[2026-02-16 16:39:52] ✅ All 4 sessions completed! Starting merge...
[2026-02-16 16:39:52] ============================================================
[2026-02-16 16:39:52] STARTING MERGE & DEDUPLICATION
[2026-02-16 16:39:52] 🔄 Applying deduplication logic...
[2026-02-16 16:39:53] ✓ Rows after deduplication: 1816
[2026-02-16 16:39:53] 🗑️  Removed 101758 duplicate rows
[2026-02-16 16:39:53] ✓ Loaded Session 1: 25851 rows from gem_all_bids_session1.csv
[2026-02-16 16:39:53] ✅ Final End Date check: 1816/1816 non-null values
[2026-02-16 16:39:53] ✅ Sample final End Dates: ['14-02-2026 7:00 PM', '16-02-2026 11:00 AM', '10-02-2026 12:00 PM']
[2026-02-16 16:39:53]   → End Date: 25851/25851 non-null values
[2026-02-16 16:39:53]   → Sample: 07-02-2026 6:00 PM
[2026-02-16 16:39:53] ✓ Saved master CSV: E:\GeM Portal Scraper\data\gem_all_bids.csv
[2026-02-16 16:39:53] ✓ Total unique bids saved: 1816
[2026-02-16 16:39:53] MERGE & DEDUPLICATION COMPLETED
[2026-02-16 16:39:53] ============================================================
[2026-02-16 16:39:53] 🎉 EXTRACTION COMPLETE - All sessions merged and deduplicated
[2026-02-16 16:39:53] ✓ Loaded Session 2: 25650 rows from gem_all_bids_session2.csv
[2026-02-16 16:39:53]   → End Date: 25650/25650 non-null values
[2026-02-16 16:39:53]   → Sample: 07-02-2026 6:00 PM
[2026-02-16 16:39:53] ✓ Loaded Session 3: 25603 rows from gem_all_bids_session3.csv
[2026-02-16 16:39:53]   → End Date: 25603/25603 non-null values
[2026-02-16 16:39:53]   → Sample: 07-02-2026 6:00 PM
[2026-02-16 16:39:53] ✓ Loaded Session 4: 26470 rows from gem_all_bids_session4.csv
[2026-02-16 16:39:53]   → End Date: 26470/26470 non-null values
[2026-02-16 16:39:53]   → Sample: 07-02-2026 6:00 PM
[2026-02-16 16:39:53] 📊 Total rows before deduplication: 103574
[2026-02-16 16:39:53] 📊 End Date after concat: 103574/103574 non-null values
[2026-02-16 16:39:53] 📊 Sample End Dates: ['07-02-2026 6:00 PM', '07-02-2026 6:00 PM', '07-02-2026 6:00 PM']
[2026-02-16 16:39:53] ⚠️  Warning: 103574 End Dates failed to parse
[2026-02-16 16:39:53]    Failed samples: ['07-02-2026 6:00 PM', '07-02-2026 6:00 PM', '07-02-2026 6:00 PM', '07-02-2026 6:00 PM', '07-02-2026 6:00 PM']
[2026-02-16 16:39:53] 🔄 Applying deduplication logic...
[2026-02-16 16:39:54] ✓ Rows after deduplication: 1816
[2026-02-16 16:39:54] 🗑️  Removed 101758 duplicate rows
[2026-02-16 16:39:54] ✅ Final End Date check: 1816/1816 non-null values
[2026-02-16 16:39:54] ✅ Sample final End Dates: ['14-02-2026 7:00 PM', '16-02-2026 11:00 AM', '10-02-2026 12:00 PM']
[2026-02-16 16:39:54] ✓ Saved master CSV: E:\GeM Portal Scraper\data\gem_all_bids.csv
[2026-02-16 16:39:54] ✓ Total unique bids saved: 1816
[2026-02-16 16:39:54] MERGE & DEDUPLICATION COMPLETED
[2026-02-16 16:39:54] ============================================================
[2026-02-16 16:39:54] 🎉 EXTRACTION COMPLETE - All sessions merged and deduplicated
[2026-02-16 16:42:14] 🚀 Launching Session 1 - Keyword: 'batter'
[2026-02-16 16:42:24] 🚀 Launching Session 2 - Keyword: 'batter'
[2026-02-16 16:42:34] 🚀 Launching Session 3 - Keyword: 'batter'
[2026-02-16 16:42:44] 🚀 Launching Session 4 - Keyword: 'batter'
[2026-02-16 16:49:31] 📋 Session CSVs detected - running merge before analysis
[2026-02-16 16:49:31] ============================================================
[2026-02-16 16:49:31] STARTING MERGE & DEDUPLICATION
[2026-02-16 16:49:31] ✓ Loaded Session 1: 26883 rows from gem_all_bids_session1.csv
[2026-02-16 16:49:31]   → End Date: 26883/26883 non-null values
[2026-02-16 16:49:31]   → Sample: 07-02-2026 6:00 PM
[2026-02-16 16:49:32] ✓ Loaded Session 2: 26684 rows from gem_all_bids_session2.csv
[2026-02-16 16:49:32]   → End Date: 26684/26684 non-null values
[2026-02-16 16:49:32]   → Sample: 07-02-2026 6:00 PM
[2026-02-16 16:49:32] ✓ Loaded Session 3: 26657 rows from gem_all_bids_session3.csv
[2026-02-16 16:49:32]   → End Date: 26657/26657 non-null values
[2026-02-16 16:49:32]   → Sample: 07-02-2026 6:00 PM
[2026-02-16 16:49:32] ✓ Loaded Session 4: 27510 rows from gem_all_bids_session4.csv
[2026-02-16 16:49:32]   → End Date: 27510/27510 non-null values
[2026-02-16 16:49:32]   → Sample: 07-02-2026 6:00 PM
[2026-02-16 16:49:32] 📊 Total rows before deduplication: 107734
[2026-02-16 16:49:32] 📊 End Date after concat: 107734/107734 non-null values
[2026-02-16 16:49:32] 📊 Sample End Dates: ['07-02-2026 6:00 PM', '07-02-2026 6:00 PM', '07-02-2026 6:00 PM']
[2026-02-16 16:49:32] ⚠️  Warning: 107734 End Dates failed to parse
[2026-02-16 16:49:32]    Failed samples: ['07-02-2026 6:00 PM', '07-02-2026 6:00 PM', '07-02-2026 6:00 PM', '07-02-2026 6:00 PM', '07-02-2026 6:00 PM']
[2026-02-16 16:49:32] 🔄 Applying deduplication logic...
[2026-02-16 16:49:33] ✓ Rows after deduplication: 1816
[2026-02-16 16:49:33] 🗑️  Removed 105918 duplicate rows
[2026-02-16 16:49:33] ✅ Final End Date check: 1816/1816 non-null values
[2026-02-16 16:49:33] ✅ Sample final End Dates: ['14-02-2026 7:00 PM', '16-02-2026 11:00 AM', '10-02-2026 12:00 PM']
[2026-02-16 16:49:33] ✓ Saved master CSV: E:\GeM Portal Scraper\data\gem_all_bids.csv
[2026-02-16 16:49:33] ✓ Total unique bids saved: 1816
[2026-02-16 16:49:33] MERGE & DEDUPLICATION COMPLETED
[2026-02-16 16:49:33] ============================================================
[2026-02-16 16:49:33] ✅ Merge completed successfully
[2026-02-16 16:49:34] 📊 Analysis complete: 1816 total, 262 filtered
[2026-02-16 16:57:44] 🚀 Launching Session 1 - Keyword: 'batter'
[2026-02-16 16:57:54] 🚀 Launching Session 2 - Keyword: 'batter'
[2026-02-16 16:58:04] 🚀 Launching Session 3 - Keyword: 'batter'
[2026-02-16 16:58:14] 🚀 Launching Session 4 - Keyword: 'batter'
[2026-02-16 17:03:44] 🚀 Launching Session 1 - Keyword: 'batter'
[2026-02-16 17:03:54] 🚀 Launching Session 2 - Keyword: 'batter'
[2026-02-16 17:04:04] 🚀 Launching Session 3 - Keyword: 'batter'
[2026-02-16 17:04:14] 🚀 Launching Session 4 - Keyword: 'batter'
[2026-02-16 17:05:17] ⚠️  Monitor error: Expecting value: line 1 column 1 (char 0)
[2026-02-16 17:08:56] 📋 Session CSVs detected - running merge before analysis
[2026-02-16 17:08:56] ============================================================
[2026-02-16 17:08:56] STARTING MERGE & DEDUPLICATION
[2026-02-16 17:08:56] ✓ Loaded Session 1: 28668 rows from gem_all_bids_session1.csv
[2026-02-16 17:08:56]   → End Date: 28668/28668 non-null values
[2026-02-16 17:08:56]   → Sample: 07-02-2026 6:00 PM
[2026-02-16 17:08:56] ✓ Loaded Session 2: 28462 rows from gem_all_bids_session2.csv
[2026-02-16 17:08:56]   → End Date: 28462/28462 non-null values
[2026-02-16 17:08:56]   → Sample: 07-02-2026 6:00 PM
[2026-02-16 17:08:56] ✓ Loaded Session 3: 28391 rows from gem_all_bids_session3.csv
[2026-02-16 17:08:56]   → End Date: 28391/28391 non-null values
[2026-02-16 17:08:56]   → Sample: 07-02-2026 6:00 PM
[2026-02-16 17:08:56] ✓ Loaded Session 4: 29220 rows from gem_all_bids_session4.csv
[2026-02-16 17:08:56]   → End Date: 29220/29220 non-null values
[2026-02-16 17:08:56]   → Sample: 07-02-2026 6:00 PM
[2026-02-16 17:08:56] 📊 Total rows before deduplication: 114741
[2026-02-16 17:08:56] 📊 End Date after concat: 114741/114741 non-null values
[2026-02-16 17:08:56] 📊 Sample End Dates: ['07-02-2026 6:00 PM', '07-02-2026 6:00 PM', '07-02-2026 6:00 PM']
[2026-02-16 17:08:56] ⚠️  Warning: 114741 End Dates failed to parse
[2026-02-16 17:08:56]    Failed samples: ['07-02-2026 6:00 PM', '07-02-2026 6:00 PM', '07-02-2026 6:00 PM', '07-02-2026 6:00 PM', '07-02-2026 6:00 PM']
[2026-02-16 17:08:56] 🔄 Applying deduplication logic...
[2026-02-16 17:08:57] ✓ Rows after deduplication: 1820
[2026-02-16 17:08:57] 🗑️  Removed 112921 duplicate rows
[2026-02-16 17:08:57] ✅ Final End Date check: 1820/1820 non-null values
[2026-02-16 17:08:57] ✅ Sample final End Dates: ['14-02-2026 7:00 PM', '16-02-2026 11:00 AM', '10-02-2026 12:00 PM']
[2026-02-16 17:08:57] ✓ Saved master CSV: E:\GeM Portal Scraper\data\gem_all_bids.csv
[2026-02-16 17:08:57] ✓ Total unique bids saved: 1820
[2026-02-16 17:08:57] MERGE & DEDUPLICATION COMPLETED
[2026-02-16 17:08:57] ============================================================
[2026-02-16 17:08:57] ✅ Merge completed successfully
[2026-02-16 17:08:58] 📊 Analysis complete: 1820 total, 263 filtered
[2026-02-16 17:09:47] ✓ Saved 263 checked bids
[2026-02-16 17:11:23] 🚀 Launching Session 1 - Keyword: 'batter'
[2026-02-16 17:11:33] 🚀 Launching Session 2 - Keyword: 'batter'
[2026-02-16 17:11:43] 🚀 Launching Session 3 - Keyword: 'batter'
[2026-02-16 17:11:53] 🚀 Launching Session 4 - Keyword: 'batter'
[2026-02-16 17:17:08] 📋 Session CSVs detected - running merge before analysis
[2026-02-16 17:17:08] ============================================================
[2026-02-16 17:17:08] STARTING MERGE & DEDUPLICATION
[2026-02-16 17:17:09] ✓ Loaded Session 1: 29692 rows from gem_all_bids_session1.csv
[2026-02-16 17:17:09]   → End Date: 29692/29692 non-null values
[2026-02-16 17:17:09]   → Sample: 07-02-2026 6:00 PM
[2026-02-16 17:17:09] ✓ Loaded Session 2: 29498 rows from gem_all_bids_session2.csv
[2026-02-16 17:17:09]   → End Date: 29498/29498 non-null values
[2026-02-16 17:17:09]   → Sample: 07-02-2026 6:00 PM
[2026-02-16 17:17:09] ✓ Loaded Session 3: 29416 rows from gem_all_bids_session3.csv
[2026-02-16 17:17:09]   → End Date: 29416/29416 non-null values
[2026-02-16 17:17:09]   → Sample: 07-02-2026 6:00 PM
[2026-02-16 17:17:09] ✓ Loaded Session 4: 30240 rows from gem_all_bids_session4.csv
[2026-02-16 17:17:09]   → End Date: 30240/30240 non-null values
[2026-02-16 17:17:09]   → Sample: 07-02-2026 6:00 PM
[2026-02-16 17:17:09] 📊 Total rows before deduplication: 118846
[2026-02-16 17:17:09] 📊 End Date after concat: 118846/118846 non-null values
[2026-02-16 17:17:09] 📊 Sample End Dates: ['07-02-2026 6:00 PM', '07-02-2026 6:00 PM', '07-02-2026 6:00 PM']
[2026-02-16 17:17:10] ⚠️  Warning: 118846 End Dates failed to parse
[2026-02-16 17:17:10]    Failed samples: ['07-02-2026 6:00 PM', '07-02-2026 6:00 PM', '07-02-2026 6:00 PM', '07-02-2026 6:00 PM', '07-02-2026 6:00 PM']
[2026-02-16 17:17:10] 🔄 Applying deduplication logic...
[2026-02-16 17:17:11] ✓ Rows after deduplication: 1825
[2026-02-16 17:17:11] 🗑️  Removed 117021 duplicate rows
[2026-02-16 17:17:11] ✅ Final End Date check: 1825/1825 non-null values
[2026-02-16 17:17:11] ✅ Sample final End Dates: ['14-02-2026 7:00 PM', '16-02-2026 11:00 AM', '10-02-2026 12:00 PM']
[2026-02-16 17:17:11] ✓ Saved master CSV: E:\GeM Portal Scraper\data\gem_all_bids.csv
[2026-02-16 17:17:11] ✓ Total unique bids saved: 1825
[2026-02-16 17:17:11] MERGE & DEDUPLICATION COMPLETED
[2026-02-16 17:17:11] ============================================================
[2026-02-16 17:17:11] ✅ Merge completed successfully
[2026-02-16 17:17:12] 📊 Analysis complete: 1825 total, 264 filtered
[2026-02-16 17:18:02] ✓ Saved 264 checked bids
[2026-02-16 17:18:45] 📋 Session CSVs detected - running merge before analysis
[2026-02-16 17:18:45] ============================================================
[2026-02-16 17:18:45] STARTING MERGE & DEDUPLICATION
[2026-02-16 17:18:46] ✓ Loaded Session 1: 29692 rows from gem_all_bids_session1.csv
[2026-02-16 17:18:46]   → End Date: 29692/29692 non-null values
[2026-02-16 17:18:46]   → Sample: 07-02-2026 6:00 PM
[2026-02-16 17:18:46] ✓ Loaded Session 2: 29498 rows from gem_all_bids_session2.csv
[2026-02-16 17:18:46]   → End Date: 29498/29498 non-null values
[2026-02-16 17:18:46]   → Sample: 07-02-2026 6:00 PM
[2026-02-16 17:18:46] ✓ Loaded Session 3: 29416 rows from gem_all_bids_session3.csv
[2026-02-16 17:18:46]   → End Date: 29416/29416 non-null values
[2026-02-16 17:18:46]   → Sample: 07-02-2026 6:00 PM
[2026-02-16 17:18:46] ✓ Loaded Session 4: 30240 rows from gem_all_bids_session4.csv
[2026-02-16 17:18:46]   → End Date: 30240/30240 non-null values
[2026-02-16 17:18:46]   → Sample: 07-02-2026 6:00 PM
[2026-02-16 17:18:46] 📊 Total rows before deduplication: 118846
[2026-02-16 17:18:46] 📊 End Date after concat: 118846/118846 non-null values
[2026-02-16 17:18:46] 📊 Sample End Dates: ['07-02-2026 6:00 PM', '07-02-2026 6:00 PM', '07-02-2026 6:00 PM']
[2026-02-16 17:18:46] ⚠️  Warning: 118846 End Dates failed to parse
[2026-02-16 17:18:46]    Failed samples: ['07-02-2026 6:00 PM', '07-02-2026 6:00 PM', '07-02-2026 6:00 PM', '07-02-2026 6:00 PM', '07-02-2026 6:00 PM']
[2026-02-16 17:18:46] 🔄 Applying deduplication logic...
[2026-02-16 17:18:47] ✓ Rows after deduplication: 1825
[2026-02-16 17:18:47] 🗑️  Removed 117021 duplicate rows
[2026-02-16 17:18:47] ✅ Final End Date check: 1825/1825 non-null values
[2026-02-16 17:18:47] ✅ Sample final End Dates: ['14-02-2026 7:00 PM', '16-02-2026 11:00 AM', '10-02-2026 12:00 PM']
[2026-02-16 17:18:47] ✓ Saved master CSV: E:\GeM Portal Scraper\data\gem_all_bids.csv
[2026-02-16 17:18:47] ✓ Total unique bids saved: 1825
[2026-02-16 17:18:47] MERGE & DEDUPLICATION COMPLETED
[2026-02-16 17:18:47] ============================================================
[2026-02-16 17:18:47] ✅ Merge completed successfully
[2026-02-16 17:18:48] 📊 Analysis complete: 1825 total, 264 filtered
[2026-02-16 17:19:52] ✓ Saved 263 checked bids
[2026-02-16 17:20:08] ✓ Saved 264 checked bids
[2026-02-16 17:35:50] 🚀 Launching Session 1 - Keyword: 'batter'
[2026-02-16 17:36:00] 🚀 Launching Session 2 - Keyword: 'batter'
[2026-02-16 17:36:10] 🚀 Launching Session 3 - Keyword: 'batter'
[2026-02-16 17:36:20] 🚀 Launching Session 4 - Keyword: 'batter'
[2026-02-16 17:43:44] 📋 Session CSVs detected - running merge before analysis
[2026-02-16 17:43:44] ============================================================
[2026-02-16 17:43:44] STARTING MERGE & DEDUPLICATION
[2026-02-16 17:43:45] ✓ Loaded Session 1: 30731 rows from gem_all_bids_session1.csv
[2026-02-16 17:43:45]   → End Date: 30731/30731 non-null values
[2026-02-16 17:43:45]   → Sample: 07-02-2026 6:00 PM
[2026-02-16 17:43:45] ✓ Loaded Session 2: 30528 rows from gem_all_bids_session2.csv
[2026-02-16 17:43:45]   → End Date: 30528/30528 non-null values
[2026-02-16 17:43:45]   → Sample: 07-02-2026 6:00 PM
[2026-02-16 17:43:45] ✓ Loaded Session 3: 30442 rows from gem_all_bids_session3.csv
[2026-02-16 17:43:45]   → End Date: 30442/30442 non-null values
[2026-02-16 17:43:45]   → Sample: 07-02-2026 6:00 PM
[2026-02-16 17:43:45] ✓ Loaded Session 4: 31269 rows from gem_all_bids_session4.csv
[2026-02-16 17:43:45]   → End Date: 31269/31269 non-null values
[2026-02-16 17:43:45]   → Sample: 07-02-2026 6:00 PM
[2026-02-16 17:43:45] 📊 Total rows before deduplication: 122970
[2026-02-16 17:43:45] 📊 End Date after concat: 122970/122970 non-null values
[2026-02-16 17:43:45] 📊 Sample End Dates: ['07-02-2026 6:00 PM', '07-02-2026 6:00 PM', '07-02-2026 6:00 PM']
[2026-02-16 17:43:45] ⚠️  Warning: 122970 End Dates failed to parse
[2026-02-16 17:43:45]    Failed samples: ['07-02-2026 6:00 PM', '07-02-2026 6:00 PM', '07-02-2026 6:00 PM', '07-02-2026 6:00 PM', '07-02-2026 6:00 PM']
[2026-02-16 17:43:45] 🔄 Applying deduplication logic...
[2026-02-16 17:43:47] ✓ Rows after deduplication: 1827
[2026-02-16 17:43:47] 🗑️  Removed 121143 duplicate rows
[2026-02-16 17:43:47] ✅ Final End Date check: 1827/1827 non-null values
[2026-02-16 17:43:47] ✅ Sample final End Dates: ['14-02-2026 7:00 PM', '16-02-2026 11:00 AM', '10-02-2026 12:00 PM']
[2026-02-16 17:43:47] ✓ Saved master CSV: E:\GeM Portal Scraper\data\gem_all_bids.csv
[2026-02-16 17:43:47] ✓ Total unique bids saved: 1827
[2026-02-16 17:43:47] MERGE & DEDUPLICATION COMPLETED
[2026-02-16 17:43:47] ============================================================
[2026-02-16 17:43:47] ✅ Merge completed successfully
[2026-02-16 17:43:48] 📊 Analysis complete: 1827 total, 264 filtered
[2026-02-16 17:54:02] 🚀 Launching Session 1 - Keyword: 'batter'
[2026-02-16 17:54:12] 🚀 Launching Session 2 - Keyword: 'batter'
[2026-02-16 17:54:22] 🚀 Launching Session 3 - Keyword: 'batter'
[2026-02-16 17:54:32] 🚀 Launching Session 4 - Keyword: 'batter'
[2026-02-16 17:58:36] ✓ Session 1 completed (1/4)
[2026-02-16 17:58:43] ✓ Session 2 completed (2/4)
[2026-02-16 17:58:50] ✓ Session 3 completed (3/4)
[2026-02-16 17:59:45] ✓ Session 4 completed (4/4)
[2026-02-16 17:59:45] ✅ All 4 sessions completed! Starting merge...
[2026-02-16 17:59:45] ============================================================
[2026-02-16 17:59:45] STARTING MERGE & DEDUPLICATION
[2026-02-16 17:59:45] ✓ Loaded Session 1: 31747 rows from gem_all_bids_session1.csv
[2026-02-16 17:59:45]   → End Date: 31747/31747 non-null values
[2026-02-16 17:59:45]   → Sample: 07-02-2026 6:00 PM
[2026-02-16 17:59:45] ✓ Loaded Session 2: 31560 rows from gem_all_bids_session2.csv
[2026-02-16 17:59:45]   → End Date: 31560/31560 non-null values
[2026-02-16 17:59:45]   → Sample: 07-02-2026 6:00 PM
[2026-02-16 17:59:45] ✓ Loaded Session 3: 31471 rows from gem_all_bids_session3.csv
[2026-02-16 17:59:45]   → End Date: 31471/31471 non-null values
[2026-02-16 17:59:45]   → Sample: 07-02-2026 6:00 PM
[2026-02-16 17:59:45] ✓ Loaded Session 4: 32282 rows from gem_all_bids_session4.csv
[2026-02-16 17:59:45]   → End Date: 32282/32282 non-null values
[2026-02-16 17:59:45]   → Sample: 07-02-2026 6:00 PM
[2026-02-16 17:59:45] 📊 Total rows before deduplication: 127060
[2026-02-16 17:59:45] 📊 End Date after concat: 127060/127060 non-null values
[2026-02-16 17:59:45] 📊 Sample End Dates: ['07-02-2026 6:00 PM', '07-02-2026 6:00 PM', '07-02-2026 6:00 PM']
[2026-02-16 17:59:45] ⚠️  Warning: 127060 End Dates failed to parse
[2026-02-16 17:59:45]    Failed samples: ['07-02-2026 6:00 PM', '07-02-2026 6:00 PM', '07-02-2026 6:00 PM', '07-02-2026 6:00 PM', '07-02-2026 6:00 PM']
[2026-02-16 17:59:45] 🔄 Applying deduplication logic...
[2026-02-16 17:59:46] ✓ Rows after deduplication: 1834
[2026-02-16 17:59:46] 🗑️  Removed 125226 duplicate rows
[2026-02-16 17:59:46] ✅ Final End Date check: 1834/1834 non-null values
[2026-02-16 17:59:46] ✅ Sample final End Dates: ['18-02-2026 6:00 PM', '14-02-2026 7:00 PM', '16-02-2026 11:00 AM']
[2026-02-16 17:59:46] ✓ Saved master CSV: E:\GeM Portal Scraper\data\gem_all_bids.csv
[2026-02-16 17:59:46] ✓ Total unique bids saved: 1834
[2026-02-16 17:59:46] MERGE & DEDUPLICATION COMPLETED
[2026-02-16 17:59:46] ============================================================
[2026-02-16 17:59:46] 🎉 EXTRACTION COMPLETE - All sessions merged and deduplicated
[2026-02-16 17:59:54] 📋 Session CSVs detected - running merge before analysis
[2026-02-16 17:59:54] ============================================================
[2026-02-16 17:59:54] STARTING MERGE & DEDUPLICATION
[2026-02-16 17:59:54] ✓ Loaded Session 1: 31747 rows from gem_all_bids_session1.csv
[2026-02-16 17:59:54]   → End Date: 31747/31747 non-null values
[2026-02-16 17:59:54]   → Sample: 07-02-2026 6:00 PM
[2026-02-16 17:59:54] ✓ Loaded Session 2: 31560 rows from gem_all_bids_session2.csv
[2026-02-16 17:59:54]   → End Date: 31560/31560 non-null values
[2026-02-16 17:59:54]   → Sample: 07-02-2026 6:00 PM
[2026-02-16 17:59:54] ✓ Loaded Session 3: 31471 rows from gem_all_bids_session3.csv
[2026-02-16 17:59:54]   → End Date: 31471/31471 non-null values
[2026-02-16 17:59:54]   → Sample: 07-02-2026 6:00 PM
[2026-02-16 17:59:54] ✓ Loaded Session 4: 32282 rows from gem_all_bids_session4.csv
[2026-02-16 17:59:54]   → End Date: 32282/32282 non-null values
[2026-02-16 17:59:54]   → Sample: 07-02-2026 6:00 PM
[2026-02-16 17:59:54] 📊 Total rows before deduplication: 127060
[2026-02-16 17:59:54] 📊 End Date after concat: 127060/127060 non-null values
[2026-02-16 17:59:54] 📊 Sample End Dates: ['07-02-2026 6:00 PM', '07-02-2026 6:00 PM', '07-02-2026 6:00 PM']
[2026-02-16 17:59:54] ⚠️  Warning: 127060 End Dates failed to parse
[2026-02-16 17:59:54]    Failed samples: ['07-02-2026 6:00 PM', '07-02-2026 6:00 PM', '07-02-2026 6:00 PM', '07-02-2026 6:00 PM', '07-02-2026 6:00 PM']
[2026-02-16 17:59:54] 🔄 Applying deduplication logic...
[2026-02-16 17:59:55] ✓ Rows after deduplication: 1834
[2026-02-16 17:59:55] 🗑️  Removed 125226 duplicate rows
[2026-02-16 17:59:55] ✅ Final End Date check: 1834/1834 non-null values
[2026-02-16 17:59:55] ✅ Sample final End Dates: ['18-02-2026 6:00 PM', '14-02-2026 7:00 PM', '16-02-2026 11:00 AM']
[2026-02-16 17:59:55] ✓ Saved master CSV: E:\GeM Portal Scraper\data\gem_all_bids.csv
[2026-02-16 17:59:55] ✓ Total unique bids saved: 1834
[2026-02-16 17:59:55] MERGE & DEDUPLICATION COMPLETED
[2026-02-16 17:59:55] ============================================================
[2026-02-16 17:59:55] ✅ Merge completed successfully
[2026-02-16 17:59:56] 📊 Analysis complete: 1834 total, 268 filtered
[2026-02-16 18:01:45] ✓ Saved 265 checked bids
[2026-02-16 18:01:45] ✓ Saved 266 checked bids
[2026-02-16 18:01:45] ✓ Saved 267 checked bids
[2026-02-16 18:03:50] ✓ Saved 268 checked bids
[2026-02-16 18:25:36] 🚀 Launching Session 1 - Keyword: 'batter'
[2026-02-16 18:25:46] 🚀 Launching Session 2 - Keyword: 'batter'
[2026-02-16 18:25:56] 🚀 Launching Session 3 - Keyword: 'batter'
[2026-02-16 18:26:06] 🚀 Launching Session 4 - Keyword: 'batter'
[2026-02-16 18:31:16] 📋 Session CSVs detected - running merge before analysis
[2026-02-16 18:31:16] ============================================================
[2026-02-16 18:31:16] STARTING MERGE & DEDUPLICATION
[2026-02-16 18:31:16] ✓ Loaded Session 1: 32780 rows from gem_all_bids_session1.csv
[2026-02-16 18:31:16]   → End Date: 32780/32780 non-null values
[2026-02-16 18:31:16]   → Sample: 07-02-2026 6:00 PM
[2026-02-16 18:31:16] ✓ Loaded Session 2: 32577 rows from gem_all_bids_session2.csv
[2026-02-16 18:31:16]   → End Date: 32577/32577 non-null values
[2026-02-16 18:31:16]   → Sample: 07-02-2026 6:00 PM
[2026-02-16 18:31:16] ✓ Loaded Session 3: 32505 rows from gem_all_bids_session3.csv
[2026-02-16 18:31:16]   → End Date: 32505/32505 non-null values
[2026-02-16 18:31:16]   → Sample: 07-02-2026 6:00 PM
[2026-02-16 18:31:17] ✓ Loaded Session 4: 33316 rows from gem_all_bids_session4.csv
[2026-02-16 18:31:17]   → End Date: 33316/33316 non-null values
[2026-02-16 18:31:17]   → Sample: 07-02-2026 6:00 PM
[2026-02-16 18:31:17] 📊 Total rows before deduplication: 131178
[2026-02-16 18:31:17] 📊 End Date after concat: 131178/131178 non-null values
[2026-02-16 18:31:17] 📊 Sample End Dates: ['07-02-2026 6:00 PM', '07-02-2026 6:00 PM', '07-02-2026 6:00 PM']
[2026-02-16 18:31:17] ⚠️  Warning: 131178 End Dates failed to parse
[2026-02-16 18:31:17]    Failed samples: ['07-02-2026 6:00 PM', '07-02-2026 6:00 PM', '07-02-2026 6:00 PM', '07-02-2026 6:00 PM', '07-02-2026 6:00 PM']
[2026-02-16 18:31:17] 🔄 Applying deduplication logic...
[2026-02-16 18:31:18] ✓ Rows after deduplication: 1842
[2026-02-16 18:31:18] 🗑️  Removed 129336 duplicate rows
[2026-02-16 18:31:18] ✅ Final End Date check: 1842/1842 non-null values
[2026-02-16 18:31:18] ✅ Sample final End Dates: ['18-02-2026 6:00 PM', '14-02-2026 7:00 PM', '16-02-2026 11:00 AM']
[2026-02-16 18:31:18] ✓ Saved master CSV: E:\GeM Portal Scraper\data\gem_all_bids.csv
[2026-02-16 18:31:18] ✓ Total unique bids saved: 1842
[2026-02-16 18:31:18] MERGE & DEDUPLICATION COMPLETED
[2026-02-16 18:31:18] ============================================================
[2026-02-16 18:31:18] ✅ Merge completed successfully
[2026-02-16 18:31:19] 📊 Analysis complete: 1842 total, 270 filtered
[2026-02-16 18:32:00] ✓ Saved 269 checked bids
[2026-02-16 18:32:00] ✓ Saved 270 checked bids
[2026-02-17 10:34:54] 🚀 Launching Session 1 - Keyword: 'batter'
[2026-02-17 10:35:04] 🚀 Launching Session 2 - Keyword: 'batter'
[2026-02-17 10:35:14] 🚀 Launching Session 3 - Keyword: 'batter'
[2026-02-17 10:35:24] 🚀 Launching Session 4 - Keyword: 'batter'
[2026-02-17 10:42:22] 📋 Session CSVs detected - running merge before analysis
[2026-02-17 10:42:22] ============================================================
[2026-02-17 10:42:22] STARTING MERGE & DEDUPLICATION
[2026-02-17 10:42:22] ✓ Loaded Session 1: 33820 rows from gem_all_bids_session1.csv
[2026-02-17 10:42:22]   → End Date: 33820/33820 non-null values
[2026-02-17 10:42:22]   → Sample: 07-02-2026 6:00 PM
[2026-02-17 10:42:22] ✓ Loaded Session 2: 33598 rows from gem_all_bids_session2.csv
[2026-02-17 10:42:22]   → End Date: 33598/33598 non-null values
[2026-02-17 10:42:22]   → Sample: 07-02-2026 6:00 PM
[2026-02-17 10:42:22] ✓ Loaded Session 3: 33528 rows from gem_all_bids_session3.csv
[2026-02-17 10:42:22]   → End Date: 33528/33528 non-null values
[2026-02-17 10:42:22]   → Sample: 07-02-2026 6:00 PM
[2026-02-17 10:42:22] ✓ Loaded Session 4: 34355 rows from gem_all_bids_session4.csv
[2026-02-17 10:42:22]   → End Date: 34355/34355 non-null values
[2026-02-17 10:42:22]   → Sample: 07-02-2026 6:00 PM
[2026-02-17 10:42:22] 📊 Total rows before deduplication: 135301
[2026-02-17 10:42:22] 📊 End Date after concat: 135301/135301 non-null values
[2026-02-17 10:42:22] 📊 Sample End Dates: ['07-02-2026 6:00 PM', '07-02-2026 6:00 PM', '07-02-2026 6:00 PM']
[2026-02-17 10:42:22] ⚠️  Warning: 135301 End Dates failed to parse
[2026-02-17 10:42:22]    Failed samples: ['07-02-2026 6:00 PM', '07-02-2026 6:00 PM', '07-02-2026 6:00 PM', '07-02-2026 6:00 PM', '07-02-2026 6:00 PM']
[2026-02-17 10:42:22] 🔄 Applying deduplication logic...
[2026-02-17 10:42:23] ✓ Rows after deduplication: 1867
[2026-02-17 10:42:23] 🗑️  Removed 133434 duplicate rows
[2026-02-17 10:42:23] ✅ Final End Date check: 1867/1867 non-null values
[2026-02-17 10:42:23] ✅ Sample final End Dates: ['18-02-2026 6:00 PM', '14-02-2026 7:00 PM', '16-02-2026 11:00 AM']
[2026-02-17 10:42:23] ✓ Saved master CSV: E:\GeM Portal Scraper\data\gem_all_bids.csv
[2026-02-17 10:42:23] ✓ Total unique bids saved: 1867
[2026-02-17 10:42:23] MERGE & DEDUPLICATION COMPLETED
[2026-02-17 10:42:23] ============================================================
[2026-02-17 10:42:23] ✅ Merge completed successfully
[2026-02-17 10:42:24] 📊 Analysis complete: 1867 total, 276 filtered
[2026-02-17 10:51:22] 🚀 Launching Session 1 - Keyword: 'batter'
[2026-02-17 10:51:32] 🚀 Launching Session 2 - Keyword: 'batter'
[2026-02-17 10:51:42] 🚀 Launching Session 3 - Keyword: 'batter'
[2026-02-17 10:51:52] 🚀 Launching Session 4 - Keyword: 'batter'
[2026-02-17 10:56:17] ✓ Session 1 completed (1/4)
[2026-02-17 10:56:18] ✓ Session 2 completed (2/4)
[2026-02-17 10:56:32] ✓ Session 3 completed (3/4)
[2026-02-17 10:56:46] ✓ Session 4 completed (4/4)
[2026-02-17 10:56:46] ✅ All 4 sessions completed! Starting merge...
[2026-02-17 10:56:46] ============================================================
[2026-02-17 10:56:46] STARTING MERGE & DEDUPLICATION
[2026-02-17 10:56:46] ✓ Loaded Session 1: 34848 rows from gem_all_bids_session1.csv
[2026-02-17 10:56:46]   → End Date: 34848/34848 non-null values
[2026-02-17 10:56:46]   → Sample: 07-02-2026 6:00 PM
[2026-02-17 10:56:46] ✓ Loaded Session 2: 34631 rows from gem_all_bids_session2.csv
[2026-02-17 10:56:46]   → End Date: 34631/34631 non-null values
[2026-02-17 10:56:46]   → Sample: 07-02-2026 6:00 PM
[2026-02-17 10:56:47] ✓ Loaded Session 3: 34553 rows from gem_all_bids_session3.csv
[2026-02-17 10:56:47]   → End Date: 34553/34553 non-null values
[2026-02-17 10:56:47]   → Sample: 07-02-2026 6:00 PM
[2026-02-17 10:56:47] ✓ Loaded Session 4: 35379 rows from gem_all_bids_session4.csv
[2026-02-17 10:56:47]   → End Date: 35379/35379 non-null values
[2026-02-17 10:56:47]   → Sample: 07-02-2026 6:00 PM
[2026-02-17 10:56:47] 📊 Total rows before deduplication: 139411
[2026-02-17 10:56:47] 📊 End Date after concat: 139411/139411 non-null values
[2026-02-17 10:56:47] 📊 Sample End Dates: ['07-02-2026 6:00 PM', '07-02-2026 6:00 PM', '07-02-2026 6:00 PM']
[2026-02-17 10:56:47] ⚠️  Warning: 139411 End Dates failed to parse
[2026-02-17 10:56:47]    Failed samples: ['07-02-2026 6:00 PM', '07-02-2026 6:00 PM', '07-02-2026 6:00 PM', '07-02-2026 6:00 PM', '07-02-2026 6:00 PM']
[2026-02-17 10:56:47] 🔄 Applying deduplication logic...
[2026-02-17 10:56:48] ✓ Rows after deduplication: 1870
[2026-02-17 10:56:48] 🗑️  Removed 137541 duplicate rows
[2026-02-17 10:56:48] ✅ Final End Date check: 1870/1870 non-null values
[2026-02-17 10:56:48] ✅ Sample final End Dates: ['18-02-2026 6:00 PM', '14-02-2026 7:00 PM', '16-02-2026 11:00 AM']
[2026-02-17 10:56:48] ✓ Saved master CSV: E:\GeM Portal Scraper\data\gem_all_bids.csv
[2026-02-17 10:56:48] ✓ Total unique bids saved: 1870
[2026-02-17 10:56:48] MERGE & DEDUPLICATION COMPLETED
[2026-02-17 10:56:48] ============================================================
[2026-02-17 10:56:48] 🎉 EXTRACTION COMPLETE - All sessions merged and deduplicated
[2026-02-17 10:57:14] 📋 Session CSVs detected - running merge before analysis
[2026-02-17 10:57:14] ============================================================
[2026-02-17 10:57:14] STARTING MERGE & DEDUPLICATION
[2026-02-17 10:57:14] ✓ Loaded Session 1: 34848 rows from gem_all_bids_session1.csv
[2026-02-17 10:57:14]   → End Date: 34848/34848 non-null values
[2026-02-17 10:57:14]   → Sample: 07-02-2026 6:00 PM
[2026-02-17 10:57:14] ✓ Loaded Session 2: 34631 rows from gem_all_bids_session2.csv
[2026-02-17 10:57:14]   → End Date: 34631/34631 non-null values
[2026-02-17 10:57:14]   → Sample: 07-02-2026 6:00 PM
[2026-02-17 10:57:14] ✓ Loaded Session 3: 34553 rows from gem_all_bids_session3.csv
[2026-02-17 10:57:14]   → End Date: 34553/34553 non-null values
[2026-02-17 10:57:14]   → Sample: 07-02-2026 6:00 PM
[2026-02-17 10:57:15] ✓ Loaded Session 4: 35379 rows from gem_all_bids_session4.csv
[2026-02-17 10:57:15]   → End Date: 35379/35379 non-null values
[2026-02-17 10:57:15]   → Sample: 07-02-2026 6:00 PM
[2026-02-17 10:57:15] 📊 Total rows before deduplication: 139411
[2026-02-17 10:57:15] 📊 End Date after concat: 139411/139411 non-null values
[2026-02-17 10:57:15] 📊 Sample End Dates: ['07-02-2026 6:00 PM', '07-02-2026 6:00 PM', '07-02-2026 6:00 PM']
[2026-02-17 10:57:15] ⚠️  Warning: 139411 End Dates failed to parse
[2026-02-17 10:57:15]    Failed samples: ['07-02-2026 6:00 PM', '07-02-2026 6:00 PM', '07-02-2026 6:00 PM', '07-02-2026 6:00 PM', '07-02-2026 6:00 PM']
[2026-02-17 10:57:15] 🔄 Applying deduplication logic...
[2026-02-17 10:57:16] ✓ Rows after deduplication: 1870
[2026-02-17 10:57:16] 🗑️  Removed 137541 duplicate rows
[2026-02-17 10:57:16] ✅ Final End Date check: 1870/1870 non-null values
[2026-02-17 10:57:16] ✅ Sample final End Dates: ['18-02-2026 6:00 PM', '14-02-2026 7:00 PM', '16-02-2026 11:00 AM']
[2026-02-17 10:57:16] ✓ Saved master CSV: E:\GeM Portal Scraper\data\gem_all_bids.csv
[2026-02-17 10:57:16] ✓ Total unique bids saved: 1870
[2026-02-17 10:57:16] MERGE & DEDUPLICATION COMPLETED
[2026-02-17 10:57:16] ============================================================
[2026-02-17 10:57:17] ✅ Merge completed successfully
[2026-02-17 10:57:17] 📊 Analysis complete: 1870 total, 278 filtered
[2026-02-17 10:57:24] 📋 Session CSVs detected - running merge before analysis
[2026-02-17 10:57:24] ============================================================
[2026-02-17 10:57:24] STARTING MERGE & DEDUPLICATION
[2026-02-17 10:57:25] ✓ Loaded Session 1: 34848 rows from gem_all_bids_session1.csv
[2026-02-17 10:57:25]   → End Date: 34848/34848 non-null values
[2026-02-17 10:57:25]   → Sample: 07-02-2026 6:00 PM
[2026-02-17 10:57:25] ✓ Loaded Session 2: 34631 rows from gem_all_bids_session2.csv
[2026-02-17 10:57:25]   → End Date: 34631/34631 non-null values
[2026-02-17 10:57:25]   → Sample: 07-02-2026 6:00 PM
[2026-02-17 10:57:25] ✓ Loaded Session 3: 34553 rows from gem_all_bids_session3.csv
[2026-02-17 10:57:25]   → End Date: 34553/34553 non-null values
[2026-02-17 10:57:25]   → Sample: 07-02-2026 6:00 PM
[2026-02-17 10:57:25] ✓ Loaded Session 4: 35379 rows from gem_all_bids_session4.csv
[2026-02-17 10:57:25]   → End Date: 35379/35379 non-null values
[2026-02-17 10:57:25]   → Sample: 07-02-2026 6:00 PM
[2026-02-17 10:57:25] 📊 Total rows before deduplication: 139411
[2026-02-17 10:57:25] 📊 End Date after concat: 139411/139411 non-null values
[2026-02-17 10:57:25] 📊 Sample End Dates: ['07-02-2026 6:00 PM', '07-02-2026 6:00 PM', '07-02-2026 6:00 PM']
[2026-02-17 10:57:25] ⚠️  Warning: 139411 End Dates failed to parse
[2026-02-17 10:57:25]    Failed samples: ['07-02-2026 6:00 PM', '07-02-2026 6:00 PM', '07-02-2026 6:00 PM', '07-02-2026 6:00 PM', '07-02-2026 6:00 PM']
[2026-02-17 10:57:25] 🔄 Applying deduplication logic...
[2026-02-17 10:57:26] ✓ Rows after deduplication: 1870
[2026-02-17 10:57:26] 🗑️  Removed 137541 duplicate rows
[2026-02-17 10:57:26] ✅ Final End Date check: 1870/1870 non-null values
[2026-02-17 10:57:26] ✅ Sample final End Dates: ['18-02-2026 6:00 PM', '14-02-2026 7:00 PM', '16-02-2026 11:00 AM']
[2026-02-17 10:57:26] ✓ Saved master CSV: E:\GeM Portal Scraper\data\gem_all_bids.csv
[2026-02-17 10:57:26] ✓ Total unique bids saved: 1870
[2026-02-17 10:57:26] MERGE & DEDUPLICATION COMPLETED
[2026-02-17 10:57:26] ============================================================
[2026-02-17 10:57:26] ✅ Merge completed successfully
[2026-02-17 10:57:27] 📊 Analysis complete: 1870 total, 278 filtered
[2026-02-17 10:59:03] ✓ Saved 271 checked bids
[2026-02-17 10:59:03] ✓ Saved 272 checked bids
[2026-02-17 10:59:03] ✓ Saved 273 checked bids
[2026-02-17 10:59:03] ✓ Saved 274 checked bids
[2026-02-17 10:59:03] ✓ Saved 275 checked bids
[2026-02-17 10:59:03] ✓ Saved 276 checked bids
[2026-02-17 10:59:03] ✓ Saved 277 checked bids
[2026-02-17 10:59:03] ✓ Saved 278 checked bids
[2026-02-17 17:51:30] 🚀 Launching Session 1 - Keyword: 'batter'
[2026-02-17 17:51:40] 🚀 Launching Session 2 - Keyword: 'batter'
[2026-02-17 17:51:50] 🚀 Launching Session 3 - Keyword: 'batter'
[2026-02-17 17:52:01] 🚀 Launching Session 4 - Keyword: 'batter'
[2026-02-17 17:52:16] ✓ Session 2 completed (1/4)
[2026-02-17 17:52:17] ✓ Session 4 completed (2/4)
[2026-02-17 17:52:35] ✓ Session 3 completed (3/4)
[2026-02-17 17:53:18] ✓ Session 1 completed (4/4)
[2026-02-17 17:53:18] ✅ All 4 sessions completed! Starting merge...
[2026-02-17 17:53:18] ============================================================
[2026-02-17 17:53:18] STARTING MERGE & DEDUPLICATION
[2026-02-17 17:53:18] ✓ Loaded Session 1: 34936 rows from gem_all_bids_session1.csv
[2026-02-17 17:53:18]   → End Date: 34936/34936 non-null values
[2026-02-17 17:53:18]   → Sample: 07-02-2026 6:00 PM
[2026-02-17 17:53:18] ✓ Loaded Session 2: 34671 rows from gem_all_bids_session2.csv
[2026-02-17 17:53:18]   → End Date: 34671/34671 non-null values
[2026-02-17 17:53:18]   → Sample: 07-02-2026 6:00 PM
[2026-02-17 17:53:18] ✓ Loaded Session 3: 34553 rows from gem_all_bids_session3.csv
[2026-02-17 17:53:18]   → End Date: 34553/34553 non-null values
[2026-02-17 17:53:18]   → Sample: 07-02-2026 6:00 PM
[2026-02-17 17:53:19] ✓ Loaded Session 4: 35379 rows from gem_all_bids_session4.csv
[2026-02-17 17:53:19]   → End Date: 35379/35379 non-null values
[2026-02-17 17:53:19]   → Sample: 07-02-2026 6:00 PM
[2026-02-17 17:53:19] 📊 Total rows before deduplication: 139539
[2026-02-17 17:53:19] 📊 End Date after concat: 139539/139539 non-null values
[2026-02-17 17:53:19] 📊 Sample End Dates: ['07-02-2026 6:00 PM', '07-02-2026 6:00 PM', '07-02-2026 6:00 PM']
[2026-02-17 17:53:19] ⚠️  Warning: 139539 End Dates failed to parse
[2026-02-17 17:53:19]    Failed samples: ['07-02-2026 6:00 PM', '07-02-2026 6:00 PM', '07-02-2026 6:00 PM', '07-02-2026 6:00 PM', '07-02-2026 6:00 PM']
[2026-02-17 17:53:19] 🔄 Applying deduplication logic...
[2026-02-17 17:53:21] ✓ Rows after deduplication: 1870
[2026-02-17 17:53:21] 🗑️  Removed 137669 duplicate rows
[2026-02-17 17:53:21] ✅ Final End Date check: 1870/1870 non-null values
[2026-02-17 17:53:21] ✅ Sample final End Dates: ['18-02-2026 6:00 PM', '14-02-2026 7:00 PM', '16-02-2026 11:00 AM']
[2026-02-17 17:53:21] ✓ Saved master CSV: E:\GeM Portal Scraper\data\gem_all_bids.csv
[2026-02-17 17:53:21] ✓ Total unique bids saved: 1870
[2026-02-17 17:53:21] MERGE & DEDUPLICATION COMPLETED
[2026-02-17 17:53:21] ============================================================
[2026-02-17 17:53:21] 🎉 EXTRACTION COMPLETE - All sessions merged and deduplicated
[2026-02-17 17:54:30] 🛑 Cancelled Session 1 (PID: 98156)
[2026-02-17 17:54:30] 🛑 Cancelled Session 2 (PID: 98608)
[2026-02-17 17:54:30] 🛑 Cancelled Session 3 (PID: 93468)
[2026-02-17 17:54:31] 🛑 Cancelled Session 4 (PID: 95260)
[2026-02-17 17:57:48] 🛑 Cancelled Session 1 (PID: 98156)
[2026-02-17 17:57:49] 🛑 Cancelled Session 2 (PID: 98608)
[2026-02-17 17:57:49] 🛑 Cancelled Session 3 (PID: 93468)
[2026-02-17 17:57:49] 🛑 Cancelled Session 4 (PID: 95260)
[2026-02-17 18:00:53] 🛑 Cancelled Session 1 (PID: 98156)
[2026-02-17 18:00:53] 🛑 Cancelled Session 2 (PID: 98608)
[2026-02-17 18:00:53] 🛑 Cancelled Session 3 (PID: 93468)
[2026-02-17 18:00:53] 🛑 Cancelled Session 4 (PID: 95260)
[2026-02-17 18:17:04] 🛑 Cancelled Session 1 (PID: 98156)
[2026-02-17 18:17:04] 🛑 Cancelled Session 2 (PID: 98608)
[2026-02-17 18:17:04] 🛑 Cancelled Session 3 (PID: 93468)
[2026-02-17 18:17:04] 🛑 Cancelled Session 4 (PID: 95260)
[2026-02-17 18:17:06] 🛑 Cancelled Session 1 (PID: 98156)
[2026-02-17 18:17:06] 🛑 Cancelled Session 2 (PID: 98608)
[2026-02-17 18:17:06] 🛑 Cancelled Session 3 (PID: 93468)
[2026-02-17 18:17:07] 🛑 Cancelled Session 4 (PID: 95260)
[2026-02-17 18:17:15] 🛑 Cancelled Session 1 (PID: 98156)
[2026-02-17 18:17:15] 🛑 Cancelled Session 2 (PID: 98608)
[2026-02-17 18:17:16] 🛑 Cancelled Session 3 (PID: 93468)
[2026-02-17 18:17:16] 🛑 Cancelled Session 4 (PID: 95260)
[2026-02-17 18:30:04] 🚀 Launching Session 1 - Keyword: 'batter'
[2026-02-17 18:30:14] 🚀 Launching Session 2 - Keyword: 'batter'
[2026-02-17 18:30:24] 🚀 Launching Session 3 - Keyword: 'batter'
[2026-02-17 18:30:34] 🚀 Launching Session 4 - Keyword: 'batter'
[2026-02-17 18:34:04] ✓ Session 1 completed (1/4)
[2026-02-17 18:34:14] ✓ Session 2 completed (2/4)
[2026-02-17 18:34:24] ✓ Session 3 completed (3/4)
[2026-02-17 18:34:34] ✓ Session 4 completed (4/4)
[2026-02-17 18:34:34] ✅ All 4 sessions completed! Starting merge...
[2026-02-17 18:34:34] ============================================================
[2026-02-17 18:34:34] STARTING MERGE & DEDUPLICATION
[2026-02-17 18:34:34] ✓ Loaded Session 1: 35995 rows from gem_all_bids_session1.csv
[2026-02-17 18:34:34]   → End Date: 35995/35995 non-null values
[2026-02-17 18:34:34]   → Sample: 07-02-2026 6:00 PM
[2026-02-17 18:34:34] ✓ Loaded Session 2: 35747 rows from gem_all_bids_session2.csv
[2026-02-17 18:34:34]   → End Date: 35747/35747 non-null values
[2026-02-17 18:34:34]   → Sample: 07-02-2026 6:00 PM
[2026-02-17 18:34:34] ✓ Loaded Session 3: 35622 rows from gem_all_bids_session3.csv
[2026-02-17 18:34:34]   → End Date: 35622/35622 non-null values
[2026-02-17 18:34:34]   → Sample: 07-02-2026 6:00 PM
[2026-02-17 18:34:34] ✓ Loaded Session 4: 36443 rows from gem_all_bids_session4.csv
[2026-02-17 18:34:34]   → End Date: 36443/36443 non-null values
[2026-02-17 18:34:34]   → Sample: 07-02-2026 6:00 PM
[2026-02-17 18:34:34] 📊 Total rows before deduplication: 143807
[2026-02-17 18:34:34] 📊 End Date after concat: 143807/143807 non-null values
[2026-02-17 18:34:34] 📊 Sample End Dates: ['07-02-2026 6:00 PM', '07-02-2026 6:00 PM', '07-02-2026 6:00 PM']
[2026-02-17 18:34:34] ⚠️  Warning: 143807 End Dates failed to parse
[2026-02-17 18:34:35]    Failed samples: ['07-02-2026 6:00 PM', '07-02-2026 6:00 PM', '07-02-2026 6:00 PM', '07-02-2026 6:00 PM', '07-02-2026 6:00 PM']
[2026-02-17 18:34:35] 🔄 Applying deduplication logic...
[2026-02-17 18:34:36] ✓ Rows after deduplication: 1943
[2026-02-17 18:34:36] 🗑️  Removed 141864 duplicate rows
[2026-02-17 18:34:36] ✅ Final End Date check: 1943/1943 non-null values
[2026-02-17 18:34:36] ✅ Sample final End Dates: ['18-02-2026 6:00 PM', '14-02-2026 7:00 PM', '16-02-2026 11:00 AM']
[2026-02-17 18:34:36] ✓ Saved master CSV: E:\GeM Portal Scraper\data\gem_all_bids.csv
[2026-02-17 18:34:36] ✓ Total unique bids saved: 1943
[2026-02-17 18:34:36] MERGE & DEDUPLICATION COMPLETED
[2026-02-17 18:34:36] ============================================================
[2026-02-17 18:34:36] 🎉 EXTRACTION COMPLETE - All sessions merged and deduplicated
[2026-02-17 18:34:40] 📋 Session CSVs detected - running merge before analysis
[2026-02-17 18:34:40] ============================================================
[2026-02-17 18:34:40] STARTING MERGE & DEDUPLICATION
[2026-02-17 18:34:40] ✓ Loaded Session 1: 35995 rows from gem_all_bids_session1.csv
[2026-02-17 18:34:40]   → End Date: 35995/35995 non-null values
[2026-02-17 18:34:40]   → Sample: 07-02-2026 6:00 PM
[2026-02-17 18:34:40] ✓ Loaded Session 2: 35747 rows from gem_all_bids_session2.csv
[2026-02-17 18:34:40]   → End Date: 35747/35747 non-null values
[2026-02-17 18:34:40]   → Sample: 07-02-2026 6:00 PM
[2026-02-17 18:34:40] ✓ Loaded Session 3: 35622 rows from gem_all_bids_session3.csv
[2026-02-17 18:34:40]   → End Date: 35622/35622 non-null values
[2026-02-17 18:34:40]   → Sample: 07-02-2026 6:00 PM
[2026-02-17 18:34:40] ✓ Loaded Session 4: 36443 rows from gem_all_bids_session4.csv
[2026-02-17 18:34:40]   → End Date: 36443/36443 non-null values
[2026-02-17 18:34:40]   → Sample: 07-02-2026 6:00 PM
[2026-02-17 18:34:40] 📊 Total rows before deduplication: 143807
[2026-02-17 18:34:40] 📊 End Date after concat: 143807/143807 non-null values
[2026-02-17 18:34:40] 📊 Sample End Dates: ['07-02-2026 6:00 PM', '07-02-2026 6:00 PM', '07-02-2026 6:00 PM']
[2026-02-17 18:34:40] ⚠️  Warning: 143807 End Dates failed to parse
[2026-02-17 18:34:40]    Failed samples: ['07-02-2026 6:00 PM', '07-02-2026 6:00 PM', '07-02-2026 6:00 PM', '07-02-2026 6:00 PM', '07-02-2026 6:00 PM']
[2026-02-17 18:34:40] 🔄 Applying deduplication logic...
[2026-02-17 18:34:41] ✓ Rows after deduplication: 1943
[2026-02-17 18:34:41] 🗑️  Removed 141864 duplicate rows
[2026-02-17 18:34:41] ✅ Final End Date check: 1943/1943 non-null values
[2026-02-17 18:34:41] ✅ Sample final End Dates: ['18-02-2026 6:00 PM', '14-02-2026 7:00 PM', '16-02-2026 11:00 AM']
[2026-02-17 18:34:41] ✓ Saved master CSV: E:\GeM Portal Scraper\data\gem_all_bids.csv
[2026-02-17 18:34:41] ✓ Total unique bids saved: 1943
[2026-02-17 18:34:41] MERGE & DEDUPLICATION COMPLETED
[2026-02-17 18:34:41] ============================================================
[2026-02-17 18:34:41] ✅ Merge completed successfully
[2026-02-17 18:34:42] 📊 Analysis complete: 1943 total, 289 filtered
[2026-02-18 10:39:15] 🚀 Launching Session 1 - Keyword: 'batter'
[2026-02-18 10:39:25] 🚀 Launching Session 2 - Keyword: 'batter'
[2026-02-18 10:39:35] 🚀 Launching Session 3 - Keyword: 'batter'
[2026-02-18 10:39:45] 🚀 Launching Session 4 - Keyword: 'batter'
[2026-02-18 10:39:59] ✓ Session 1 completed (1/4)
[2026-02-18 10:39:59] ✓ Session 2 completed (2/4)
[2026-02-18 10:40:00] ✓ Session 3 completed (3/4)
[2026-02-18 10:40:00] ✓ Session 4 completed (4/4)
[2026-02-18 10:40:00] ✅ All 4 sessions completed! Starting merge...
[2026-02-18 10:40:00] ============================================================
[2026-02-18 10:40:00] STARTING MERGE & DEDUPLICATION
[2026-02-18 10:40:00] ✓ Loaded Session 1: 35995 rows from gem_all_bids_session1.csv
[2026-02-18 10:40:00]   → End Date: 35995/35995 non-null values
[2026-02-18 10:40:00]   → Sample: 07-02-2026 6:00 PM
[2026-02-18 10:40:00] ✓ Loaded Session 2: 35747 rows from gem_all_bids_session2.csv
[2026-02-18 10:40:00]   → End Date: 35747/35747 non-null values
[2026-02-18 10:40:00]   → Sample: 07-02-2026 6:00 PM
[2026-02-18 10:40:00] ✓ Loaded Session 3: 35622 rows from gem_all_bids_session3.csv
[2026-02-18 10:40:00]   → End Date: 35622/35622 non-null values
[2026-02-18 10:40:00]   → Sample: 07-02-2026 6:00 PM
[2026-02-18 10:40:00] ✓ Loaded Session 4: 36443 rows from gem_all_bids_session4.csv
[2026-02-18 10:40:00]   → End Date: 36443/36443 non-null values
[2026-02-18 10:40:00]   → Sample: 07-02-2026 6:00 PM
[2026-02-18 10:40:00] 📊 Total rows before deduplication: 143807
[2026-02-18 10:40:00] 📊 End Date after concat: 143807/143807 non-null values
[2026-02-18 10:40:00] 📊 Sample End Dates: ['07-02-2026 6:00 PM', '07-02-2026 6:00 PM', '07-02-2026 6:00 PM']
[2026-02-18 10:40:01] ⚠️  Warning: 143807 End Dates failed to parse
[2026-02-18 10:40:01]    Failed samples: ['07-02-2026 6:00 PM', '07-02-2026 6:00 PM', '07-02-2026 6:00 PM', '07-02-2026 6:00 PM', '07-02-2026 6:00 PM']
[2026-02-18 10:40:01] 🔄 Applying deduplication logic...
[2026-02-18 10:40:02] ✓ Rows after deduplication: 1943
[2026-02-18 10:40:02] 🗑️  Removed 141864 duplicate rows
[2026-02-18 10:40:02] ✅ Final End Date check: 1943/1943 non-null values
[2026-02-18 10:40:02] ✅ Sample final End Dates: ['18-02-2026 6:00 PM', '14-02-2026 7:00 PM', '16-02-2026 11:00 AM']
[2026-02-18 10:40:02] ✓ Saved master CSV: E:\GeM Portal Scraper\data\gem_all_bids.csv
[2026-02-18 10:40:02] ✓ Total unique bids saved: 1943
[2026-02-18 10:40:02] MERGE & DEDUPLICATION COMPLETED
[2026-02-18 10:40:02] ============================================================
[2026-02-18 10:40:02] 🎉 EXTRACTION COMPLETE - All sessions merged and deduplicated
[2026-02-18 10:40:30] 🚀 Launching Session 1 - Keyword: 'batter'
[2026-02-18 10:40:40] 🚀 Launching Session 2 - Keyword: 'batter'
[2026-02-18 10:40:50] 🚀 Launching Session 3 - Keyword: 'batter'
[2026-02-18 10:41:00] 🚀 Launching Session 4 - Keyword: 'batter'
[2026-02-18 10:41:14] ✓ Session 1 completed (1/4)
[2026-02-18 10:41:14] ✓ Session 2 completed (2/4)
[2026-02-18 10:41:14] ✓ Session 3 completed (3/4)
[2026-02-18 10:41:14] ✓ Session 4 completed (4/4)
[2026-02-18 10:41:14] ✅ All 4 sessions completed! Starting merge...
[2026-02-18 10:41:14] ============================================================
[2026-02-18 10:41:14] STARTING MERGE & DEDUPLICATION
[2026-02-18 10:41:15] ✓ Loaded Session 1: 35995 rows from gem_all_bids_session1.csv
[2026-02-18 10:41:15]   → End Date: 35995/35995 non-null values
[2026-02-18 10:41:15]   → Sample: 07-02-2026 6:00 PM
[2026-02-18 10:41:15] ✓ Loaded Session 2: 35747 rows from gem_all_bids_session2.csv
[2026-02-18 10:41:15]   → End Date: 35747/35747 non-null values
[2026-02-18 10:41:15]   → Sample: 07-02-2026 6:00 PM
[2026-02-18 10:41:15] ✓ Loaded Session 3: 35622 rows from gem_all_bids_session3.csv
[2026-02-18 10:41:15]   → End Date: 35622/35622 non-null values
[2026-02-18 10:41:15]   → Sample: 07-02-2026 6:00 PM
[2026-02-18 10:41:15] ✓ Loaded Session 4: 36443 rows from gem_all_bids_session4.csv
[2026-02-18 10:41:15]   → End Date: 36443/36443 non-null values
[2026-02-18 10:41:15]   → Sample: 07-02-2026 6:00 PM
[2026-02-18 10:41:15] 📊 Total rows before deduplication: 143807
[2026-02-18 10:41:15] 📊 End Date after concat: 143807/143807 non-null values
[2026-02-18 10:41:15] 📊 Sample End Dates: ['07-02-2026 6:00 PM', '07-02-2026 6:00 PM', '07-02-2026 6:00 PM']
[2026-02-18 10:41:15] ⚠️  Warning: 143807 End Dates failed to parse
[2026-02-18 10:41:15]    Failed samples: ['07-02-2026 6:00 PM', '07-02-2026 6:00 PM', '07-02-2026 6:00 PM', '07-02-2026 6:00 PM', '07-02-2026 6:00 PM']
[2026-02-18 10:41:15] 🔄 Applying deduplication logic...
[2026-02-18 10:41:16] ✓ Rows after deduplication: 1943
[2026-02-18 10:41:16] 🗑️  Removed 141864 duplicate rows
[2026-02-18 10:41:16] ✅ Final End Date check: 1943/1943 non-null values
[2026-02-18 10:41:16] ✅ Sample final End Dates: ['18-02-2026 6:00 PM', '14-02-2026 7:00 PM', '16-02-2026 11:00 AM']
[2026-02-18 10:41:16] ✓ Saved master CSV: E:\GeM Portal Scraper\data\gem_all_bids.csv
[2026-02-18 10:41:16] ✓ Total unique bids saved: 1943
[2026-02-18 10:41:16] MERGE & DEDUPLICATION COMPLETED
[2026-02-18 10:41:16] ============================================================
[2026-02-18 10:41:16] 🎉 EXTRACTION COMPLETE - All sessions merged and deduplicated
[2026-02-18 10:43:29] ✓ Saved 279 checked bids
[2026-02-18 10:43:29] ✓ Saved 280 checked bids
[2026-02-18 10:43:29] ✓ Saved 281 checked bids
[2026-02-18 10:43:29] ✓ Saved 282 checked bids
[2026-02-18 10:43:29] ✓ Saved 283 checked bids
[2026-02-18 10:43:29] ✓ Saved 284 checked bids
[2026-02-18 10:43:29] ✓ Saved 285 checked bids
[2026-02-18 10:43:29] ✓ Saved 286 checked bids
[2026-02-18 10:43:29] ✓ Saved 287 checked bids
[2026-02-18 10:43:29] ✓ Saved 288 checked bids
[2026-02-18 10:43:50] 🚀 Launching Session 1 - Keyword: 'batter'
[2026-02-18 10:44:00] 🚀 Launching Session 2 - Keyword: 'batter'
[2026-02-18 10:44:10] 🚀 Launching Session 3 - Keyword: 'batter'
[2026-02-18 10:44:20] 🚀 Launching Session 4 - Keyword: 'batter'
[2026-02-18 10:44:35] ✓ Session 1 completed (1/4)
[2026-02-18 10:44:35] ✓ Session 2 completed (2/4)
[2026-02-18 10:44:35] ✓ Session 3 completed (3/4)
[2026-02-18 10:44:35] ✓ Session 4 completed (4/4)
[2026-02-18 10:44:35] ✅ All 4 sessions completed! Starting merge...
[2026-02-18 10:44:35] ============================================================
[2026-02-18 10:44:35] STARTING MERGE & DEDUPLICATION
[2026-02-18 10:44:35] ✓ Loaded Session 1: 35995 rows from gem_all_bids_session1.csv
[2026-02-18 10:44:35]   → End Date: 35995/35995 non-null values
[2026-02-18 10:44:35]   → Sample: 07-02-2026 6:00 PM
[2026-02-18 10:44:35] ✓ Loaded Session 2: 35747 rows from gem_all_bids_session2.csv
[2026-02-18 10:44:35]   → End Date: 35747/35747 non-null values
[2026-02-18 10:44:35]   → Sample: 07-02-2026 6:00 PM
[2026-02-18 10:44:35] ✓ Loaded Session 3: 35622 rows from gem_all_bids_session3.csv
[2026-02-18 10:44:35]   → End Date: 35622/35622 non-null values
[2026-02-18 10:44:35]   → Sample: 07-02-2026 6:00 PM
[2026-02-18 10:44:35] ✓ Loaded Session 4: 36443 rows from gem_all_bids_session4.csv
[2026-02-18 10:44:35]   → End Date: 36443/36443 non-null values
[2026-02-18 10:44:35]   → Sample: 07-02-2026 6:00 PM
[2026-02-18 10:44:35] 📊 Total rows before deduplication: 143807
[2026-02-18 10:44:35] 📊 End Date after concat: 143807/143807 non-null values
[2026-02-18 10:44:35] 📊 Sample End Dates: ['07-02-2026 6:00 PM', '07-02-2026 6:00 PM', '07-02-2026 6:00 PM']
[2026-02-18 10:44:35] ⚠️  Warning: 143807 End Dates failed to parse
[2026-02-18 10:44:36]    Failed samples: ['07-02-2026 6:00 PM', '07-02-2026 6:00 PM', '07-02-2026 6:00 PM', '07-02-2026 6:00 PM', '07-02-2026 6:00 PM']
[2026-02-18 10:44:36] 🔄 Applying deduplication logic...
[2026-02-18 10:44:36] ✓ Rows after deduplication: 1943
[2026-02-18 10:44:36] 🗑️  Removed 141864 duplicate rows
[2026-02-18 10:44:36] ✅ Final End Date check: 1943/1943 non-null values
[2026-02-18 10:44:36] ✅ Sample final End Dates: ['18-02-2026 6:00 PM', '14-02-2026 7:00 PM', '16-02-2026 11:00 AM']
[2026-02-18 10:44:36] ✓ Saved master CSV: E:\GeM Portal Scraper\data\gem_all_bids.csv
[2026-02-18 10:44:36] ✓ Total unique bids saved: 1943
[2026-02-18 10:44:36] MERGE & DEDUPLICATION COMPLETED
[2026-02-18 10:44:36] ============================================================
[2026-02-18 10:44:36] 🎉 EXTRACTION COMPLETE - All sessions merged and deduplicated
[2026-02-18 10:47:26] 🚀 Launching Session 1 - Keyword: 'batter'
[2026-02-18 10:47:36] 🚀 Launching Session 2 - Keyword: 'batter'
[2026-02-18 10:47:46] 🚀 Launching Session 3 - Keyword: 'batter'
[2026-02-18 10:47:56] 🚀 Launching Session 4 - Keyword: 'batter'
[2026-02-18 10:51:57] ✓ Session 1 completed (1/4)
[2026-02-18 10:52:04] ✓ Session 2 completed (2/4)
[2026-02-18 10:52:14] ✓ Session 3 completed (3/4)
[2026-02-18 10:52:24] ✓ Session 4 completed (4/4)
[2026-02-18 10:52:24] ✅ All 4 sessions completed! Starting merge...
[2026-02-18 10:52:24] ============================================================
[2026-02-18 10:52:24] STARTING MERGE & DEDUPLICATION
[2026-02-18 10:52:24] ✓ Loaded Session 1: 37075 rows from gem_all_bids_session1.csv
[2026-02-18 10:52:24]   → End Date: 37075/37075 non-null values
[2026-02-18 10:52:24]   → Sample: 07-02-2026 6:00 PM
[2026-02-18 10:52:24] ✓ Loaded Session 2: 36829 rows from gem_all_bids_session2.csv
[2026-02-18 10:52:24]   → End Date: 36829/36829 non-null values
[2026-02-18 10:52:24]   → Sample: 07-02-2026 6:00 PM
[2026-02-18 10:52:24] ✓ Loaded Session 3: 36703 rows from gem_all_bids_session3.csv
[2026-02-18 10:52:24]   → End Date: 36703/36703 non-null values
[2026-02-18 10:52:24]   → Sample: 07-02-2026 6:00 PM
[2026-02-18 10:52:25] ✓ Loaded Session 4: 37522 rows from gem_all_bids_session4.csv
[2026-02-18 10:52:25]   → End Date: 37522/37522 non-null values
[2026-02-18 10:52:25]   → Sample: 07-02-2026 6:00 PM
[2026-02-18 10:52:25] 📊 Total rows before deduplication: 148129
[2026-02-18 10:52:25] 📊 End Date after concat: 148129/148129 non-null values
[2026-02-18 10:52:25] 📊 Sample End Dates: ['07-02-2026 6:00 PM', '07-02-2026 6:00 PM', '07-02-2026 6:00 PM']
[2026-02-18 10:52:25] ⚠️  Warning: 148129 End Dates failed to parse
[2026-02-18 10:52:25]    Failed samples: ['07-02-2026 6:00 PM', '07-02-2026 6:00 PM', '07-02-2026 6:00 PM', '07-02-2026 6:00 PM', '07-02-2026 6:00 PM']
[2026-02-18 10:52:25] 🔄 Applying deduplication logic...
[2026-02-18 10:52:26] ✓ Rows after deduplication: 1979
[2026-02-18 10:52:26] 🗑️  Removed 146150 duplicate rows
[2026-02-18 10:52:26] ✅ Final End Date check: 1979/1979 non-null values
[2026-02-18 10:52:26] ✅ Sample final End Dates: ['18-02-2026 6:00 PM', '14-02-2026 7:00 PM', '16-02-2026 11:00 AM']
[2026-02-18 10:52:26] ✓ Saved master CSV: E:\GeM Portal Scraper\data\gem_all_bids.csv
[2026-02-18 10:52:26] ✓ Total unique bids saved: 1979
[2026-02-18 10:52:26] MERGE & DEDUPLICATION COMPLETED
[2026-02-18 10:52:26] ============================================================
[2026-02-18 10:52:27] 🎉 EXTRACTION COMPLETE - All sessions merged and deduplicated
[2026-02-18 10:57:00] 📋 Session CSVs detected - running merge before analysis
[2026-02-18 10:57:00] ============================================================
[2026-02-18 10:57:00] STARTING MERGE & DEDUPLICATION
[2026-02-18 10:57:00] ✓ Loaded Session 1: 37075 rows from gem_all_bids_session1.csv
[2026-02-18 10:57:00]   → End Date: 37075/37075 non-null values
[2026-02-18 10:57:00]   → Sample: 07-02-2026 6:00 PM
[2026-02-18 10:57:00] ✓ Loaded Session 2: 36829 rows from gem_all_bids_session2.csv
[2026-02-18 10:57:00]   → End Date: 36829/36829 non-null values
[2026-02-18 10:57:00]   → Sample: 07-02-2026 6:00 PM
[2026-02-18 10:57:01] ✓ Loaded Session 3: 36703 rows from gem_all_bids_session3.csv
[2026-02-18 10:57:01]   → End Date: 36703/36703 non-null values
[2026-02-18 10:57:01]   → Sample: 07-02-2026 6:00 PM
[2026-02-18 10:57:01] ✓ Loaded Session 4: 37522 rows from gem_all_bids_session4.csv
[2026-02-18 10:57:01]   → End Date: 37522/37522 non-null values
[2026-02-18 10:57:01]   → Sample: 07-02-2026 6:00 PM
[2026-02-18 10:57:01] 📊 Total rows before deduplication: 148129
[2026-02-18 10:57:01] 📊 End Date after concat: 148129/148129 non-null values
[2026-02-18 10:57:01] 📊 Sample End Dates: ['07-02-2026 6:00 PM', '07-02-2026 6:00 PM', '07-02-2026 6:00 PM']
[2026-02-18 10:57:01] ⚠️  Warning: 148129 End Dates failed to parse
[2026-02-18 10:57:01]    Failed samples: ['07-02-2026 6:00 PM', '07-02-2026 6:00 PM', '07-02-2026 6:00 PM', '07-02-2026 6:00 PM', '07-02-2026 6:00 PM']
[2026-02-18 10:57:01] 🔄 Applying deduplication logic...
[2026-02-18 10:57:02] ✓ Rows after deduplication: 1979
[2026-02-18 10:57:02] 🗑️  Removed 146150 duplicate rows
[2026-02-18 10:57:02] ✅ Final End Date check: 1979/1979 non-null values
[2026-02-18 10:57:02] ✅ Sample final End Dates: ['18-02-2026 6:00 PM', '14-02-2026 7:00 PM', '16-02-2026 11:00 AM']
[2026-02-18 10:57:02] ✓ Saved master CSV: E:\GeM Portal Scraper\data\gem_all_bids.csv
[2026-02-18 10:57:02] ✓ Total unique bids saved: 1979
[2026-02-18 10:57:02] MERGE & DEDUPLICATION COMPLETED
[2026-02-18 10:57:02] ============================================================
[2026-02-18 10:57:02] ✅ Merge completed successfully
[2026-02-18 10:57:03] 📊 Analysis complete: 1979 total, 297 filtered
[2026-02-18 11:54:27] ✓ Saved 289 checked bids
[2026-02-18 11:54:27] ✓ Saved 290 checked bids
[2026-02-18 11:54:27] ✓ Saved 291 checked bids
[2026-02-18 11:54:27] ✓ Saved 292 checked bids
[2026-02-18 11:54:27] ✓ Saved 293 checked bids
[2026-02-18 11:54:27] ✓ Saved 294 checked bids
[2026-02-18 11:54:27] ✓ Saved 295 checked bids
[2026-02-18 11:54:27] ✓ Saved 296 checked bids
[2026-02-18 11:54:27] ✓ Saved 297 checked bids
[2026-02-18 18:24:07] 🚀 Launching Session 1 - Keyword: 'batter'
[2026-02-18 18:24:17] 🚀 Launching Session 2 - Keyword: 'batter'
[2026-02-18 18:24:27] 🚀 Launching Session 3 - Keyword: 'batter'
[2026-02-18 18:24:37] 🚀 Launching Session 4 - Keyword: 'batter'
[2026-02-18 18:24:51] ⚠️  Monitor error: Extra data: line 7 column 2 (char 113)
[2026-02-18 18:38:42] 📋 Session CSVs detected - running merge before analysis
[2026-02-18 18:38:42] ============================================================
[2026-02-18 18:38:42] STARTING MERGE & DEDUPLICATION
[2026-02-18 18:38:43] ✓ Loaded Session 1: 38193 rows from gem_all_bids_session1.csv
[2026-02-18 18:38:43]   → End Date: 38193/38193 non-null values
[2026-02-18 18:38:43]   → Sample: 07-02-2026 6:00 PM
[2026-02-18 18:38:43] ✓ Loaded Session 2: 37967 rows from gem_all_bids_session2.csv
[2026-02-18 18:38:43]   → End Date: 37967/37967 non-null values
[2026-02-18 18:38:43]   → Sample: 07-02-2026 6:00 PM
[2026-02-18 18:38:43] ✓ Loaded Session 3: 37822 rows from gem_all_bids_session3.csv
[2026-02-18 18:38:43]   → End Date: 37822/37822 non-null values
[2026-02-18 18:38:43]   → Sample: 07-02-2026 6:00 PM
[2026-02-18 18:38:43] ✓ Loaded Session 4: 38622 rows from gem_all_bids_session4.csv
[2026-02-18 18:38:43]   → End Date: 38622/38622 non-null values
[2026-02-18 18:38:43]   → Sample: 07-02-2026 6:00 PM
[2026-02-18 18:38:43] 📊 Total rows before deduplication: 152604
[2026-02-18 18:38:43] 📊 End Date after concat: 152604/152604 non-null values
[2026-02-18 18:38:43] 📊 Sample End Dates: ['07-02-2026 6:00 PM', '07-02-2026 6:00 PM', '07-02-2026 6:00 PM']
[2026-02-18 18:38:43] ⚠️  Warning: 152604 End Dates failed to parse
[2026-02-18 18:38:43]    Failed samples: ['07-02-2026 6:00 PM', '07-02-2026 6:00 PM', '07-02-2026 6:00 PM', '07-02-2026 6:00 PM', '07-02-2026 6:00 PM']
[2026-02-18 18:38:43] 🔄 Applying deduplication logic...
[2026-02-18 18:38:44] ✓ Rows after deduplication: 2064
[2026-02-18 18:38:44] 🗑️  Removed 150540 duplicate rows
[2026-02-18 18:38:44] ✅ Final End Date check: 2064/2064 non-null values
[2026-02-18 18:38:44] ✅ Sample final End Dates: ['18-02-2026 6:00 PM', '14-02-2026 7:00 PM', '16-02-2026 11:00 AM']
[2026-02-18 18:38:44] ✓ Saved master CSV: E:\GeM Portal Scraper\data\gem_all_bids.csv
[2026-02-18 18:38:44] ✓ Total unique bids saved: 2064
[2026-02-18 18:38:44] MERGE & DEDUPLICATION COMPLETED
[2026-02-18 18:38:44] ============================================================
[2026-02-18 18:38:44] ✅ Merge completed successfully
[2026-02-18 18:38:45] 📊 Analysis complete: 2064 total, 304 filtered
[2026-02-18 18:39:25] 📋 Session CSVs detected - running merge before analysis
[2026-02-18 18:39:25] ============================================================
[2026-02-18 18:39:25] STARTING MERGE & DEDUPLICATION
[2026-02-18 18:39:25] ✓ Loaded Session 1: 38193 rows from gem_all_bids_session1.csv
[2026-02-18 18:39:25]   → End Date: 38193/38193 non-null values
[2026-02-18 18:39:25]   → Sample: 07-02-2026 6:00 PM
[2026-02-18 18:39:25] ✓ Loaded Session 2: 37967 rows from gem_all_bids_session2.csv
[2026-02-18 18:39:25]   → End Date: 37967/37967 non-null values
[2026-02-18 18:39:25]   → Sample: 07-02-2026 6:00 PM
[2026-02-18 18:39:25] ✓ Loaded Session 3: 37822 rows from gem_all_bids_session3.csv
[2026-02-18 18:39:25]   → End Date: 37822/37822 non-null values
[2026-02-18 18:39:25]   → Sample: 07-02-2026 6:00 PM
[2026-02-18 18:39:25] ✓ Loaded Session 4: 38622 rows from gem_all_bids_session4.csv
[2026-02-18 18:39:25]   → End Date: 38622/38622 non-null values
[2026-02-18 18:39:25]   → Sample: 07-02-2026 6:00 PM
[2026-02-18 18:39:25] 📊 Total rows before deduplication: 152604
[2026-02-18 18:39:25] 📊 End Date after concat: 152604/152604 non-null values
[2026-02-18 18:39:25] 📊 Sample End Dates: ['07-02-2026 6:00 PM', '07-02-2026 6:00 PM', '07-02-2026 6:00 PM']
[2026-02-18 18:39:25] ⚠️  Warning: 152604 End Dates failed to parse
[2026-02-18 18:39:25]    Failed samples: ['07-02-2026 6:00 PM', '07-02-2026 6:00 PM', '07-02-2026 6:00 PM', '07-02-2026 6:00 PM', '07-02-2026 6:00 PM']
[2026-02-18 18:39:26] 🔄 Applying deduplication logic...
[2026-02-18 18:39:27] ✓ Rows after deduplication: 2064
[2026-02-18 18:39:27] 🗑️  Removed 150540 duplicate rows
[2026-02-18 18:39:27] ✅ Final End Date check: 2064/2064 non-null values
[2026-02-18 18:39:27] ✅ Sample final End Dates: ['18-02-2026 6:00 PM', '14-02-2026 7:00 PM', '16-02-2026 11:00 AM']
[2026-02-18 18:39:27] ✓ Saved master CSV: E:\GeM Portal Scraper\data\gem_all_bids.csv
[2026-02-18 18:39:27] ✓ Total unique bids saved: 2064
[2026-02-18 18:39:27] MERGE & DEDUPLICATION COMPLETED
[2026-02-18 18:39:27] ============================================================
[2026-02-18 18:39:27] ✅ Merge completed successfully
[2026-02-18 18:39:27] 📊 Analysis complete: 2064 total, 304 filtered
[2026-02-18 18:40:43] 🚀 Launching Session 1 - Keyword: 'batter'
[2026-02-18 18:40:53] 🚀 Launching Session 2 - Keyword: 'batter'
[2026-02-18 18:41:03] 🚀 Launching Session 3 - Keyword: 'batter'
[2026-02-18 18:41:13] 🚀 Launching Session 4 - Keyword: 'batter'
[2026-02-18 18:50:06] 📋 Session CSVs detected - running merge before analysis
[2026-02-18 18:50:06] ============================================================
[2026-02-18 18:50:06] STARTING MERGE & DEDUPLICATION
[2026-02-18 18:50:06] ✓ Loaded Session 1: 39328 rows from gem_all_bids_session1.csv
[2026-02-18 18:50:06]   → End Date: 39328/39328 non-null values
[2026-02-18 18:50:06]   → Sample: 07-02-2026 6:00 PM
[2026-02-18 18:50:06] ✓ Loaded Session 2: 39086 rows from gem_all_bids_session2.csv
[2026-02-18 18:50:06]   → End Date: 39086/39086 non-null values
[2026-02-18 18:50:06]   → Sample: 07-02-2026 6:00 PM
[2026-02-18 18:50:06] ✓ Loaded Session 3: 38949 rows from gem_all_bids_session3.csv
[2026-02-18 18:50:06]   → End Date: 38949/38949 non-null values
[2026-02-18 18:50:06]   → Sample: 07-02-2026 6:00 PM
[2026-02-18 18:50:06] ✓ Loaded Session 4: 39751 rows from gem_all_bids_session4.csv
[2026-02-18 18:50:06]   → End Date: 39751/39751 non-null values
[2026-02-18 18:50:06]   → Sample: 07-02-2026 6:00 PM
[2026-02-18 18:50:06] 📊 Total rows before deduplication: 157114
[2026-02-18 18:50:06] 📊 End Date after concat: 157114/157114 non-null values
[2026-02-18 18:50:06] 📊 Sample End Dates: ['07-02-2026 6:00 PM', '07-02-2026 6:00 PM', '07-02-2026 6:00 PM']
[2026-02-18 18:50:06] ⚠️  Warning: 157114 End Dates failed to parse
[2026-02-18 18:50:07]    Failed samples: ['07-02-2026 6:00 PM', '07-02-2026 6:00 PM', '07-02-2026 6:00 PM', '07-02-2026 6:00 PM', '07-02-2026 6:00 PM']
[2026-02-18 18:50:07] 🔄 Applying deduplication logic...
[2026-02-18 18:50:08] ✓ Rows after deduplication: 2065
[2026-02-18 18:50:08] 🗑️  Removed 155049 duplicate rows
[2026-02-18 18:50:08] ✅ Final End Date check: 2065/2065 non-null values
[2026-02-18 18:50:08] ✅ Sample final End Dates: ['18-02-2026 6:00 PM', '14-02-2026 7:00 PM', '16-02-2026 11:00 AM']
[2026-02-18 18:50:08] ✓ Saved master CSV: E:\GeM Portal Scraper\data\gem_all_bids.csv
[2026-02-18 18:50:08] ✓ Total unique bids saved: 2065
[2026-02-18 18:50:08] MERGE & DEDUPLICATION COMPLETED
[2026-02-18 18:50:08] ============================================================
[2026-02-18 18:50:08] ✅ Merge completed successfully
[2026-02-18 18:50:08] 📊 Analysis complete: 2065 total, 304 filtered
[2026-02-18 18:50:19] 📋 Session CSVs detected - running merge before analysis
[2026-02-18 18:50:19] ============================================================
[2026-02-18 18:50:19] STARTING MERGE & DEDUPLICATION
[2026-02-18 18:50:19] ✓ Loaded Session 1: 39328 rows from gem_all_bids_session1.csv
[2026-02-18 18:50:19]   → End Date: 39328/39328 non-null values
[2026-02-18 18:50:19]   → Sample: 07-02-2026 6:00 PM
[2026-02-18 18:50:19] ✓ Loaded Session 2: 39086 rows from gem_all_bids_session2.csv
[2026-02-18 18:50:19]   → End Date: 39086/39086 non-null values
[2026-02-18 18:50:19]   → Sample: 07-02-2026 6:00 PM
[2026-02-18 18:50:19] ✓ Loaded Session 3: 38949 rows from gem_all_bids_session3.csv
[2026-02-18 18:50:19]   → End Date: 38949/38949 non-null values
[2026-02-18 18:50:19]   → Sample: 07-02-2026 6:00 PM
[2026-02-18 18:50:19] ✓ Loaded Session 4: 39751 rows from gem_all_bids_session4.csv
[2026-02-18 18:50:19]   → End Date: 39751/39751 non-null values
[2026-02-18 18:50:19]   → Sample: 07-02-2026 6:00 PM
[2026-02-18 18:50:19] 📊 Total rows before deduplication: 157114
[2026-02-18 18:50:19] 📊 End Date after concat: 157114/157114 non-null values
[2026-02-18 18:50:19] 📊 Sample End Dates: ['07-02-2026 6:00 PM', '07-02-2026 6:00 PM', '07-02-2026 6:00 PM']
[2026-02-18 18:50:19] ⚠️  Warning: 157114 End Dates failed to parse
[2026-02-18 18:50:19]    Failed samples: ['07-02-2026 6:00 PM', '07-02-2026 6:00 PM', '07-02-2026 6:00 PM', '07-02-2026 6:00 PM', '07-02-2026 6:00 PM']
[2026-02-18 18:50:19] 🔄 Applying deduplication logic...
[2026-02-18 18:50:20] ✓ Rows after deduplication: 2065
[2026-02-18 18:50:20] 🗑️  Removed 155049 duplicate rows
[2026-02-18 18:50:20] ✅ Final End Date check: 2065/2065 non-null values
[2026-02-18 18:50:20] ✅ Sample final End Dates: ['18-02-2026 6:00 PM', '14-02-2026 7:00 PM', '16-02-2026 11:00 AM']
[2026-02-18 18:50:20] ✓ Saved master CSV: E:\GeM Portal Scraper\data\gem_all_bids.csv
[2026-02-18 18:50:20] ✓ Total unique bids saved: 2065
[2026-02-18 18:50:20] MERGE & DEDUPLICATION COMPLETED
[2026-02-18 18:50:20] ============================================================
[2026-02-18 18:50:20] ✅ Merge completed successfully
[2026-02-18 18:50:21] 📊 Analysis complete: 2065 total, 304 filtered
[2026-02-18 18:50:58] 🚀 Launching Session 1 - Keyword: 'batter'
[2026-02-18 18:51:08] 🚀 Launching Session 2 - Keyword: 'batter'
[2026-02-18 18:51:18] 🚀 Launching Session 3 - Keyword: 'batter'
[2026-02-18 18:51:28] 🚀 Launching Session 4 - Keyword: 'batter'
[2026-02-18 18:55:29] ✓ Session 1 completed (1/4)
[2026-02-18 18:55:32] ✓ Session 1 completed (1/4)
[2026-02-18 18:55:46] ✓ Session 3 completed (2/4)
[2026-02-18 18:55:48] ✓ Session 3 completed (2/4)
[2026-02-18 18:55:55] ✓ Session 4 completed (3/4)
[2026-02-18 18:55:56] ✓ Session 4 completed (3/4)
[2026-02-18 18:56:33] ✓ Session 2 completed (4/4)
[2026-02-18 18:56:33] ✅ All 4 sessions completed! Starting merge...
[2026-02-18 18:56:33] ============================================================
[2026-02-18 18:56:33] STARTING MERGE & DEDUPLICATION
[2026-02-18 18:56:33] ✓ Loaded Session 1: 40448 rows from gem_all_bids_session1.csv
[2026-02-18 18:56:33]   → End Date: 40448/40448 non-null values
[2026-02-18 18:56:33]   → Sample: 07-02-2026 6:00 PM
[2026-02-18 18:56:33] ✓ Loaded Session 2: 40211 rows from gem_all_bids_session2.csv
[2026-02-18 18:56:33]   → End Date: 40211/40211 non-null values
[2026-02-18 18:56:33]   → Sample: 07-02-2026 6:00 PM
[2026-02-18 18:56:34] ✓ Loaded Session 3: 40082 rows from gem_all_bids_session3.csv
[2026-02-18 18:56:34]   → End Date: 40082/40082 non-null values
[2026-02-18 18:56:34]   → Sample: 07-02-2026 6:00 PM
[2026-02-18 18:56:34] ✓ Loaded Session 4: 40886 rows from gem_all_bids_session4.csv
[2026-02-18 18:56:34]   → End Date: 40886/40886 non-null values
[2026-02-18 18:56:34]   → Sample: 07-02-2026 6:00 PM
[2026-02-18 18:56:34] 📊 Total rows before deduplication: 161627
[2026-02-18 18:56:34] 📊 End Date after concat: 161627/161627 non-null values
[2026-02-18 18:56:34] 📊 Sample End Dates: ['07-02-2026 6:00 PM', '07-02-2026 6:00 PM', '07-02-2026 6:00 PM']
[2026-02-18 18:56:34] ⚠️  Warning: 161627 End Dates failed to parse
[2026-02-18 18:56:34]    Failed samples: ['07-02-2026 6:00 PM', '07-02-2026 6:00 PM', '07-02-2026 6:00 PM', '07-02-2026 6:00 PM', '07-02-2026 6:00 PM']
[2026-02-18 18:56:34] 🔄 Applying deduplication logic...
[2026-02-18 18:56:35] ✓ Session 2 completed (4/4)
[2026-02-18 18:56:35] ✅ All 4 sessions completed! Starting merge...
[2026-02-18 18:56:35] ✓ Rows after deduplication: 2067
[2026-02-18 18:56:35] 🗑️  Removed 159560 duplicate rows
[2026-02-18 18:56:35] ✅ Final End Date check: 2067/2067 non-null values
[2026-02-18 18:56:35] ✅ Sample final End Dates: ['18-02-2026 6:00 PM', '14-02-2026 7:00 PM', '16-02-2026 11:00 AM']
[2026-02-18 18:56:35] ✓ Saved master CSV: E:\GeM Portal Scraper\data\gem_all_bids.csv
[2026-02-18 18:56:35] ✓ Total unique bids saved: 2067
[2026-02-18 18:56:35] MERGE & DEDUPLICATION COMPLETED
[2026-02-18 18:56:35] ============================================================
[2026-02-18 18:56:35] ============================================================
[2026-02-18 18:56:35] STARTING MERGE & DEDUPLICATION
[2026-02-18 18:56:35] 🎉 EXTRACTION COMPLETE - All sessions merged and deduplicated
[2026-02-18 18:56:36] ✓ Loaded Session 1: 40448 rows from gem_all_bids_session1.csv
[2026-02-18 18:56:36]   → End Date: 40448/40448 non-null values
[2026-02-18 18:56:36]   → Sample: 07-02-2026 6:00 PM
[2026-02-18 18:56:36] ✓ Loaded Session 2: 40211 rows from gem_all_bids_session2.csv
[2026-02-18 18:56:36]   → End Date: 40211/40211 non-null values
[2026-02-18 18:56:36]   → Sample: 07-02-2026 6:00 PM
[2026-02-18 18:56:36] ✓ Loaded Session 3: 40082 rows from gem_all_bids_session3.csv
[2026-02-18 18:56:36]   → End Date: 40082/40082 non-null values
[2026-02-18 18:56:36]   → Sample: 07-02-2026 6:00 PM
[2026-02-18 18:56:36] ✓ Loaded Session 4: 40886 rows from gem_all_bids_session4.csv
[2026-02-18 18:56:36]   → End Date: 40886/40886 non-null values
[2026-02-18 18:56:36]   → Sample: 07-02-2026 6:00 PM
[2026-02-18 18:56:36] 📊 Total rows before deduplication: 161627
[2026-02-18 18:56:36] 📊 End Date after concat: 161627/161627 non-null values
[2026-02-18 18:56:36] 📊 Sample End Dates: ['07-02-2026 6:00 PM', '07-02-2026 6:00 PM', '07-02-2026 6:00 PM']
[2026-02-18 18:56:36] ⚠️  Warning: 161627 End Dates failed to parse
[2026-02-18 18:56:36]    Failed samples: ['07-02-2026 6:00 PM', '07-02-2026 6:00 PM', '07-02-2026 6:00 PM', '07-02-2026 6:00 PM', '07-02-2026 6:00 PM']
[2026-02-18 18:56:36] 🔄 Applying deduplication logic...
[2026-02-18 18:56:37] ✓ Rows after deduplication: 2067
[2026-02-18 18:56:37] 🗑️  Removed 159560 duplicate rows
[2026-02-18 18:56:37] ✅ Final End Date check: 2067/2067 non-null values
[2026-02-18 18:56:37] ✅ Sample final End Dates: ['18-02-2026 6:00 PM', '14-02-2026 7:00 PM', '16-02-2026 11:00 AM']
[2026-02-18 18:56:37] ✓ Saved master CSV: E:\GeM Portal Scraper\data\gem_all_bids.csv
[2026-02-18 18:56:37] ✓ Total unique bids saved: 2067
[2026-02-18 18:56:37] MERGE & DEDUPLICATION COMPLETED
[2026-02-18 18:56:37] ============================================================
[2026-02-18 18:56:37] 🎉 EXTRACTION COMPLETE - All sessions merged and deduplicated
[2026-02-18 18:57:09] 📋 Session CSVs detected - running merge before analysis
[2026-02-18 18:57:09] ============================================================
[2026-02-18 18:57:09] STARTING MERGE & DEDUPLICATION
[2026-02-18 18:57:09] ✓ Loaded Session 1: 40448 rows from gem_all_bids_session1.csv
[2026-02-18 18:57:09]   → End Date: 40448/40448 non-null values
[2026-02-18 18:57:09]   → Sample: 07-02-2026 6:00 PM
[2026-02-18 18:57:09] ✓ Loaded Session 2: 40211 rows from gem_all_bids_session2.csv
[2026-02-18 18:57:09]   → End Date: 40211/40211 non-null values
[2026-02-18 18:57:09]   → Sample: 07-02-2026 6:00 PM
[2026-02-18 18:57:10] ✓ Loaded Session 3: 40082 rows from gem_all_bids_session3.csv
[2026-02-18 18:57:10]   → End Date: 40082/40082 non-null values
[2026-02-18 18:57:10]   → Sample: 07-02-2026 6:00 PM
[2026-02-18 18:57:10] ✓ Loaded Session 4: 40886 rows from gem_all_bids_session4.csv
[2026-02-18 18:57:10]   → End Date: 40886/40886 non-null values
[2026-02-18 18:57:10]   → Sample: 07-02-2026 6:00 PM
[2026-02-18 18:57:10] 📊 Total rows before deduplication: 161627
[2026-02-18 18:57:10] 📊 End Date after concat: 161627/161627 non-null values
[2026-02-18 18:57:10] 📊 Sample End Dates: ['07-02-2026 6:00 PM', '07-02-2026 6:00 PM', '07-02-2026 6:00 PM']
[2026-02-18 18:57:10] ⚠️  Warning: 161627 End Dates failed to parse
[2026-02-18 18:57:10]    Failed samples: ['07-02-2026 6:00 PM', '07-02-2026 6:00 PM', '07-02-2026 6:00 PM', '07-02-2026 6:00 PM', '07-02-2026 6:00 PM']
[2026-02-18 18:57:10] 🔄 Applying deduplication logic...
[2026-02-18 18:57:11] ✓ Rows after deduplication: 2067
[2026-02-18 18:57:11] 🗑️  Removed 159560 duplicate rows
[2026-02-18 18:57:11] ✅ Final End Date check: 2067/2067 non-null values
[2026-02-18 18:57:11] ✅ Sample final End Dates: ['18-02-2026 6:00 PM', '14-02-2026 7:00 PM', '16-02-2026 11:00 AM']
[2026-02-18 18:57:11] ✓ Saved master CSV: E:\GeM Portal Scraper\data\gem_all_bids.csv
[2026-02-18 18:57:11] ✓ Total unique bids saved: 2067
[2026-02-18 18:57:11] MERGE & DEDUPLICATION COMPLETED
[2026-02-18 18:57:11] ============================================================
[2026-02-18 18:57:11] ✅ Merge completed successfully
[2026-02-18 18:57:12] 📊 Analysis complete: 2067 total, 304 filtered
[2026-02-19 11:05:21] 🚀 Launching Session 1 - Keyword: 'batter'
[2026-02-19 11:05:31] 🚀 Launching Session 2 - Keyword: 'batter'
[2026-02-19 11:05:41] 🚀 Launching Session 3 - Keyword: 'batter'
[2026-02-19 11:05:51] 🚀 Launching Session 4 - Keyword: 'batter'
[2026-02-19 11:10:20] ✓ Session 1 completed (1/4)
[2026-02-19 11:10:24] ✓ Session 2 completed (2/4)
[2026-02-19 11:10:31] ✓ Session 3 completed (3/4)
[2026-02-19 11:11:37] ✓ Session 4 completed (4/4)
[2026-02-19 11:11:37] ✅ All 4 sessions completed! Starting merge...
[2026-02-19 11:11:37] ============================================================
[2026-02-19 11:11:37] STARTING MERGE & DEDUPLICATION
[2026-02-19 11:11:37] ✓ Loaded Session 1: 41594 rows from gem_all_bids_session1.csv
[2026-02-19 11:11:37]   → End Date: 41594/41594 non-null values
[2026-02-19 11:11:37]   → Sample: 07-02-2026 6:00 PM
[2026-02-19 11:11:38] ✓ Loaded Session 2: 41352 rows from gem_all_bids_session2.csv
[2026-02-19 11:11:38]   → End Date: 41352/41352 non-null values
[2026-02-19 11:11:38]   → Sample: 07-02-2026 6:00 PM
[2026-02-19 11:11:38] ✓ Loaded Session 3: 41212 rows from gem_all_bids_session3.csv
[2026-02-19 11:11:38]   → End Date: 41212/41212 non-null values
[2026-02-19 11:11:38]   → Sample: 07-02-2026 6:00 PM
[2026-02-19 11:11:39] ✓ Loaded Session 4: 42015 rows from gem_all_bids_session4.csv
[2026-02-19 11:11:39]   → End Date: 42015/42015 non-null values
[2026-02-19 11:11:39]   → Sample: 07-02-2026 6:00 PM
[2026-02-19 11:11:39] 📊 Total rows before deduplication: 166173
[2026-02-19 11:11:39] 📊 End Date after concat: 166173/166173 non-null values
[2026-02-19 11:11:39] 📊 Sample End Dates: ['07-02-2026 6:00 PM', '07-02-2026 6:00 PM', '07-02-2026 6:00 PM']
[2026-02-19 11:11:39] ⚠️  Warning: 166173 End Dates failed to parse
[2026-02-19 11:11:39]    Failed samples: ['07-02-2026 6:00 PM', '07-02-2026 6:00 PM', '07-02-2026 6:00 PM', '07-02-2026 6:00 PM', '07-02-2026 6:00 PM']
[2026-02-19 11:11:39] 🔄 Applying deduplication logic...
[2026-02-19 11:11:41] ✓ Rows after deduplication: 2093
[2026-02-19 11:11:41] 🗑️  Removed 164080 duplicate rows
[2026-02-19 11:11:41] ✅ Final End Date check: 2093/2093 non-null values
[2026-02-19 11:11:41] ✅ Sample final End Dates: ['18-02-2026 6:00 PM', '14-02-2026 7:00 PM', '16-02-2026 11:00 AM']
[2026-02-19 11:11:41] ✓ Saved master CSV: E:\GeM Portal Scraper\data\gem_all_bids.csv
[2026-02-19 11:11:41] ✓ Total unique bids saved: 2093
[2026-02-19 11:11:41] MERGE & DEDUPLICATION COMPLETED
[2026-02-19 11:11:41] ============================================================
[2026-02-19 11:11:41] 🎉 EXTRACTION COMPLETE - All sessions merged and deduplicated
[2026-02-19 11:11:51] 📋 Session CSVs detected - running merge before analysis
[2026-02-19 11:11:51] ============================================================
[2026-02-19 11:11:51] STARTING MERGE & DEDUPLICATION
[2026-02-19 11:11:51] ✓ Loaded Session 1: 41594 rows from gem_all_bids_session1.csv
[2026-02-19 11:11:51]   → End Date: 41594/41594 non-null values
[2026-02-19 11:11:51]   → Sample: 07-02-2026 6:00 PM
[2026-02-19 11:11:52] ✓ Loaded Session 2: 41352 rows from gem_all_bids_session2.csv
[2026-02-19 11:11:52]   → End Date: 41352/41352 non-null values
[2026-02-19 11:11:52]   → Sample: 07-02-2026 6:00 PM
[2026-02-19 11:11:52] ✓ Loaded Session 3: 41212 rows from gem_all_bids_session3.csv
[2026-02-19 11:11:52]   → End Date: 41212/41212 non-null values
[2026-02-19 11:11:52]   → Sample: 07-02-2026 6:00 PM
[2026-02-19 11:11:52] ✓ Loaded Session 4: 42015 rows from gem_all_bids_session4.csv
[2026-02-19 11:11:52]   → End Date: 42015/42015 non-null values
[2026-02-19 11:11:52]   → Sample: 07-02-2026 6:00 PM
[2026-02-19 11:11:52] 📊 Total rows before deduplication: 166173
[2026-02-19 11:11:52] 📊 End Date after concat: 166173/166173 non-null values
[2026-02-19 11:11:52] 📊 Sample End Dates: ['07-02-2026 6:00 PM', '07-02-2026 6:00 PM', '07-02-2026 6:00 PM']
[2026-02-19 11:11:52] ⚠️  Warning: 166173 End Dates failed to parse
[2026-02-19 11:11:52]    Failed samples: ['07-02-2026 6:00 PM', '07-02-2026 6:00 PM', '07-02-2026 6:00 PM', '07-02-2026 6:00 PM', '07-02-2026 6:00 PM']
[2026-02-19 11:11:52] 🔄 Applying deduplication logic...
[2026-02-19 11:11:54] ✓ Rows after deduplication: 2093
[2026-02-19 11:11:54] 🗑️  Removed 164080 duplicate rows
[2026-02-19 11:11:54] ✅ Final End Date check: 2093/2093 non-null values
[2026-02-19 11:11:54] ✅ Sample final End Dates: ['18-02-2026 6:00 PM', '14-02-2026 7:00 PM', '16-02-2026 11:00 AM']
[2026-02-19 11:11:54] ✓ Saved master CSV: E:\GeM Portal Scraper\data\gem_all_bids.csv
[2026-02-19 11:11:54] ✓ Total unique bids saved: 2093
[2026-02-19 11:11:54] MERGE & DEDUPLICATION COMPLETED
[2026-02-19 11:11:54] ============================================================
[2026-02-19 11:11:54] ✅ Merge completed successfully
[2026-02-19 11:11:55] 📊 Analysis complete: 2093 total, 307 filtered
[2026-02-19 11:12:11] 📋 Session CSVs detected - running merge before analysis
[2026-02-19 11:12:11] ============================================================
[2026-02-19 11:12:11] STARTING MERGE & DEDUPLICATION
[2026-02-19 11:12:12] ✓ Loaded Session 1: 41594 rows from gem_all_bids_session1.csv
[2026-02-19 11:12:12]   → End Date: 41594/41594 non-null values
[2026-02-19 11:12:12]   → Sample: 07-02-2026 6:00 PM
[2026-02-19 11:12:12] ✓ Loaded Session 2: 41352 rows from gem_all_bids_session2.csv
[2026-02-19 11:12:12]   → End Date: 41352/41352 non-null values
[2026-02-19 11:12:12]   → Sample: 07-02-2026 6:00 PM
[2026-02-19 11:12:12] ✓ Loaded Session 3: 41212 rows from gem_all_bids_session3.csv
[2026-02-19 11:12:12]   → End Date: 41212/41212 non-null values
[2026-02-19 11:12:12]   → Sample: 07-02-2026 6:00 PM
[2026-02-19 11:12:12] ✓ Loaded Session 4: 42015 rows from gem_all_bids_session4.csv
[2026-02-19 11:12:12]   → End Date: 42015/42015 non-null values
[2026-02-19 11:12:12]   → Sample: 07-02-2026 6:00 PM
[2026-02-19 11:12:12] 📊 Total rows before deduplication: 166173
[2026-02-19 11:12:12] 📊 End Date after concat: 166173/166173 non-null values
[2026-02-19 11:12:12] 📊 Sample End Dates: ['07-02-2026 6:00 PM', '07-02-2026 6:00 PM', '07-02-2026 6:00 PM']
[2026-02-19 11:12:12] ⚠️  Warning: 166173 End Dates failed to parse
[2026-02-19 11:12:12]    Failed samples: ['07-02-2026 6:00 PM', '07-02-2026 6:00 PM', '07-02-2026 6:00 PM', '07-02-2026 6:00 PM', '07-02-2026 6:00 PM']
[2026-02-19 11:12:13] 🔄 Applying deduplication logic...
[2026-02-19 11:12:14] ✓ Rows after deduplication: 2093
[2026-02-19 11:12:14] 🗑️  Removed 164080 duplicate rows
[2026-02-19 11:12:14] ✅ Final End Date check: 2093/2093 non-null values
[2026-02-19 11:12:14] ✅ Sample final End Dates: ['18-02-2026 6:00 PM', '14-02-2026 7:00 PM', '16-02-2026 11:00 AM']
[2026-02-19 11:12:14] ✓ Saved master CSV: E:\GeM Portal Scraper\data\gem_all_bids.csv
[2026-02-19 11:12:14] ✓ Total unique bids saved: 2093
[2026-02-19 11:12:14] MERGE & DEDUPLICATION COMPLETED
[2026-02-19 11:12:14] ============================================================
[2026-02-19 11:12:14] ✅ Merge completed successfully
[2026-02-19 11:12:15] 📊 Analysis complete: 2093 total, 307 filtered
[2026-02-19 11:27:29] ✓ Saved 298 checked bids
[2026-02-19 11:27:29] ✓ Saved 299 checked bids
[2026-02-19 11:27:29] ✓ Saved 300 checked bids
[2026-02-19 11:27:29] ✓ Saved 301 checked bids
[2026-02-19 11:27:29] ✓ Saved 302 checked bids
[2026-02-19 11:27:29] ✓ Saved 303 checked bids
[2026-02-19 11:27:29] ✓ Saved 304 checked bids
[2026-02-19 11:27:29] ✓ Saved 305 checked bids
[2026-02-19 11:27:29] ✓ Saved 306 checked bids
[2026-02-19 11:27:29] ✓ Saved 307 checked bids
[2026-02-19 17:03:06] 🚀 Launching Session 1 - Keyword: 'batter'
[2026-02-19 17:03:16] 🚀 Launching Session 2 - Keyword: 'batter'
[2026-02-19 17:03:26] 🚀 Launching Session 3 - Keyword: 'batter'
[2026-02-19 17:03:36] 🚀 Launching Session 4 - Keyword: 'batter'
[2026-02-19 17:08:51] 📋 Session CSVs detected - running merge before analysis
[2026-02-19 17:08:51] ============================================================
[2026-02-19 17:08:51] STARTING MERGE & DEDUPLICATION
[2026-02-19 17:08:51] ✓ Loaded Session 1: 42734 rows from gem_all_bids_session1.csv
[2026-02-19 17:08:51]   → End Date: 42734/42734 non-null values
[2026-02-19 17:08:51]   → Sample: 07-02-2026 6:00 PM
[2026-02-19 17:08:52] ✓ Loaded Session 2: 42500 rows from gem_all_bids_session2.csv
[2026-02-19 17:08:52]   → End Date: 42500/42500 non-null values
[2026-02-19 17:08:52]   → Sample: 07-02-2026 6:00 PM
[2026-02-19 17:08:52] ✓ Loaded Session 3: 42358 rows from gem_all_bids_session3.csv
[2026-02-19 17:08:52]   → End Date: 42358/42358 non-null values
[2026-02-19 17:08:52]   → Sample: 07-02-2026 6:00 PM
[2026-02-19 17:08:52] ✓ Loaded Session 4: 43155 rows from gem_all_bids_session4.csv
[2026-02-19 17:08:52]   → End Date: 43155/43155 non-null values
[2026-02-19 17:08:52]   → Sample: 07-02-2026 6:00 PM
[2026-02-19 17:08:52] 📊 Total rows before deduplication: 170747
[2026-02-19 17:08:52] 📊 End Date after concat: 170747/170747 non-null values
[2026-02-19 17:08:52] 📊 Sample End Dates: ['07-02-2026 6:00 PM', '07-02-2026 6:00 PM', '07-02-2026 6:00 PM']
[2026-02-19 17:08:52] ⚠️  Warning: 170747 End Dates failed to parse
[2026-02-19 17:08:52]    Failed samples: ['07-02-2026 6:00 PM', '07-02-2026 6:00 PM', '07-02-2026 6:00 PM', '07-02-2026 6:00 PM', '07-02-2026 6:00 PM']
[2026-02-19 17:08:52] 🔄 Applying deduplication logic...
[2026-02-19 17:08:54] ✓ Rows after deduplication: 2147
[2026-02-19 17:08:54] 🗑️  Removed 168600 duplicate rows
[2026-02-19 17:08:54] ✅ Final End Date check: 2147/2147 non-null values
[2026-02-19 17:08:54] ✅ Sample final End Dates: ['18-02-2026 6:00 PM', '14-02-2026 7:00 PM', '16-02-2026 11:00 AM']
[2026-02-19 17:08:54] ✓ Saved master CSV: E:\GeM Portal Scraper\data\gem_all_bids.csv
[2026-02-19 17:08:54] ✓ Total unique bids saved: 2147
[2026-02-19 17:08:54] MERGE & DEDUPLICATION COMPLETED
[2026-02-19 17:08:54] ============================================================
[2026-02-19 17:08:54] ✅ Merge completed successfully
[2026-02-19 17:08:54] 📊 Analysis complete: 2147 total, 311 filtered
[2026-02-19 17:13:07] ✓ Saved 308 checked bids
[2026-02-19 17:13:07] ✓ Saved 309 checked bids
[2026-02-19 17:13:07] ✓ Saved 310 checked bids
[2026-02-19 17:13:07] ✓ Saved 311 checked bids
[2026-02-19 17:13:38] 🚀 Launching Session 1 - Keyword: 'batter'
[2026-02-19 17:13:48] 🚀 Launching Session 2 - Keyword: 'batter'
[2026-02-19 17:13:58] 🚀 Launching Session 3 - Keyword: 'batter'
[2026-02-19 17:14:08] 🚀 Launching Session 4 - Keyword: 'batter'
[2026-02-19 17:19:45] 🚀 Launching Session 1 - Keyword: 'batter'
[2026-02-19 17:19:55] 🚀 Launching Session 2 - Keyword: 'batter'
[2026-02-19 17:20:05] 🚀 Launching Session 3 - Keyword: 'batter'
[2026-02-19 17:20:15] 🚀 Launching Session 4 - Keyword: 'batter'
[2026-02-19 17:21:21] 📋 Session CSVs detected - running merge before analysis
[2026-02-19 17:21:21] ============================================================
[2026-02-19 17:21:21] STARTING MERGE & DEDUPLICATION
[2026-02-19 17:21:21] ✓ Loaded Session 1: 44005 rows from gem_all_bids_session1.csv
[2026-02-19 17:21:21]   → End Date: 44005/44005 non-null values
[2026-02-19 17:21:21]   → Sample: 07-02-2026 6:00 PM
[2026-02-19 17:21:21] ✓ Loaded Session 2: 43714 rows from gem_all_bids_session2.csv
[2026-02-19 17:21:21]   → End Date: 43714/43714 non-null values
[2026-02-19 17:21:21]   → Sample: 07-02-2026 6:00 PM
[2026-02-19 17:21:21] ✓ Loaded Session 3: 43523 rows from gem_all_bids_session3.csv
[2026-02-19 17:21:21]   → End Date: 43523/43523 non-null values
[2026-02-19 17:21:21]   → Sample: 07-02-2026 6:00 PM
[2026-02-19 17:21:21] ✓ Loaded Session 4: 44300 rows from gem_all_bids_session4.csv
[2026-02-19 17:21:21]   → End Date: 44300/44300 non-null values
[2026-02-19 17:21:21]   → Sample: 07-02-2026 6:00 PM
[2026-02-19 17:21:21] 📊 Total rows before deduplication: 175542
[2026-02-19 17:21:21] 📊 End Date after concat: 175542/175542 non-null values
[2026-02-19 17:21:21] 📊 Sample End Dates: ['07-02-2026 6:00 PM', '07-02-2026 6:00 PM', '07-02-2026 6:00 PM']
[2026-02-19 17:21:21] ⚠️  Warning: 175542 End Dates failed to parse
[2026-02-19 17:21:21]    Failed samples: ['07-02-2026 6:00 PM', '07-02-2026 6:00 PM', '07-02-2026 6:00 PM', '07-02-2026 6:00 PM', '07-02-2026 6:00 PM']
[2026-02-19 17:21:22] 🔄 Applying deduplication logic...
[2026-02-19 17:21:23] ✓ Rows after deduplication: 2149
[2026-02-19 17:21:23] 🗑️  Removed 173393 duplicate rows
[2026-02-19 17:21:23] ✅ Final End Date check: 2149/2149 non-null values
[2026-02-19 17:21:23] ✅ Sample final End Dates: ['18-02-2026 6:00 PM', '14-02-2026 7:00 PM', '16-02-2026 11:00 AM']
[2026-02-19 17:21:23] ✓ Saved master CSV: E:\GeM Portal Scraper\data\gem_all_bids.csv
[2026-02-19 17:21:23] ✓ Total unique bids saved: 2149
[2026-02-19 17:21:23] MERGE & DEDUPLICATION COMPLETED
[2026-02-19 17:21:23] ============================================================
[2026-02-19 17:21:23] ✅ Merge completed successfully
[2026-02-19 17:21:23] 📊 Analysis complete: 2149 total, 312 filtered
[2026-02-19 17:21:39] ✓ Saved 312 checked bids
[2026-02-19 17:21:56] 🚀 Launching Session 1 - Keyword: 'batter'
[2026-02-19 17:22:06] 🚀 Launching Session 2 - Keyword: 'batter'
[2026-02-19 17:22:16] 🚀 Launching Session 3 - Keyword: 'batter'
[2026-02-19 17:22:26] 🚀 Launching Session 4 - Keyword: 'batter'
[2026-02-19 17:28:14] 📋 Session CSVs detected - running merge before analysis
[2026-02-19 17:28:14] ============================================================
[2026-02-19 17:28:14] STARTING MERGE & DEDUPLICATION
[2026-02-19 17:28:15] ✓ Loaded Session 1: 45132 rows from gem_all_bids_session1.csv
[2026-02-19 17:28:15]   → End Date: 45132/45132 non-null values
[2026-02-19 17:28:15]   → Sample: 07-02-2026 6:00 PM
[2026-02-19 17:28:15] ✓ Loaded Session 2: 44858 rows from gem_all_bids_session2.csv
[2026-02-19 17:28:15]   → End Date: 44858/44858 non-null values
[2026-02-19 17:28:15]   → Sample: 07-02-2026 6:00 PM
[2026-02-19 17:28:15] ✓ Loaded Session 3: 44660 rows from gem_all_bids_session3.csv
[2026-02-19 17:28:15]   → End Date: 44660/44660 non-null values
[2026-02-19 17:28:15]   → Sample: 07-02-2026 6:00 PM
[2026-02-19 17:28:15] ✓ Loaded Session 4: 45434 rows from gem_all_bids_session4.csv
[2026-02-19 17:28:15]   → End Date: 45434/45434 non-null values
[2026-02-19 17:28:15]   → Sample: 07-02-2026 6:00 PM
[2026-02-19 17:28:15] 📊 Total rows before deduplication: 180084
[2026-02-19 17:28:15] 📊 End Date after concat: 180084/180084 non-null values
[2026-02-19 17:28:15] 📊 Sample End Dates: ['07-02-2026 6:00 PM', '07-02-2026 6:00 PM', '07-02-2026 6:00 PM']
[2026-02-19 17:28:15] ⚠️  Warning: 180084 End Dates failed to parse
[2026-02-19 17:28:15]    Failed samples: ['07-02-2026 6:00 PM', '07-02-2026 6:00 PM', '07-02-2026 6:00 PM', '07-02-2026 6:00 PM', '07-02-2026 6:00 PM']
[2026-02-19 17:28:15] 🔄 Applying deduplication logic...
[2026-02-19 17:28:16] ✓ Rows after deduplication: 2151
[2026-02-19 17:28:16] 🗑️  Removed 177933 duplicate rows
[2026-02-19 17:28:16] ✅ Final End Date check: 2151/2151 non-null values
[2026-02-19 17:28:16] ✅ Sample final End Dates: ['18-02-2026 6:00 PM', '14-02-2026 7:00 PM', '16-02-2026 11:00 AM']
[2026-02-19 17:28:16] ✓ Saved master CSV: E:\GeM Portal Scraper\data\gem_all_bids.csv
[2026-02-19 17:28:16] ✓ Total unique bids saved: 2151
[2026-02-19 17:28:16] MERGE & DEDUPLICATION COMPLETED
[2026-02-19 17:28:16] ============================================================
[2026-02-19 17:28:17] ✅ Merge completed successfully
[2026-02-19 17:28:17] 📊 Analysis complete: 2151 total, 312 filtered
[2026-02-19 18:16:17] 🚀 Launching Session 1 - Keyword: 'batter'
[2026-02-19 18:16:27] 🚀 Launching Session 2 - Keyword: 'batter'
[2026-02-19 18:16:37] 🚀 Launching Session 3 - Keyword: 'batter'
[2026-02-19 18:16:47] 🚀 Launching Session 4 - Keyword: 'batter'
[2026-02-19 18:22:50] ✓ Session 1 completed (1/4)
[2026-02-19 18:22:58] ✓ Session 2 completed (2/4)
[2026-02-19 18:23:09] ✓ Session 3 completed (3/4)
[2026-02-19 18:23:10] ✓ Session 4 completed (4/4)
[2026-02-19 18:23:10] ✅ All 4 sessions completed! Starting merge...
[2026-02-19 18:23:10] ============================================================
[2026-02-19 18:23:10] STARTING MERGE & DEDUPLICATION
[2026-02-19 18:23:10] ✓ Loaded Session 1: 46265 rows from gem_all_bids_session1.csv
[2026-02-19 18:23:10]   → End Date: 46265/46265 non-null values
[2026-02-19 18:23:10]   → Sample: 07-02-2026 6:00 PM
[2026-02-19 18:23:10] ✓ Loaded Session 2: 45991 rows from gem_all_bids_session2.csv
[2026-02-19 18:23:10]   → End Date: 45991/45991 non-null values
[2026-02-19 18:23:10]   → Sample: 07-02-2026 6:00 PM
[2026-02-19 18:23:10] ✓ Loaded Session 3: 45796 rows from gem_all_bids_session3.csv
[2026-02-19 18:23:10]   → End Date: 45796/45796 non-null values
[2026-02-19 18:23:10]   → Sample: 07-02-2026 6:00 PM
[2026-02-19 18:23:10] ✓ Loaded Session 4: 46562 rows from gem_all_bids_session4.csv
[2026-02-19 18:23:10]   → End Date: 46562/46562 non-null values
[2026-02-19 18:23:10]   → Sample: 07-02-2026 6:00 PM
[2026-02-19 18:23:10] 📊 Total rows before deduplication: 184614
[2026-02-19 18:23:10] 📊 End Date after concat: 184614/184614 non-null values
[2026-02-19 18:23:10] 📊 Sample End Dates: ['07-02-2026 6:00 PM', '07-02-2026 6:00 PM', '07-02-2026 6:00 PM']
[2026-02-19 18:23:11] ⚠️  Warning: 184614 End Dates failed to parse
[2026-02-19 18:23:11]    Failed samples: ['07-02-2026 6:00 PM', '07-02-2026 6:00 PM', '07-02-2026 6:00 PM', '07-02-2026 6:00 PM', '07-02-2026 6:00 PM']
[2026-02-19 18:23:11] 🔄 Applying deduplication logic...
[2026-02-19 18:23:12] ✓ Rows after deduplication: 2154
[2026-02-19 18:23:12] 🗑️  Removed 182460 duplicate rows
[2026-02-19 18:23:12] ✅ Final End Date check: 2154/2154 non-null values
[2026-02-19 18:23:12] ✅ Sample final End Dates: ['18-02-2026 6:00 PM', '14-02-2026 7:00 PM', '16-02-2026 11:00 AM']
[2026-02-19 18:23:12] ✓ Saved master CSV: E:\GeM Portal Scraper\data\gem_all_bids.csv
[2026-02-19 18:23:12] ✓ Total unique bids saved: 2154
[2026-02-19 18:23:12] MERGE & DEDUPLICATION COMPLETED
[2026-02-19 18:23:12] ============================================================
[2026-02-19 18:23:12] 🎉 EXTRACTION COMPLETE - All sessions merged and deduplicated
[2026-02-19 18:23:57] 📋 Session CSVs detected - running merge before analysis
[2026-02-19 18:23:57] ============================================================
[2026-02-19 18:23:57] STARTING MERGE & DEDUPLICATION
[2026-02-19 18:23:57] ✓ Loaded Session 1: 46265 rows from gem_all_bids_session1.csv
[2026-02-19 18:23:57]   → End Date: 46265/46265 non-null values
[2026-02-19 18:23:57]   → Sample: 07-02-2026 6:00 PM
[2026-02-19 18:23:58] ✓ Loaded Session 2: 45991 rows from gem_all_bids_session2.csv
[2026-02-19 18:23:58]   → End Date: 45991/45991 non-null values
[2026-02-19 18:23:58]   → Sample: 07-02-2026 6:00 PM
[2026-02-19 18:23:58] ✓ Loaded Session 3: 45796 rows from gem_all_bids_session3.csv
[2026-02-19 18:23:58]   → End Date: 45796/45796 non-null values
[2026-02-19 18:23:58]   → Sample: 07-02-2026 6:00 PM
[2026-02-19 18:23:58] ✓ Loaded Session 4: 46562 rows from gem_all_bids_session4.csv
[2026-02-19 18:23:58]   → End Date: 46562/46562 non-null values
[2026-02-19 18:23:58]   → Sample: 07-02-2026 6:00 PM
[2026-02-19 18:23:58] 📊 Total rows before deduplication: 184614
[2026-02-19 18:23:58] 📊 End Date after concat: 184614/184614 non-null values
[2026-02-19 18:23:58] 📊 Sample End Dates: ['07-02-2026 6:00 PM', '07-02-2026 6:00 PM', '07-02-2026 6:00 PM']
[2026-02-19 18:23:58] ⚠️  Warning: 184614 End Dates failed to parse
[2026-02-19 18:23:58]    Failed samples: ['07-02-2026 6:00 PM', '07-02-2026 6:00 PM', '07-02-2026 6:00 PM', '07-02-2026 6:00 PM', '07-02-2026 6:00 PM']
[2026-02-19 18:23:58] 🔄 Applying deduplication logic...
[2026-02-19 18:23:59] ✓ Rows after deduplication: 2154
[2026-02-19 18:23:59] 🗑️  Removed 182460 duplicate rows
[2026-02-19 18:23:59] ✅ Final End Date check: 2154/2154 non-null values
[2026-02-19 18:23:59] ✅ Sample final End Dates: ['18-02-2026 6:00 PM', '14-02-2026 7:00 PM', '16-02-2026 11:00 AM']
[2026-02-19 18:23:59] ✓ Saved master CSV: E:\GeM Portal Scraper\data\gem_all_bids.csv
[2026-02-19 18:23:59] ✓ Total unique bids saved: 2154
[2026-02-19 18:23:59] MERGE & DEDUPLICATION COMPLETED
[2026-02-19 18:23:59] ============================================================
[2026-02-19 18:23:59] ✅ Merge completed successfully
[2026-02-19 18:24:00] 📊 Analysis complete: 2154 total, 314 filtered
[2026-02-19 18:24:50] ✓ Saved 313 checked bids
[2026-02-19 18:24:50] ✓ Saved 314 checked bids
[2026-02-19 18:27:20] 🚀 Launching Session 1 - Keyword: 'batter'
[2026-02-19 18:27:30] 🚀 Launching Session 2 - Keyword: 'batter'
[2026-02-19 18:27:40] 🚀 Launching Session 3 - Keyword: 'batter'
[2026-02-19 18:27:50] 🚀 Launching Session 4 - Keyword: 'batter'
[2026-02-19 18:35:25] ✓ Session 1 completed (1/4)
[2026-02-19 18:35:43] ✓ Session 2 completed (2/4)
[2026-02-19 18:36:11] ✓ Session 3 completed (3/4)
[2026-02-19 18:37:18] ✓ Session 4 completed (4/4)
[2026-02-19 18:37:18] ✅ All 4 sessions completed! Starting merge...
[2026-02-19 18:37:18] ============================================================
[2026-02-19 18:37:18] STARTING MERGE & DEDUPLICATION
[2026-02-19 18:37:18] ✓ Loaded Session 1: 47399 rows from gem_all_bids_session1.csv
[2026-02-19 18:37:18]   → End Date: 47399/47399 non-null values
[2026-02-19 18:37:18]   → Sample: 07-02-2026 6:00 PM
[2026-02-19 18:37:18] ✓ Loaded Session 2: 47117 rows from gem_all_bids_session2.csv
[2026-02-19 18:37:18]   → End Date: 47117/47117 non-null values
[2026-02-19 18:37:18]   → Sample: 07-02-2026 6:00 PM
[2026-02-19 18:37:19] ✓ Loaded Session 3: 46928 rows from gem_all_bids_session3.csv
[2026-02-19 18:37:19]   → End Date: 46928/46928 non-null values
[2026-02-19 18:37:19]   → Sample: 07-02-2026 6:00 PM
[2026-02-19 18:37:19] ✓ Loaded Session 4: 47695 rows from gem_all_bids_session4.csv
[2026-02-19 18:37:19]   → End Date: 47695/47695 non-null values
[2026-02-19 18:37:19]   → Sample: 07-02-2026 6:00 PM
[2026-02-19 18:37:19] 📊 Total rows before deduplication: 189139
[2026-02-19 18:37:19] 📊 End Date after concat: 189139/189139 non-null values
[2026-02-19 18:37:19] 📊 Sample End Dates: ['07-02-2026 6:00 PM', '07-02-2026 6:00 PM', '07-02-2026 6:00 PM']
[2026-02-19 18:37:19] ⚠️  Warning: 189139 End Dates failed to parse
[2026-02-19 18:37:19]    Failed samples: ['07-02-2026 6:00 PM', '07-02-2026 6:00 PM', '07-02-2026 6:00 PM', '07-02-2026 6:00 PM', '07-02-2026 6:00 PM']
[2026-02-19 18:37:19] 🔄 Applying deduplication logic...
[2026-02-19 18:37:20] ✓ Rows after deduplication: 2157
[2026-02-19 18:37:20] 🗑️  Removed 186982 duplicate rows
[2026-02-19 18:37:20] ✅ Final End Date check: 2157/2157 non-null values
[2026-02-19 18:37:20] ✅ Sample final End Dates: ['18-02-2026 6:00 PM', '14-02-2026 7:00 PM', '16-02-2026 11:00 AM']
[2026-02-19 18:37:20] ✓ Saved master CSV: E:\GeM Portal Scraper\data\gem_all_bids.csv
[2026-02-19 18:37:20] ✓ Total unique bids saved: 2157
[2026-02-19 18:37:20] MERGE & DEDUPLICATION COMPLETED
[2026-02-19 18:37:20] ============================================================
[2026-02-19 18:37:20] 🎉 EXTRACTION COMPLETE - All sessions merged and deduplicated
[2026-02-19 18:38:01] 📋 Session CSVs detected - running merge before analysis
[2026-02-19 18:38:01] ============================================================
[2026-02-19 18:38:01] STARTING MERGE & DEDUPLICATION
[2026-02-19 18:38:01] ✓ Loaded Session 1: 47399 rows from gem_all_bids_session1.csv
[2026-02-19 18:38:01]   → End Date: 47399/47399 non-null values
[2026-02-19 18:38:01]   → Sample: 07-02-2026 6:00 PM
[2026-02-19 18:38:01] ✓ Loaded Session 2: 47117 rows from gem_all_bids_session2.csv
[2026-02-19 18:38:01]   → End Date: 47117/47117 non-null values
[2026-02-19 18:38:01]   → Sample: 07-02-2026 6:00 PM
[2026-02-19 18:38:01] ✓ Loaded Session 3: 46928 rows from gem_all_bids_session3.csv
[2026-02-19 18:38:01]   → End Date: 46928/46928 non-null values
[2026-02-19 18:38:01]   → Sample: 07-02-2026 6:00 PM
[2026-02-19 18:38:02] ✓ Loaded Session 4: 47695 rows from gem_all_bids_session4.csv
[2026-02-19 18:38:02]   → End Date: 47695/47695 non-null values
[2026-02-19 18:38:02]   → Sample: 07-02-2026 6:00 PM
[2026-02-19 18:38:02] 📊 Total rows before deduplication: 189139
[2026-02-19 18:38:02] 📊 End Date after concat: 189139/189139 non-null values
[2026-02-19 18:38:02] 📊 Sample End Dates: ['07-02-2026 6:00 PM', '07-02-2026 6:00 PM', '07-02-2026 6:00 PM']
[2026-02-19 18:38:02] ⚠️  Warning: 189139 End Dates failed to parse
[2026-02-19 18:38:02]    Failed samples: ['07-02-2026 6:00 PM', '07-02-2026 6:00 PM', '07-02-2026 6:00 PM', '07-02-2026 6:00 PM', '07-02-2026 6:00 PM']
[2026-02-19 18:38:02] 🔄 Applying deduplication logic...
[2026-02-19 18:38:03] ✓ Rows after deduplication: 2157
[2026-02-19 18:38:03] 🗑️  Removed 186982 duplicate rows
[2026-02-19 18:38:03] ✅ Final End Date check: 2157/2157 non-null values
[2026-02-19 18:38:03] ✅ Sample final End Dates: ['18-02-2026 6:00 PM', '14-02-2026 7:00 PM', '16-02-2026 11:00 AM']
[2026-02-19 18:38:03] ✓ Saved master CSV: E:\GeM Portal Scraper\data\gem_all_bids.csv
[2026-02-19 18:38:03] ✓ Total unique bids saved: 2157
[2026-02-19 18:38:03] MERGE & DEDUPLICATION COMPLETED
[2026-02-19 18:38:03] ============================================================
[2026-02-19 18:38:03] ✅ Merge completed successfully
[2026-02-19 18:38:03] 📊 Analysis complete: 2157 total, 314 filtered
[2026-02-20 12:16:18] 🚀 Launching Session 1 - Keyword: 'batter'
[2026-02-20 12:16:28] 🚀 Launching Session 2 - Keyword: 'batter'
[2026-02-20 12:16:38] 🚀 Launching Session 3 - Keyword: 'batter'
[2026-02-20 12:16:48] 🚀 Launching Session 4 - Keyword: 'batter'
[2026-02-20 12:22:01] ✓ Session 1 completed (1/4)
[2026-02-20 12:22:13] ✓ Session 2 completed (2/4)
[2026-02-20 12:22:17] ✓ Session 3 completed (3/4)
[2026-02-20 12:22:33] ✓ Session 4 completed (4/4)
[2026-02-20 12:22:33] ✅ All 4 sessions completed! Starting merge...
[2026-02-20 12:22:33] ============================================================
[2026-02-20 12:22:33] STARTING MERGE & DEDUPLICATION
[2026-02-20 12:22:33] ✓ Loaded Session 1: 48508 rows from gem_all_bids_session1.csv
[2026-02-20 12:22:33]   → End Date: 48508/48508 non-null values
[2026-02-20 12:22:33]   → Sample: 07-02-2026 6:00 PM
[2026-02-20 12:22:34] ✓ Loaded Session 2: 48235 rows from gem_all_bids_session2.csv
[2026-02-20 12:22:34]   → End Date: 48235/48235 non-null values
[2026-02-20 12:22:34]   → Sample: 07-02-2026 6:00 PM
[2026-02-20 12:22:34] ✓ Loaded Session 3: 48034 rows from gem_all_bids_session3.csv
[2026-02-20 12:22:34]   → End Date: 48034/48034 non-null values
[2026-02-20 12:22:34]   → Sample: 07-02-2026 6:00 PM
[2026-02-20 12:22:35] ✓ Loaded Session 4: 48811 rows from gem_all_bids_session4.csv
[2026-02-20 12:22:35]   → End Date: 48811/48811 non-null values
[2026-02-20 12:22:35]   → Sample: 07-02-2026 6:00 PM
[2026-02-20 12:22:35] 📊 Total rows before deduplication: 193588
[2026-02-20 12:22:35] 📊 End Date after concat: 193588/193588 non-null values
[2026-02-20 12:22:35] 📊 Sample End Dates: ['07-02-2026 6:00 PM', '07-02-2026 6:00 PM', '07-02-2026 6:00 PM']
[2026-02-20 12:22:35] ⚠️  Warning: 193588 End Dates failed to parse
[2026-02-20 12:22:35]    Failed samples: ['07-02-2026 6:00 PM', '07-02-2026 6:00 PM', '07-02-2026 6:00 PM', '07-02-2026 6:00 PM', '07-02-2026 6:00 PM']
[2026-02-20 12:22:35] 🔄 Applying deduplication logic...
[2026-02-20 12:22:36] ✓ Rows after deduplication: 2182
[2026-02-20 12:22:36] 🗑️  Removed 191406 duplicate rows
[2026-02-20 12:22:36] ✅ Final End Date check: 2182/2182 non-null values
[2026-02-20 12:22:36] ✅ Sample final End Dates: ['18-02-2026 6:00 PM', '14-02-2026 7:00 PM', '16-02-2026 11:00 AM']
[2026-02-20 12:22:36] ✓ Saved master CSV: E:\GeM Portal Scraper\data\gem_all_bids.csv
[2026-02-20 12:22:36] ✓ Total unique bids saved: 2182
[2026-02-20 12:22:36] MERGE & DEDUPLICATION COMPLETED
[2026-02-20 12:22:36] ============================================================
[2026-02-20 12:22:36] 🎉 EXTRACTION COMPLETE - All sessions merged and deduplicated
[2026-02-20 12:22:59] 📋 Session CSVs detected - running merge before analysis
[2026-02-20 12:22:59] ============================================================
[2026-02-20 12:22:59] STARTING MERGE & DEDUPLICATION
[2026-02-20 12:22:59] ✓ Loaded Session 1: 48508 rows from gem_all_bids_session1.csv
[2026-02-20 12:22:59]   → End Date: 48508/48508 non-null values
[2026-02-20 12:22:59]   → Sample: 07-02-2026 6:00 PM
[2026-02-20 12:23:00] ✓ Loaded Session 2: 48235 rows from gem_all_bids_session2.csv
[2026-02-20 12:23:00]   → End Date: 48235/48235 non-null values
[2026-02-20 12:23:00]   → Sample: 07-02-2026 6:00 PM
[2026-02-20 12:23:00] ✓ Loaded Session 3: 48034 rows from gem_all_bids_session3.csv
[2026-02-20 12:23:00]   → End Date: 48034/48034 non-null values
[2026-02-20 12:23:00]   → Sample: 07-02-2026 6:00 PM
[2026-02-20 12:23:00] ✓ Loaded Session 4: 48811 rows from gem_all_bids_session4.csv
[2026-02-20 12:23:00]   → End Date: 48811/48811 non-null values
[2026-02-20 12:23:00]   → Sample: 07-02-2026 6:00 PM
[2026-02-20 12:23:00] 📊 Total rows before deduplication: 193588
[2026-02-20 12:23:00] 📊 End Date after concat: 193588/193588 non-null values
[2026-02-20 12:23:00] 📊 Sample End Dates: ['07-02-2026 6:00 PM', '07-02-2026 6:00 PM', '07-02-2026 6:00 PM']
[2026-02-20 12:23:00] ⚠️  Warning: 193588 End Dates failed to parse
[2026-02-20 12:23:00]    Failed samples: ['07-02-2026 6:00 PM', '07-02-2026 6:00 PM', '07-02-2026 6:00 PM', '07-02-2026 6:00 PM', '07-02-2026 6:00 PM']
[2026-02-20 12:23:00] 🔄 Applying deduplication logic...
[2026-02-20 12:23:01] ✓ Rows after deduplication: 2182
[2026-02-20 12:23:01] 🗑️  Removed 191406 duplicate rows
[2026-02-20 12:23:01] ✅ Final End Date check: 2182/2182 non-null values
[2026-02-20 12:23:01] ✅ Sample final End Dates: ['18-02-2026 6:00 PM', '14-02-2026 7:00 PM', '16-02-2026 11:00 AM']
[2026-02-20 12:23:01] ✓ Saved master CSV: E:\GeM Portal Scraper\data\gem_all_bids.csv
[2026-02-20 12:23:01] ✓ Total unique bids saved: 2182
[2026-02-20 12:23:01] MERGE & DEDUPLICATION COMPLETED
[2026-02-20 12:23:01] ============================================================
[2026-02-20 12:23:01] ✅ Merge completed successfully
[2026-02-20 12:23:02] 📊 Analysis complete: 2182 total, 318 filtered
[2026-02-20 13:07:06] ✓ Saved 315 checked bids
[2026-02-20 13:07:06] ✓ Saved 316 checked bids
[2026-02-20 13:07:06] ✓ Saved 317 checked bids
[2026-02-20 13:07:06] ✓ Saved 318 checked bids
[2026-02-21 10:54:49] 🚀 Launching Session 1 - Keyword: 'batter'
[2026-02-21 10:54:59] 🚀 Launching Session 2 - Keyword: 'batter'
[2026-02-21 10:55:09] 🚀 Launching Session 3 - Keyword: 'batter'
[2026-02-21 10:55:19] 🚀 Launching Session 4 - Keyword: 'batter'
[2026-02-21 11:01:52] ✓ Session 2 completed (1/4)
[2026-02-21 11:01:55] ✓ Session 1 completed (2/4)
[2026-02-21 11:02:25] ✓ Session 3 completed (3/4)
[2026-02-21 11:02:41] ✓ Session 4 completed (4/4)
[2026-02-21 11:02:41] ✅ All 4 sessions completed! Starting merge...
[2026-02-21 11:02:41] ============================================================
[2026-02-21 11:02:41] STARTING MERGE & DEDUPLICATION
[2026-02-21 11:02:41] ✓ Loaded Session 1: 49664 rows from gem_all_bids_session1.csv
[2026-02-21 11:02:41]   → End Date: 49664/49664 non-null values
[2026-02-21 11:02:41]   → Sample: 07-02-2026 6:00 PM
[2026-02-21 11:02:41] ✓ Loaded Session 2: 49388 rows from gem_all_bids_session2.csv
[2026-02-21 11:02:41]   → End Date: 49388/49388 non-null values
[2026-02-21 11:02:41]   → Sample: 07-02-2026 6:00 PM
[2026-02-21 11:02:41] ✓ Loaded Session 3: 49199 rows from gem_all_bids_session3.csv
[2026-02-21 11:02:41]   → End Date: 49199/49199 non-null values
[2026-02-21 11:02:41]   → Sample: 07-02-2026 6:00 PM
[2026-02-21 11:02:41] ✓ Loaded Session 4: 49969 rows from gem_all_bids_session4.csv
[2026-02-21 11:02:41]   → End Date: 49969/49969 non-null values
[2026-02-21 11:02:41]   → Sample: 07-02-2026 6:00 PM
[2026-02-21 11:02:41] 📊 Total rows before deduplication: 198220
[2026-02-21 11:02:41] 📊 End Date after concat: 198220/198220 non-null values
[2026-02-21 11:02:41] 📊 Sample End Dates: ['07-02-2026 6:00 PM', '07-02-2026 6:00 PM', '07-02-2026 6:00 PM']
[2026-02-21 11:02:42] ⚠️  Warning: 198220 End Dates failed to parse
[2026-02-21 11:02:42]    Failed samples: ['07-02-2026 6:00 PM', '07-02-2026 6:00 PM', '07-02-2026 6:00 PM', '07-02-2026 6:00 PM', '07-02-2026 6:00 PM']
[2026-02-21 11:02:42] 🔄 Applying deduplication logic...
[2026-02-21 11:02:43] ✓ Rows after deduplication: 2296
[2026-02-21 11:02:43] 🗑️  Removed 195924 duplicate rows
[2026-02-21 11:02:43] ✅ Final End Date check: 2296/2296 non-null values
[2026-02-21 11:02:43] ✅ Sample final End Dates: ['18-02-2026 6:00 PM', '14-02-2026 7:00 PM', '16-02-2026 11:00 AM']
[2026-02-21 11:02:43] ✓ Saved master CSV: E:\GeM Portal Scraper\data\gem_all_bids.csv
[2026-02-21 11:02:43] ✓ Total unique bids saved: 2296
[2026-02-21 11:02:43] MERGE & DEDUPLICATION COMPLETED
[2026-02-21 11:02:43] ============================================================
[2026-02-21 11:02:43] 🎉 EXTRACTION COMPLETE - All sessions merged and deduplicated
[2026-02-21 11:03:30] 📋 Session CSVs detected - running merge before analysis
[2026-02-21 11:03:30] ============================================================
[2026-02-21 11:03:30] STARTING MERGE & DEDUPLICATION
[2026-02-21 11:03:30] ✓ Loaded Session 1: 49664 rows from gem_all_bids_session1.csv
[2026-02-21 11:03:30]   → End Date: 49664/49664 non-null values
[2026-02-21 11:03:30]   → Sample: 07-02-2026 6:00 PM
[2026-02-21 11:03:31] ✓ Loaded Session 2: 49388 rows from gem_all_bids_session2.csv
[2026-02-21 11:03:31]   → End Date: 49388/49388 non-null values
[2026-02-21 11:03:31]   → Sample: 07-02-2026 6:00 PM
[2026-02-21 11:03:31] ✓ Loaded Session 3: 49199 rows from gem_all_bids_session3.csv
[2026-02-21 11:03:31]   → End Date: 49199/49199 non-null values
[2026-02-21 11:03:31]   → Sample: 07-02-2026 6:00 PM
[2026-02-21 11:03:31] ✓ Loaded Session 4: 49969 rows from gem_all_bids_session4.csv
[2026-02-21 11:03:31]   → End Date: 49969/49969 non-null values
[2026-02-21 11:03:31]   → Sample: 07-02-2026 6:00 PM
[2026-02-21 11:03:31] 📊 Total rows before deduplication: 198220
[2026-02-21 11:03:31] 📊 End Date after concat: 198220/198220 non-null values
[2026-02-21 11:03:31] 📊 Sample End Dates: ['07-02-2026 6:00 PM', '07-02-2026 6:00 PM', '07-02-2026 6:00 PM']
[2026-02-21 11:03:31] ⚠️  Warning: 198220 End Dates failed to parse
[2026-02-21 11:03:31]    Failed samples: ['07-02-2026 6:00 PM', '07-02-2026 6:00 PM', '07-02-2026 6:00 PM', '07-02-2026 6:00 PM', '07-02-2026 6:00 PM']
[2026-02-21 11:03:31] 🔄 Applying deduplication logic...
[2026-02-21 11:03:32] ✓ Rows after deduplication: 2296
[2026-02-21 11:03:32] 🗑️  Removed 195924 duplicate rows
[2026-02-21 11:03:32] ✅ Final End Date check: 2296/2296 non-null values
[2026-02-21 11:03:32] ✅ Sample final End Dates: ['18-02-2026 6:00 PM', '14-02-2026 7:00 PM', '16-02-2026 11:00 AM']
[2026-02-21 11:03:32] ✓ Saved master CSV: E:\GeM Portal Scraper\data\gem_all_bids.csv
[2026-02-21 11:03:32] ✓ Total unique bids saved: 2296
[2026-02-21 11:03:32] MERGE & DEDUPLICATION COMPLETED
[2026-02-21 11:03:32] ============================================================
[2026-02-21 11:03:32] ✅ Merge completed successfully
[2026-02-21 11:03:33] 📊 Analysis complete: 2296 total, 334 filtered
[2026-02-21 11:06:16] ✓ Saved 319 checked bids
[2026-02-21 11:06:16] ✓ Saved 320 checked bids
[2026-02-21 11:06:16] ✓ Saved 321 checked bids
[2026-02-21 11:06:16] ✓ Saved 322 checked bids
[2026-02-21 11:06:16] ✓ Saved 323 checked bids
[2026-02-21 11:06:16] ✓ Saved 324 checked bids
[2026-02-21 11:06:16] ✓ Saved 325 checked bids
[2026-02-21 11:06:16] ✓ Saved 326 checked bids
[2026-02-21 11:06:16] ✓ Saved 327 checked bids
[2026-02-21 11:06:16] ✓ Saved 328 checked bids
[2026-02-21 11:06:16] ✓ Saved 329 checked bids
[2026-02-21 11:08:50] ✓ Saved 330 checked bids
[2026-02-21 11:08:50] ✓ Saved 331 checked bids
[2026-02-21 11:08:50] ✓ Saved 332 checked bids
[2026-02-21 11:08:50] ✓ Saved 333 checked bids
[2026-02-21 11:08:50] ✓ Saved 334 checked bids
[2026-02-21 15:40:00] 🚀 Launching Session 1 - Keyword: 'batter'
[2026-02-21 15:40:10] 🚀 Launching Session 2 - Keyword: 'batter'
[2026-02-21 15:40:20] 🚀 Launching Session 3 - Keyword: 'batter'
[2026-02-21 15:40:30] 🚀 Launching Session 4 - Keyword: 'batter'
[2026-02-21 15:46:53] ✓ Session 4 completed (1/4)
[2026-02-21 15:47:42] ✓ Session 1 completed (2/4)
[2026-02-21 15:47:49] ✓ Session 2 completed (3/4)
[2026-02-21 15:48:01] ✓ Session 3 completed (4/4)
[2026-02-21 15:48:01] ✅ All 4 sessions completed! Starting merge...
[2026-02-21 15:48:01] ============================================================
[2026-02-21 15:48:01] STARTING MERGE & DEDUPLICATION
[2026-02-21 15:48:02] ✓ Loaded Session 1: 50815 rows from gem_all_bids_session1.csv
[2026-02-21 15:48:02]   → End Date: 50815/50815 non-null values
[2026-02-21 15:48:02]   → Sample: 07-02-2026 6:00 PM
[2026-02-21 15:48:02] ✓ Loaded Session 2: 50533 rows from gem_all_bids_session2.csv
[2026-02-21 15:48:02]   → End Date: 50533/50533 non-null values
[2026-02-21 15:48:02]   → Sample: 07-02-2026 6:00 PM
[2026-02-21 15:48:02] ✓ Loaded Session 3: 50353 rows from gem_all_bids_session3.csv
[2026-02-21 15:48:02]   → End Date: 50353/50353 non-null values
[2026-02-21 15:48:02]   → Sample: 07-02-2026 6:00 PM
[2026-02-21 15:48:03] ✓ Loaded Session 4: 51119 rows from gem_all_bids_session4.csv
[2026-02-21 15:48:03]   → End Date: 51119/51119 non-null values
[2026-02-21 15:48:03]   → Sample: 07-02-2026 6:00 PM
[2026-02-21 15:48:03] 📊 Total rows before deduplication: 202820
[2026-02-21 15:48:03] 📊 End Date after concat: 202820/202820 non-null values
[2026-02-21 15:48:03] 📊 Sample End Dates: ['07-02-2026 6:00 PM', '07-02-2026 6:00 PM', '07-02-2026 6:00 PM']
[2026-02-21 15:48:03] ⚠️  Warning: 202820 End Dates failed to parse
[2026-02-21 15:48:03]    Failed samples: ['07-02-2026 6:00 PM', '07-02-2026 6:00 PM', '07-02-2026 6:00 PM', '07-02-2026 6:00 PM', '07-02-2026 6:00 PM']
[2026-02-21 15:48:03] 🔄 Applying deduplication logic...
[2026-02-21 15:48:04] ✓ Rows after deduplication: 2332
[2026-02-21 15:48:04] 🗑️  Removed 200488 duplicate rows
[2026-02-21 15:48:04] ✅ Final End Date check: 2332/2332 non-null values
[2026-02-21 15:48:04] ✅ Sample final End Dates: ['18-02-2026 6:00 PM', '14-02-2026 7:00 PM', '16-02-2026 11:00 AM']
[2026-02-21 15:48:04] ✓ Saved master CSV: E:\GeM Portal Scraper\data\gem_all_bids.csv
[2026-02-21 15:48:04] ✓ Total unique bids saved: 2332
[2026-02-21 15:48:04] MERGE & DEDUPLICATION COMPLETED
[2026-02-21 15:48:04] ============================================================
[2026-02-21 15:48:04] 🎉 EXTRACTION COMPLETE - All sessions merged and deduplicated
[2026-02-21 16:18:41] 📋 Session CSVs detected - running merge before analysis
[2026-02-21 16:18:41] ============================================================
[2026-02-21 16:18:41] STARTING MERGE & DEDUPLICATION
[2026-02-21 16:18:41] ✓ Loaded Session 1: 50815 rows from gem_all_bids_session1.csv
[2026-02-21 16:18:41]   → End Date: 50815/50815 non-null values
[2026-02-21 16:18:41]   → Sample: 07-02-2026 6:00 PM
[2026-02-21 16:18:41] ✓ Loaded Session 2: 50533 rows from gem_all_bids_session2.csv
[2026-02-21 16:18:41]   → End Date: 50533/50533 non-null values
[2026-02-21 16:18:41]   → Sample: 07-02-2026 6:00 PM
[2026-02-21 16:18:42] ✓ Loaded Session 3: 50353 rows from gem_all_bids_session3.csv
[2026-02-21 16:18:42]   → End Date: 50353/50353 non-null values
[2026-02-21 16:18:42]   → Sample: 07-02-2026 6:00 PM
[2026-02-21 16:18:42] ✓ Loaded Session 4: 51119 rows from gem_all_bids_session4.csv
[2026-02-21 16:18:42]   → End Date: 51119/51119 non-null values
[2026-02-21 16:18:42]   → Sample: 07-02-2026 6:00 PM
[2026-02-21 16:18:42] 📊 Total rows before deduplication: 202820
[2026-02-21 16:18:42] 📊 End Date after concat: 202820/202820 non-null values
[2026-02-21 16:18:42] 📊 Sample End Dates: ['07-02-2026 6:00 PM', '07-02-2026 6:00 PM', '07-02-2026 6:00 PM']
[2026-02-21 16:18:42] ⚠️  Warning: 202820 End Dates failed to parse
[2026-02-21 16:18:42]    Failed samples: ['07-02-2026 6:00 PM', '07-02-2026 6:00 PM', '07-02-2026 6:00 PM', '07-02-2026 6:00 PM', '07-02-2026 6:00 PM']
[2026-02-21 16:18:42] 🔄 Applying deduplication logic...
[2026-02-21 16:18:43] ✓ Rows after deduplication: 2332
[2026-02-21 16:18:43] 🗑️  Removed 200488 duplicate rows
[2026-02-21 16:18:43] ✅ Final End Date check: 2332/2332 non-null values
[2026-02-21 16:18:43] ✅ Sample final End Dates: ['18-02-2026 6:00 PM', '14-02-2026 7:00 PM', '16-02-2026 11:00 AM']
[2026-02-21 16:18:43] ✓ Saved master CSV: E:\GeM Portal Scraper\data\gem_all_bids.csv
[2026-02-21 16:18:43] ✓ Total unique bids saved: 2332
[2026-02-21 16:18:43] MERGE & DEDUPLICATION COMPLETED
[2026-02-21 16:18:43] ============================================================
[2026-02-21 16:18:43] ✅ Merge completed successfully
[2026-02-21 16:18:44] 📊 Analysis complete: 2332 total, 336 filtered
[2026-02-21 16:36:21] ✓ Saved 335 checked bids
[2026-02-21 16:36:21] ✓ Saved 336 checked bids
[2026-02-23 13:43:42] 🚀 Launching Session 1 - Keyword: 'batter'
[2026-02-23 13:43:52] 🚀 Launching Session 2 - Keyword: 'batter'
[2026-02-23 13:44:02] 🚀 Launching Session 3 - Keyword: 'batter'
[2026-02-23 13:44:12] 🚀 Launching Session 4 - Keyword: 'batter'
[2026-02-23 13:49:12] ✓ Session 1 completed (1/4)
[2026-02-23 13:49:19] ✓ Session 2 completed (2/4)
[2026-02-23 13:49:40] ✓ Session 3 completed (3/4)
[2026-02-23 13:51:31] ✓ Session 4 completed (4/4)
[2026-02-23 13:51:31] ✅ All 4 sessions completed! Starting merge...
[2026-02-23 13:51:31] ============================================================
[2026-02-23 13:51:31] STARTING MERGE & DEDUPLICATION
[2026-02-23 13:51:31] ✓ Loaded Session 1: 51902 rows from gem_all_bids_session1.csv
[2026-02-23 13:51:31]   → End Date: 51902/51902 non-null values
[2026-02-23 13:51:31]   → Sample: 07-02-2026 6:00 PM
[2026-02-23 13:51:31] ✓ Loaded Session 2: 51628 rows from gem_all_bids_session2.csv
[2026-02-23 13:51:31]   → End Date: 51628/51628 non-null values
[2026-02-23 13:51:31]   → Sample: 07-02-2026 6:00 PM
[2026-02-23 13:51:31] ✓ Loaded Session 3: 51438 rows from gem_all_bids_session3.csv
[2026-02-23 13:51:31]   → End Date: 51438/51438 non-null values
[2026-02-23 13:51:31]   → Sample: 07-02-2026 6:00 PM
[2026-02-23 13:51:32] ✓ Loaded Session 4: 52217 rows from gem_all_bids_session4.csv
[2026-02-23 13:51:32]   → End Date: 52217/52217 non-null values
[2026-02-23 13:51:32]   → Sample: 07-02-2026 6:00 PM
[2026-02-23 13:51:32] 📊 Total rows before deduplication: 207185
[2026-02-23 13:51:32] 📊 End Date after concat: 207185/207185 non-null values
[2026-02-23 13:51:32] 📊 Sample End Dates: ['07-02-2026 6:00 PM', '07-02-2026 6:00 PM', '07-02-2026 6:00 PM']
[2026-02-23 13:51:32] ⚠️  Warning: 207185 End Dates failed to parse
[2026-02-23 13:51:32]    Failed samples: ['07-02-2026 6:00 PM', '07-02-2026 6:00 PM', '07-02-2026 6:00 PM', '07-02-2026 6:00 PM', '07-02-2026 6:00 PM']
[2026-02-23 13:51:32] 🔄 Applying deduplication logic...
[2026-02-23 13:51:33] ✓ Rows after deduplication: 2388
[2026-02-23 13:51:33] 🗑️  Removed 204797 duplicate rows
[2026-02-23 13:51:33] ✅ Final End Date check: 2388/2388 non-null values
[2026-02-23 13:51:33] ✅ Sample final End Dates: ['18-02-2026 6:00 PM', '14-02-2026 7:00 PM', '16-02-2026 11:00 AM']
[2026-02-23 13:51:33] ✓ Saved master CSV: E:\GeM Portal Scraper\data\gem_all_bids.csv
[2026-02-23 13:51:33] ✓ Total unique bids saved: 2388
[2026-02-23 13:51:33] MERGE & DEDUPLICATION COMPLETED
[2026-02-23 13:51:33] ============================================================
[2026-02-23 13:51:33] 🎉 EXTRACTION COMPLETE - All sessions merged and deduplicated
[2026-02-23 13:58:12] 📋 Session CSVs detected - running merge before analysis
[2026-02-23 13:58:12] ============================================================
[2026-02-23 13:58:12] STARTING MERGE & DEDUPLICATION
[2026-02-23 13:58:12] ✓ Loaded Session 1: 51902 rows from gem_all_bids_session1.csv
[2026-02-23 13:58:12]   → End Date: 51902/51902 non-null values
[2026-02-23 13:58:12]   → Sample: 07-02-2026 6:00 PM
[2026-02-23 13:58:12] ✓ Loaded Session 2: 51628 rows from gem_all_bids_session2.csv
[2026-02-23 13:58:12]   → End Date: 51628/51628 non-null values
[2026-02-23 13:58:12]   → Sample: 07-02-2026 6:00 PM
[2026-02-23 13:58:12] ✓ Loaded Session 3: 51438 rows from gem_all_bids_session3.csv
[2026-02-23 13:58:12]   → End Date: 51438/51438 non-null values
[2026-02-23 13:58:12]   → Sample: 07-02-2026 6:00 PM
[2026-02-23 13:58:12] ✓ Loaded Session 4: 52217 rows from gem_all_bids_session4.csv
[2026-02-23 13:58:12]   → End Date: 52217/52217 non-null values
[2026-02-23 13:58:12]   → Sample: 07-02-2026 6:00 PM
[2026-02-23 13:58:12] 📊 Total rows before deduplication: 207185
[2026-02-23 13:58:13] 📊 End Date after concat: 207185/207185 non-null values
[2026-02-23 13:58:13] 📊 Sample End Dates: ['07-02-2026 6:00 PM', '07-02-2026 6:00 PM', '07-02-2026 6:00 PM']
[2026-02-23 13:58:13] ⚠️  Warning: 207185 End Dates failed to parse
[2026-02-23 13:58:13]    Failed samples: ['07-02-2026 6:00 PM', '07-02-2026 6:00 PM', '07-02-2026 6:00 PM', '07-02-2026 6:00 PM', '07-02-2026 6:00 PM']
[2026-02-23 13:58:13] 🔄 Applying deduplication logic...
[2026-02-23 13:58:14] ✓ Rows after deduplication: 2388
[2026-02-23 13:58:14] 🗑️  Removed 204797 duplicate rows
[2026-02-23 13:58:14] ✅ Final End Date check: 2388/2388 non-null values
[2026-02-23 13:58:14] ✅ Sample final End Dates: ['18-02-2026 6:00 PM', '14-02-2026 7:00 PM', '16-02-2026 11:00 AM']
[2026-02-23 13:58:14] ✓ Saved master CSV: E:\GeM Portal Scraper\data\gem_all_bids.csv
[2026-02-23 13:58:14] ✓ Total unique bids saved: 2388
[2026-02-23 13:58:14] MERGE & DEDUPLICATION COMPLETED
[2026-02-23 13:58:14] ============================================================
[2026-02-23 13:58:14] ✅ Merge completed successfully
[2026-02-23 13:58:15] 📊 Analysis complete: 2388 total, 340 filtered
[2026-02-23 14:00:59] 📋 Session CSVs detected - running merge before analysis
[2026-02-23 14:00:59] ============================================================
[2026-02-23 14:00:59] STARTING MERGE & DEDUPLICATION
[2026-02-23 14:00:59] ✓ Loaded Session 1: 51902 rows from gem_all_bids_session1.csv
[2026-02-23 14:00:59]   → End Date: 51902/51902 non-null values
[2026-02-23 14:00:59]   → Sample: 07-02-2026 6:00 PM
[2026-02-23 14:00:59] ✓ Loaded Session 2: 51628 rows from gem_all_bids_session2.csv
[2026-02-23 14:00:59]   → End Date: 51628/51628 non-null values
[2026-02-23 14:00:59]   → Sample: 07-02-2026 6:00 PM
[2026-02-23 14:01:00] ✓ Loaded Session 3: 51438 rows from gem_all_bids_session3.csv
[2026-02-23 14:01:00]   → End Date: 51438/51438 non-null values
[2026-02-23 14:01:00]   → Sample: 07-02-2026 6:00 PM
[2026-02-23 14:01:00] ✓ Loaded Session 4: 52217 rows from gem_all_bids_session4.csv
[2026-02-23 14:01:00]   → End Date: 52217/52217 non-null values
[2026-02-23 14:01:00]   → Sample: 07-02-2026 6:00 PM
[2026-02-23 14:01:00] 📊 Total rows before deduplication: 207185
[2026-02-23 14:01:00] 📊 End Date after concat: 207185/207185 non-null values
[2026-02-23 14:01:00] 📊 Sample End Dates: ['07-02-2026 6:00 PM', '07-02-2026 6:00 PM', '07-02-2026 6:00 PM']
[2026-02-23 14:01:00] ⚠️  Warning: 207185 End Dates failed to parse
[2026-02-23 14:01:00]    Failed samples: ['07-02-2026 6:00 PM', '07-02-2026 6:00 PM', '07-02-2026 6:00 PM', '07-02-2026 6:00 PM', '07-02-2026 6:00 PM']
[2026-02-23 14:01:00] 🔄 Applying deduplication logic...
[2026-02-23 14:01:01] ✓ Rows after deduplication: 2388
[2026-02-23 14:01:01] 🗑️  Removed 204797 duplicate rows
[2026-02-23 14:01:01] ✅ Final End Date check: 2388/2388 non-null values
[2026-02-23 14:01:01] ✅ Sample final End Dates: ['18-02-2026 6:00 PM', '14-02-2026 7:00 PM', '16-02-2026 11:00 AM']
[2026-02-23 14:01:01] ✓ Saved master CSV: E:\GeM Portal Scraper\data\gem_all_bids.csv
[2026-02-23 14:01:01] ✓ Total unique bids saved: 2388
[2026-02-23 14:01:01] MERGE & DEDUPLICATION COMPLETED
[2026-02-23 14:01:01] ============================================================
[2026-02-23 14:01:01] ✅ Merge completed successfully
[2026-02-23 14:01:02] 📊 Analysis complete: 2388 total, 340 filtered
[2026-02-23 14:02:16] 🚀 Launching Session 1 - Keyword: 'batter'
[2026-02-23 14:02:26] 🚀 Launching Session 2 - Keyword: 'batter'
[2026-02-23 14:02:36] 🚀 Launching Session 3 - Keyword: 'batter'
[2026-02-23 14:02:46] 🚀 Launching Session 4 - Keyword: 'batter'
[2026-02-23 14:06:34] ✓ Session 1 completed (1/4)
[2026-02-23 14:06:42] ✓ Session 2 completed (2/4)
[2026-02-23 14:06:52] ✓ Session 3 completed (3/4)
[2026-02-23 14:07:05] ✓ Session 4 completed (4/4)
[2026-02-23 14:07:05] ✅ All 4 sessions completed! Starting merge...
[2026-02-23 14:07:05] ============================================================
[2026-02-23 14:07:05] STARTING MERGE & DEDUPLICATION
[2026-02-23 14:07:05] ✓ Loaded Session 1: 52992 rows from gem_all_bids_session1.csv
[2026-02-23 14:07:05]   → End Date: 52992/52992 non-null values
[2026-02-23 14:07:05]   → Sample: 07-02-2026 6:00 PM
[2026-02-23 14:07:05] ✓ Loaded Session 2: 52710 rows from gem_all_bids_session2.csv
[2026-02-23 14:07:05]   → End Date: 52710/52710 non-null values
[2026-02-23 14:07:05]   → Sample: 07-02-2026 6:00 PM
[2026-02-23 14:07:06] ✓ Loaded Session 3: 52529 rows from gem_all_bids_session3.csv
[2026-02-23 14:07:06]   → End Date: 52529/52529 non-null values
[2026-02-23 14:07:06]   → Sample: 07-02-2026 6:00 PM
[2026-02-23 14:07:06] ✓ Loaded Session 4: 53305 rows from gem_all_bids_session4.csv
[2026-02-23 14:07:06]   → End Date: 53305/53305 non-null values
[2026-02-23 14:07:06]   → Sample: 07-02-2026 6:00 PM
[2026-02-23 14:07:06] 📊 Total rows before deduplication: 211536
[2026-02-23 14:07:06] 📊 End Date after concat: 211536/211536 non-null values
[2026-02-23 14:07:06] 📊 Sample End Dates: ['07-02-2026 6:00 PM', '07-02-2026 6:00 PM', '07-02-2026 6:00 PM']
[2026-02-23 14:07:06] ⚠️  Warning: 211536 End Dates failed to parse
[2026-02-23 14:07:06]    Failed samples: ['07-02-2026 6:00 PM', '07-02-2026 6:00 PM', '07-02-2026 6:00 PM', '07-02-2026 6:00 PM', '07-02-2026 6:00 PM']
[2026-02-23 14:07:06] 🔄 Applying deduplication logic...
[2026-02-23 14:07:08] ✓ Rows after deduplication: 2413
[2026-02-23 14:07:08] 🗑️  Removed 209123 duplicate rows
[2026-02-23 14:07:08] ✅ Final End Date check: 2413/2413 non-null values
[2026-02-23 14:07:08] ✅ Sample final End Dates: ['18-02-2026 6:00 PM', '14-02-2026 7:00 PM', '16-02-2026 11:00 AM']
[2026-02-23 14:07:08] ✓ Saved master CSV: E:\GeM Portal Scraper\data\gem_all_bids.csv
[2026-02-23 14:07:08] ✓ Total unique bids saved: 2413
[2026-02-23 14:07:08] MERGE & DEDUPLICATION COMPLETED
[2026-02-23 14:07:08] ============================================================
[2026-02-23 14:07:08] 🎉 EXTRACTION COMPLETE - All sessions merged and deduplicated
[2026-02-23 14:07:25] 📋 Session CSVs detected - running merge before analysis
[2026-02-23 14:07:25] ============================================================
[2026-02-23 14:07:25] STARTING MERGE & DEDUPLICATION
[2026-02-23 14:07:25] ✓ Loaded Session 1: 52992 rows from gem_all_bids_session1.csv
[2026-02-23 14:07:25]   → End Date: 52992/52992 non-null values
[2026-02-23 14:07:25]   → Sample: 07-02-2026 6:00 PM
[2026-02-23 14:07:25] ✓ Loaded Session 2: 52710 rows from gem_all_bids_session2.csv
[2026-02-23 14:07:25]   → End Date: 52710/52710 non-null values
[2026-02-23 14:07:25]   → Sample: 07-02-2026 6:00 PM
[2026-02-23 14:07:26] ✓ Loaded Session 3: 52529 rows from gem_all_bids_session3.csv
[2026-02-23 14:07:26]   → End Date: 52529/52529 non-null values
[2026-02-23 14:07:26]   → Sample: 07-02-2026 6:00 PM
[2026-02-23 14:07:26] ✓ Loaded Session 4: 53305 rows from gem_all_bids_session4.csv
[2026-02-23 14:07:26]   → End Date: 53305/53305 non-null values
[2026-02-23 14:07:26]   → Sample: 07-02-2026 6:00 PM
[2026-02-23 14:07:26] 📊 Total rows before deduplication: 211536
[2026-02-23 14:07:26] 📊 End Date after concat: 211536/211536 non-null values
[2026-02-23 14:07:26] 📊 Sample End Dates: ['07-02-2026 6:00 PM', '07-02-2026 6:00 PM', '07-02-2026 6:00 PM']
[2026-02-23 14:07:26] ⚠️  Warning: 211536 End Dates failed to parse
[2026-02-23 14:07:26]    Failed samples: ['07-02-2026 6:00 PM', '07-02-2026 6:00 PM', '07-02-2026 6:00 PM', '07-02-2026 6:00 PM', '07-02-2026 6:00 PM']
[2026-02-23 14:07:26] 🔄 Applying deduplication logic...
[2026-02-23 14:07:28] ✓ Rows after deduplication: 2413
[2026-02-23 14:07:28] 🗑️  Removed 209123 duplicate rows
[2026-02-23 14:07:28] ✅ Final End Date check: 2413/2413 non-null values
[2026-02-23 14:07:28] ✅ Sample final End Dates: ['18-02-2026 6:00 PM', '14-02-2026 7:00 PM', '16-02-2026 11:00 AM']
[2026-02-23 14:07:28] ✓ Saved master CSV: E:\GeM Portal Scraper\data\gem_all_bids.csv
[2026-02-23 14:07:28] ✓ Total unique bids saved: 2413
[2026-02-23 14:07:28] MERGE & DEDUPLICATION COMPLETED
[2026-02-23 14:07:28] ============================================================
[2026-02-23 14:07:28] ✅ Merge completed successfully
[2026-02-23 14:07:29] 📊 Analysis complete: 2413 total, 342 filtered
[2026-02-23 14:10:33] ✓ Saved 337 checked bids
[2026-02-23 14:10:33] ✓ Saved 338 checked bids
[2026-02-23 14:10:33] ✓ Saved 339 checked bids
[2026-02-23 14:10:33] ✓ Saved 340 checked bids
[2026-02-23 14:10:33] ✓ Saved 341 checked bids
[2026-02-23 14:10:33] ✓ Saved 342 checked bids
[2026-02-23 18:32:43] 🚀 Launching Session 1 - Keyword: 'batter'
[2026-02-23 18:32:53] 🚀 Launching Session 2 - Keyword: 'batter'
[2026-02-23 18:33:03] 🚀 Launching Session 3 - Keyword: 'batter'
[2026-02-23 18:33:13] 🚀 Launching Session 4 - Keyword: 'batter'
[2026-02-23 18:36:57] ✓ Session 1 completed (1/4)
[2026-02-23 18:37:04] ✓ Session 2 completed (2/4)
[2026-02-23 18:37:15] ✓ Session 3 completed (3/4)
[2026-02-23 18:37:24] ✓ Session 4 completed (4/4)
[2026-02-23 18:37:24] ✅ All 4 sessions completed! Starting merge...
[2026-02-23 18:37:24] ============================================================
[2026-02-23 18:37:24] STARTING MERGE & DEDUPLICATION
[2026-02-23 18:37:24] ✓ Loaded Session 1: 54053 rows from gem_all_bids_session1.csv
[2026-02-23 18:37:24]   → End Date: 54053/54053 non-null values
[2026-02-23 18:37:24]   → Sample: 07-02-2026 6:00 PM
[2026-02-23 18:37:25] ✓ Loaded Session 2: 53778 rows from gem_all_bids_session2.csv
[2026-02-23 18:37:25]   → End Date: 53778/53778 non-null values
[2026-02-23 18:37:25]   → Sample: 07-02-2026 6:00 PM
[2026-02-23 18:37:25] ✓ Loaded Session 3: 53564 rows from gem_all_bids_session3.csv
[2026-02-23 18:37:25]   → End Date: 53564/53564 non-null values
[2026-02-23 18:37:25]   → Sample: 07-02-2026 6:00 PM
[2026-02-23 18:37:25] ✓ Loaded Session 4: 54361 rows from gem_all_bids_session4.csv
[2026-02-23 18:37:25]   → End Date: 54361/54361 non-null values
[2026-02-23 18:37:25]   → Sample: 07-02-2026 6:00 PM
[2026-02-23 18:37:25] 📊 Total rows before deduplication: 215756
[2026-02-23 18:37:25] 📊 End Date after concat: 215756/215756 non-null values
[2026-02-23 18:37:25] 📊 Sample End Dates: ['07-02-2026 6:00 PM', '07-02-2026 6:00 PM', '07-02-2026 6:00 PM']
[2026-02-23 18:37:25] ⚠️  Warning: 215756 End Dates failed to parse
[2026-02-23 18:37:25]    Failed samples: ['07-02-2026 6:00 PM', '07-02-2026 6:00 PM', '07-02-2026 6:00 PM', '07-02-2026 6:00 PM', '07-02-2026 6:00 PM']
[2026-02-23 18:37:26] 🔄 Applying deduplication logic...
[2026-02-23 18:37:27] ✓ Rows after deduplication: 2451
[2026-02-23 18:37:27] 🗑️  Removed 213305 duplicate rows
[2026-02-23 18:37:27] ✅ Final End Date check: 2451/2451 non-null values
[2026-02-23 18:37:27] ✅ Sample final End Dates: ['18-02-2026 6:00 PM', '14-02-2026 7:00 PM', '16-02-2026 11:00 AM']
[2026-02-23 18:37:28] ✓ Saved master CSV: E:\GeM Portal Scraper\data\gem_all_bids.csv
[2026-02-23 18:37:28] ✓ Total unique bids saved: 2451
[2026-02-23 18:37:28] MERGE & DEDUPLICATION COMPLETED
[2026-02-23 18:37:28] ============================================================
[2026-02-23 18:37:28] 🎉 EXTRACTION COMPLETE - All sessions merged and deduplicated
[2026-02-23 18:38:44] 📋 Session CSVs detected - running merge before analysis
[2026-02-23 18:38:44] ============================================================
[2026-02-23 18:38:44] STARTING MERGE & DEDUPLICATION
[2026-02-23 18:38:45] ✓ Loaded Session 1: 54053 rows from gem_all_bids_session1.csv
[2026-02-23 18:38:45]   → End Date: 54053/54053 non-null values
[2026-02-23 18:38:45]   → Sample: 07-02-2026 6:00 PM
[2026-02-23 18:38:45] ✓ Loaded Session 2: 53778 rows from gem_all_bids_session2.csv
[2026-02-23 18:38:45]   → End Date: 53778/53778 non-null values
[2026-02-23 18:38:45]   → Sample: 07-02-2026 6:00 PM
[2026-02-23 18:38:45] ✓ Loaded Session 3: 53564 rows from gem_all_bids_session3.csv
[2026-02-23 18:38:45]   → End Date: 53564/53564 non-null values
[2026-02-23 18:38:45]   → Sample: 07-02-2026 6:00 PM
[2026-02-23 18:38:45] ✓ Loaded Session 4: 54361 rows from gem_all_bids_session4.csv
[2026-02-23 18:38:45]   → End Date: 54361/54361 non-null values
[2026-02-23 18:38:45]   → Sample: 07-02-2026 6:00 PM
[2026-02-23 18:38:45] 📊 Total rows before deduplication: 215756
[2026-02-23 18:38:45] 📊 End Date after concat: 215756/215756 non-null values
[2026-02-23 18:38:45] 📊 Sample End Dates: ['07-02-2026 6:00 PM', '07-02-2026 6:00 PM', '07-02-2026 6:00 PM']
[2026-02-23 18:38:45] ⚠️  Warning: 215756 End Dates failed to parse
[2026-02-23 18:38:45]    Failed samples: ['07-02-2026 6:00 PM', '07-02-2026 6:00 PM', '07-02-2026 6:00 PM', '07-02-2026 6:00 PM', '07-02-2026 6:00 PM']
[2026-02-23 18:38:45] 🔄 Applying deduplication logic...
[2026-02-23 18:38:47] ✓ Rows after deduplication: 2451
[2026-02-23 18:38:47] 🗑️  Removed 213305 duplicate rows
[2026-02-23 18:38:47] ✅ Final End Date check: 2451/2451 non-null values
[2026-02-23 18:38:47] ✅ Sample final End Dates: ['18-02-2026 6:00 PM', '14-02-2026 7:00 PM', '16-02-2026 11:00 AM']
[2026-02-23 18:38:47] ✓ Saved master CSV: E:\GeM Portal Scraper\data\gem_all_bids.csv
[2026-02-23 18:38:47] ✓ Total unique bids saved: 2451
[2026-02-23 18:38:47] MERGE & DEDUPLICATION COMPLETED
[2026-02-23 18:38:47] ============================================================
[2026-02-23 18:38:47] ✅ Merge completed successfully
[2026-02-23 18:38:48] 📊 Analysis complete: 2451 total, 349 filtered
[2026-02-24 13:53:31] 🚀 Launching Session 1 - Keyword: 'batter'
[2026-02-24 13:53:41] 🚀 Launching Session 2 - Keyword: 'batter'
[2026-02-24 13:53:51] 🚀 Launching Session 3 - Keyword: 'batter'
[2026-02-24 13:54:01] 🚀 Launching Session 4 - Keyword: 'batter'
[2026-02-24 13:58:21] ✓ Session 1 completed (1/4)
[2026-02-24 13:58:40] ✓ Session 4 completed (2/4)
[2026-02-24 13:59:17] ✓ Session 2 completed (3/4)
[2026-02-24 14:00:08] ✓ Session 3 completed (4/4)
[2026-02-24 14:00:08] ✅ All 4 sessions completed! Starting merge...
[2026-02-24 14:00:08] ============================================================
[2026-02-24 14:00:08] STARTING MERGE & DEDUPLICATION
[2026-02-24 14:00:09] ✓ Loaded Session 1: 55122 rows from gem_all_bids_session1.csv
[2026-02-24 14:00:09]   → End Date: 55122/55122 non-null values
[2026-02-24 14:00:09]   → Sample: 07-02-2026 6:00 PM
[2026-02-24 14:00:09] ✓ Loaded Session 2: 54840 rows from gem_all_bids_session2.csv
[2026-02-24 14:00:09]   → End Date: 54840/54840 non-null values
[2026-02-24 14:00:09]   → Sample: 07-02-2026 6:00 PM
[2026-02-24 14:00:09] ✓ Loaded Session 3: 54628 rows from gem_all_bids_session3.csv
[2026-02-24 14:00:09]   → End Date: 54628/54628 non-null values
[2026-02-24 14:00:09]   → Sample: 07-02-2026 6:00 PM
[2026-02-24 14:00:09] ✓ Loaded Session 4: 55424 rows from gem_all_bids_session4.csv
[2026-02-24 14:00:09]   → End Date: 55424/55424 non-null values
[2026-02-24 14:00:09]   → Sample: 07-02-2026 6:00 PM
[2026-02-24 14:00:09] 📊 Total rows before deduplication: 220014
[2026-02-24 14:00:09] 📊 End Date after concat: 220014/220014 non-null values
[2026-02-24 14:00:09] 📊 Sample End Dates: ['07-02-2026 6:00 PM', '07-02-2026 6:00 PM', '07-02-2026 6:00 PM']
[2026-02-24 14:00:10] ⚠️  Warning: 220014 End Dates failed to parse
[2026-02-24 14:00:10]    Failed samples: ['07-02-2026 6:00 PM', '07-02-2026 6:00 PM', '07-02-2026 6:00 PM', '07-02-2026 6:00 PM', '07-02-2026 6:00 PM']
[2026-02-24 14:00:10] 🔄 Applying deduplication logic...
[2026-02-24 14:00:11] ✓ Rows after deduplication: 2513
[2026-02-24 14:00:11] 🗑️  Removed 217501 duplicate rows
[2026-02-24 14:00:11] ✅ Final End Date check: 2513/2513 non-null values
[2026-02-24 14:00:11] ✅ Sample final End Dates: ['18-02-2026 6:00 PM', '14-02-2026 7:00 PM', '16-02-2026 11:00 AM']
[2026-02-24 14:00:11] ✓ Saved master CSV: E:\GeM Portal Scraper\data\gem_all_bids.csv
[2026-02-24 14:00:11] ✓ Total unique bids saved: 2513
[2026-02-24 14:00:11] MERGE & DEDUPLICATION COMPLETED
[2026-02-24 14:00:11] ============================================================
[2026-02-24 14:00:11] 🎉 EXTRACTION COMPLETE - All sessions merged and deduplicated
[2026-02-24 14:02:39] 🚀 Launching Session 1 - Keyword: 'batter'
[2026-02-24 14:02:49] 🚀 Launching Session 2 - Keyword: 'batter'
[2026-02-24 14:02:59] 🚀 Launching Session 3 - Keyword: 'batter'
[2026-02-24 14:03:09] 🚀 Launching Session 4 - Keyword: 'batter'
[2026-02-24 14:07:29] ✓ Session 1 completed (1/4)
[2026-02-24 14:07:33] ✓ Session 2 completed (2/4)
[2026-02-24 14:07:44] ✓ Session 3 completed (3/4)
[2026-02-24 14:08:43] ✓ Session 4 completed (4/4)
[2026-02-24 14:08:43] ✅ All 4 sessions completed! Starting merge...
[2026-02-24 14:08:43] ============================================================
[2026-02-24 14:08:43] STARTING MERGE & DEDUPLICATION
[2026-02-24 14:08:44] ✓ Loaded Session 1: 56164 rows from gem_all_bids_session1.csv
[2026-02-24 14:08:44]   → End Date: 56164/56164 non-null values
[2026-02-24 14:08:44]   → Sample: 07-02-2026 6:00 PM
[2026-02-24 14:08:44] ✓ Loaded Session 2: 55886 rows from gem_all_bids_session2.csv
[2026-02-24 14:08:44]   → End Date: 55886/55886 non-null values
[2026-02-24 14:08:44]   → Sample: 07-02-2026 6:00 PM
[2026-02-24 14:08:45] ✓ Loaded Session 3: 55680 rows from gem_all_bids_session3.csv
[2026-02-24 14:08:45]   → End Date: 55680/55680 non-null values
[2026-02-24 14:08:45]   → Sample: 07-02-2026 6:00 PM
[2026-02-24 14:08:45] ✓ Loaded Session 4: 56479 rows from gem_all_bids_session4.csv
[2026-02-24 14:08:45]   → End Date: 56479/56479 non-null values
[2026-02-24 14:08:45]   → Sample: 07-02-2026 6:00 PM
[2026-02-24 14:08:45] 📊 Total rows before deduplication: 224209
[2026-02-24 14:08:45] 📊 End Date after concat: 224209/224209 non-null values
[2026-02-24 14:08:45] 📊 Sample End Dates: ['07-02-2026 6:00 PM', '07-02-2026 6:00 PM', '07-02-2026 6:00 PM']
[2026-02-24 14:08:45] ⚠️  Warning: 224209 End Dates failed to parse
[2026-02-24 14:08:45]    Failed samples: ['07-02-2026 6:00 PM', '07-02-2026 6:00 PM', '07-02-2026 6:00 PM', '07-02-2026 6:00 PM', '07-02-2026 6:00 PM']
[2026-02-24 14:08:45] 🔄 Applying deduplication logic...
[2026-02-24 14:08:47] ✓ Rows after deduplication: 2515
[2026-02-24 14:08:47] 🗑️  Removed 221694 duplicate rows
[2026-02-24 14:08:47] ✅ Final End Date check: 2515/2515 non-null values
[2026-02-24 14:08:47] ✅ Sample final End Dates: ['18-02-2026 6:00 PM', '14-02-2026 7:00 PM', '16-02-2026 11:00 AM']
[2026-02-24 14:08:47] ✓ Saved master CSV: E:\GeM Portal Scraper\data\gem_all_bids.csv
[2026-02-24 14:08:47] ✓ Total unique bids saved: 2515
[2026-02-24 14:08:47] MERGE & DEDUPLICATION COMPLETED
[2026-02-24 14:08:47] ============================================================
[2026-02-24 14:08:47] 🎉 EXTRACTION COMPLETE - All sessions merged and deduplicated
[2026-02-24 14:10:37] 📋 Session CSVs detected - running merge before analysis
[2026-02-24 14:10:37] ============================================================
[2026-02-24 14:10:37] STARTING MERGE & DEDUPLICATION
[2026-02-24 14:10:37] ✓ Loaded Session 1: 56164 rows from gem_all_bids_session1.csv
[2026-02-24 14:10:37]   → End Date: 56164/56164 non-null values
[2026-02-24 14:10:37]   → Sample: 07-02-2026 6:00 PM
[2026-02-24 14:10:37] ✓ Loaded Session 2: 55886 rows from gem_all_bids_session2.csv
[2026-02-24 14:10:37]   → End Date: 55886/55886 non-null values
[2026-02-24 14:10:37]   → Sample: 07-02-2026 6:00 PM
[2026-02-24 14:10:38] ✓ Loaded Session 3: 55680 rows from gem_all_bids_session3.csv
[2026-02-24 14:10:38]   → End Date: 55680/55680 non-null values
[2026-02-24 14:10:38]   → Sample: 07-02-2026 6:00 PM
[2026-02-24 14:10:38] ✓ Loaded Session 4: 56479 rows from gem_all_bids_session4.csv
[2026-02-24 14:10:38]   → End Date: 56479/56479 non-null values
[2026-02-24 14:10:38]   → Sample: 07-02-2026 6:00 PM
[2026-02-24 14:10:38] 📊 Total rows before deduplication: 224209
[2026-02-24 14:10:38] 📊 End Date after concat: 224209/224209 non-null values
[2026-02-24 14:10:38] 📊 Sample End Dates: ['07-02-2026 6:00 PM', '07-02-2026 6:00 PM', '07-02-2026 6:00 PM']
[2026-02-24 14:10:38] ⚠️  Warning: 224209 End Dates failed to parse
[2026-02-24 14:10:38]    Failed samples: ['07-02-2026 6:00 PM', '07-02-2026 6:00 PM', '07-02-2026 6:00 PM', '07-02-2026 6:00 PM', '07-02-2026 6:00 PM']
[2026-02-24 14:10:38] 🔄 Applying deduplication logic...
[2026-02-24 14:10:39] ✓ Rows after deduplication: 2515
[2026-02-24 14:10:39] 🗑️  Removed 221694 duplicate rows
[2026-02-24 14:10:39] ✅ Final End Date check: 2515/2515 non-null values
[2026-02-24 14:10:39] ✅ Sample final End Dates: ['18-02-2026 6:00 PM', '14-02-2026 7:00 PM', '16-02-2026 11:00 AM']
[2026-02-24 14:10:39] ✓ Saved master CSV: E:\GeM Portal Scraper\data\gem_all_bids.csv
[2026-02-24 14:10:39] ✓ Total unique bids saved: 2515
[2026-02-24 14:10:39] MERGE & DEDUPLICATION COMPLETED
[2026-02-24 14:10:39] ============================================================
[2026-02-24 14:10:39] ✅ Merge completed successfully
[2026-02-24 14:10:40] 📊 Analysis complete: 2515 total, 352 filtered
[2026-02-24 14:13:16] ✓ Saved 343 checked bids
[2026-02-24 14:13:16] ✓ Saved 344 checked bids
[2026-02-24 14:13:16] ✓ Saved 345 checked bids
[2026-02-24 14:13:16] ✓ Saved 346 checked bids
[2026-02-24 14:13:16] ✓ Saved 347 checked bids
[2026-02-24 14:13:16] ✓ Saved 348 checked bids
[2026-02-24 14:13:16] ✓ Saved 349 checked bids
[2026-02-24 14:13:16] ✓ Saved 350 checked bids
[2026-02-24 14:13:16] ✓ Saved 351 checked bids
[2026-02-24 14:13:16] ✓ Saved 352 checked bids
[2026-02-25 18:24:47] 🚀 Launching Session 1 - Keyword: 'batter'
[2026-02-25 18:24:57] 🚀 Launching Session 2 - Keyword: 'batter'
[2026-02-25 18:25:07] 🚀 Launching Session 3 - Keyword: 'batter'
[2026-02-25 18:25:17] 🚀 Launching Session 4 - Keyword: 'batter'
[2026-02-25 18:30:08] ✓ Session 1 completed (1/4)
[2026-02-25 18:30:16] ✓ Session 2 completed (2/4)
[2026-02-25 18:30:27] ✓ Session 3 completed (3/4)
[2026-02-25 18:30:34] ✓ Session 4 completed (4/4)
[2026-02-25 18:30:34] ✅ All 4 sessions completed! Starting merge...
[2026-02-25 18:30:34] ============================================================
[2026-02-25 18:30:34] STARTING MERGE & DEDUPLICATION
[2026-02-25 18:30:34] ✓ Loaded Session 1: 57252 rows from gem_all_bids_session1.csv
[2026-02-25 18:30:34]   → End Date: 57252/57252 non-null values
[2026-02-25 18:30:34]   → Sample: 07-02-2026 6:00 PM
[2026-02-25 18:30:34] ✓ Loaded Session 2: 56974 rows from gem_all_bids_session2.csv
[2026-02-25 18:30:34]   → End Date: 56974/56974 non-null values
[2026-02-25 18:30:34]   → Sample: 07-02-2026 6:00 PM
[2026-02-25 18:30:34] ✓ Loaded Session 3: 56772 rows from gem_all_bids_session3.csv
[2026-02-25 18:30:34]   → End Date: 56772/56772 non-null values
[2026-02-25 18:30:34]   → Sample: 07-02-2026 6:00 PM
[2026-02-25 18:30:34] ✓ Loaded Session 4: 57595 rows from gem_all_bids_session4.csv
[2026-02-25 18:30:34]   → End Date: 57595/57595 non-null values
[2026-02-25 18:30:34]   → Sample: 07-02-2026 6:00 PM
[2026-02-25 18:30:35] 📊 Total rows before deduplication: 228593
[2026-02-25 18:30:35] 📊 End Date after concat: 228593/228593 non-null values
[2026-02-25 18:30:35] 📊 Sample End Dates: ['07-02-2026 6:00 PM', '07-02-2026 6:00 PM', '07-02-2026 6:00 PM']
[2026-02-25 18:30:35] ⚠️  Warning: 228593 End Dates failed to parse
[2026-02-25 18:30:35]    Failed samples: ['07-02-2026 6:00 PM', '07-02-2026 6:00 PM', '07-02-2026 6:00 PM', '07-02-2026 6:00 PM', '07-02-2026 6:00 PM']
[2026-02-25 18:30:35] 🔄 Applying deduplication logic...
[2026-02-25 18:30:36] ✓ Rows after deduplication: 2659
[2026-02-25 18:30:36] 🗑️  Removed 225934 duplicate rows
[2026-02-25 18:30:36] ✅ Final End Date check: 2659/2659 non-null values
[2026-02-25 18:30:36] ✅ Sample final End Dates: ['18-02-2026 6:00 PM', '14-02-2026 7:00 PM', '16-02-2026 11:00 AM']
[2026-02-25 18:30:36] ✓ Saved master CSV: E:\GeM Portal Scraper\data\gem_all_bids.csv
[2026-02-25 18:30:36] ✓ Total unique bids saved: 2659
[2026-02-25 18:30:36] MERGE & DEDUPLICATION COMPLETED
[2026-02-25 18:30:36] ============================================================
[2026-02-25 18:30:36] 🎉 EXTRACTION COMPLETE - All sessions merged and deduplicated
[2026-02-25 18:31:35] 📋 Session CSVs detected - running merge before analysis
[2026-02-25 18:31:35] ============================================================
[2026-02-25 18:31:35] STARTING MERGE & DEDUPLICATION
[2026-02-25 18:31:35] ✓ Loaded Session 1: 57252 rows from gem_all_bids_session1.csv
[2026-02-25 18:31:35]   → End Date: 57252/57252 non-null values
[2026-02-25 18:31:35]   → Sample: 07-02-2026 6:00 PM
[2026-02-25 18:31:36] ✓ Loaded Session 2: 56974 rows from gem_all_bids_session2.csv
[2026-02-25 18:31:36]   → End Date: 56974/56974 non-null values
[2026-02-25 18:31:36]   → Sample: 07-02-2026 6:00 PM
[2026-02-25 18:31:36] ✓ Loaded Session 3: 56772 rows from gem_all_bids_session3.csv
[2026-02-25 18:31:36]   → End Date: 56772/56772 non-null values
[2026-02-25 18:31:36]   → Sample: 07-02-2026 6:00 PM
[2026-02-25 18:31:36] ✓ Loaded Session 4: 57595 rows from gem_all_bids_session4.csv
[2026-02-25 18:31:36]   → End Date: 57595/57595 non-null values
[2026-02-25 18:31:36]   → Sample: 07-02-2026 6:00 PM
[2026-02-25 18:31:36] 📊 Total rows before deduplication: 228593
[2026-02-25 18:31:36] 📊 End Date after concat: 228593/228593 non-null values
[2026-02-25 18:31:36] 📊 Sample End Dates: ['07-02-2026 6:00 PM', '07-02-2026 6:00 PM', '07-02-2026 6:00 PM']
[2026-02-25 18:31:36] ⚠️  Warning: 228593 End Dates failed to parse
[2026-02-25 18:31:36]    Failed samples: ['07-02-2026 6:00 PM', '07-02-2026 6:00 PM', '07-02-2026 6:00 PM', '07-02-2026 6:00 PM', '07-02-2026 6:00 PM']
[2026-02-25 18:31:36] 🔄 Applying deduplication logic...
[2026-02-25 18:31:37] ✓ Rows after deduplication: 2659
[2026-02-25 18:31:37] 🗑️  Removed 225934 duplicate rows
[2026-02-25 18:31:37] ✅ Final End Date check: 2659/2659 non-null values
[2026-02-25 18:31:37] ✅ Sample final End Dates: ['18-02-2026 6:00 PM', '14-02-2026 7:00 PM', '16-02-2026 11:00 AM']
[2026-02-25 18:31:37] ✓ Saved master CSV: E:\GeM Portal Scraper\data\gem_all_bids.csv
[2026-02-25 18:31:37] ✓ Total unique bids saved: 2659
[2026-02-25 18:31:37] MERGE & DEDUPLICATION COMPLETED
[2026-02-25 18:31:37] ============================================================
[2026-02-25 18:31:37] ✅ Merge completed successfully
[2026-02-25 18:31:38] 📊 Analysis complete: 2659 total, 363 filtered
[2026-02-26 10:58:59] 🚀 Launching Session 1 - Keyword: 'batter'
[2026-02-26 10:59:09] 🚀 Launching Session 2 - Keyword: 'batter'
[2026-02-26 10:59:19] 🚀 Launching Session 3 - Keyword: 'batter'
[2026-02-26 10:59:29] 🚀 Launching Session 4 - Keyword: 'batter'
[2026-02-26 11:05:00] ✓ Session 4 completed (1/4)
[2026-02-26 11:05:37] ✓ Session 1 completed (2/4)
[2026-02-26 11:05:37] ✓ Session 2 completed (3/4)
[2026-02-26 11:06:38] ✓ Session 3 completed (4/4)
[2026-02-26 11:06:38] ✅ All 4 sessions completed! Starting merge...
[2026-02-26 11:06:38] ============================================================
[2026-02-26 11:06:38] STARTING MERGE & DEDUPLICATION
[2026-02-26 11:06:39] ✓ Loaded Session 1: 58376 rows from gem_all_bids_session1.csv
[2026-02-26 11:06:39]   → End Date: 58376/58376 non-null values
[2026-02-26 11:06:39]   → Sample: 07-02-2026 6:00 PM
[2026-02-26 11:06:39] ✓ Loaded Session 2: 58099 rows from gem_all_bids_session2.csv
[2026-02-26 11:06:39]   → End Date: 58099/58099 non-null values
[2026-02-26 11:06:39]   → Sample: 07-02-2026 6:00 PM
[2026-02-26 11:06:39] ✓ Loaded Session 3: 57908 rows from gem_all_bids_session3.csv
[2026-02-26 11:06:39]   → End Date: 57908/57908 non-null values
[2026-02-26 11:06:39]   → Sample: 07-02-2026 6:00 PM
[2026-02-26 11:06:40] ✓ Loaded Session 4: 58708 rows from gem_all_bids_session4.csv
[2026-02-26 11:06:40]   → End Date: 58708/58708 non-null values
[2026-02-26 11:06:40]   → Sample: 07-02-2026 6:00 PM
[2026-02-26 11:06:40] 📊 Total rows before deduplication: 233091
[2026-02-26 11:06:40] 📊 End Date after concat: 233091/233091 non-null values
[2026-02-26 11:06:40] 📊 Sample End Dates: ['07-02-2026 6:00 PM', '07-02-2026 6:00 PM', '07-02-2026 6:00 PM']
[2026-02-26 11:06:40] ⚠️  Warning: 233091 End Dates failed to parse
[2026-02-26 11:06:40]    Failed samples: ['07-02-2026 6:00 PM', '07-02-2026 6:00 PM', '07-02-2026 6:00 PM', '07-02-2026 6:00 PM', '07-02-2026 6:00 PM']
[2026-02-26 11:06:40] 🔄 Applying deduplication logic...
[2026-02-26 11:06:42] ✓ Rows after deduplication: 2700
[2026-02-26 11:06:42] 🗑️  Removed 230391 duplicate rows
[2026-02-26 11:06:42] ✅ Final End Date check: 2700/2700 non-null values
[2026-02-26 11:06:42] ✅ Sample final End Dates: ['18-02-2026 6:00 PM', '14-02-2026 7:00 PM', '16-02-2026 11:00 AM']
[2026-02-26 11:06:42] ✓ Saved master CSV: E:\GeM Portal Scraper\data\gem_all_bids.csv
[2026-02-26 11:06:42] ✓ Total unique bids saved: 2700
[2026-02-26 11:06:42] MERGE & DEDUPLICATION COMPLETED
[2026-02-26 11:06:42] ============================================================
[2026-02-26 11:06:42] 🎉 EXTRACTION COMPLETE - All sessions merged and deduplicated
[2026-02-26 11:07:24] 📋 Session CSVs detected - running merge before analysis
[2026-02-26 11:07:24] ============================================================
[2026-02-26 11:07:24] STARTING MERGE & DEDUPLICATION
[2026-02-26 11:07:24] ✓ Loaded Session 1: 58376 rows from gem_all_bids_session1.csv
[2026-02-26 11:07:24]   → End Date: 58376/58376 non-null values
[2026-02-26 11:07:24]   → Sample: 07-02-2026 6:00 PM
[2026-02-26 11:07:24] ✓ Loaded Session 2: 58099 rows from gem_all_bids_session2.csv
[2026-02-26 11:07:24]   → End Date: 58099/58099 non-null values
[2026-02-26 11:07:24]   → Sample: 07-02-2026 6:00 PM
[2026-02-26 11:07:24] ✓ Loaded Session 3: 57908 rows from gem_all_bids_session3.csv
[2026-02-26 11:07:24]   → End Date: 57908/57908 non-null values
[2026-02-26 11:07:24]   → Sample: 07-02-2026 6:00 PM
[2026-02-26 11:07:25] ✓ Loaded Session 4: 58708 rows from gem_all_bids_session4.csv
[2026-02-26 11:07:25]   → End Date: 58708/58708 non-null values
[2026-02-26 11:07:25]   → Sample: 07-02-2026 6:00 PM
[2026-02-26 11:07:25] 📊 Total rows before deduplication: 233091
[2026-02-26 11:07:25] 📊 End Date after concat: 233091/233091 non-null values
[2026-02-26 11:07:25] 📊 Sample End Dates: ['07-02-2026 6:00 PM', '07-02-2026 6:00 PM', '07-02-2026 6:00 PM']
[2026-02-26 11:07:25] ⚠️  Warning: 233091 End Dates failed to parse
[2026-02-26 11:07:25]    Failed samples: ['07-02-2026 6:00 PM', '07-02-2026 6:00 PM', '07-02-2026 6:00 PM', '07-02-2026 6:00 PM', '07-02-2026 6:00 PM']
[2026-02-26 11:07:25] 🔄 Applying deduplication logic...
[2026-02-26 11:07:26] ✓ Rows after deduplication: 2700
[2026-02-26 11:07:26] 🗑️  Removed 230391 duplicate rows
[2026-02-26 11:07:26] ✅ Final End Date check: 2700/2700 non-null values
[2026-02-26 11:07:26] ✅ Sample final End Dates: ['18-02-2026 6:00 PM', '14-02-2026 7:00 PM', '16-02-2026 11:00 AM']
[2026-02-26 11:07:26] ✓ Saved master CSV: E:\GeM Portal Scraper\data\gem_all_bids.csv
[2026-02-26 11:07:26] ✓ Total unique bids saved: 2700
[2026-02-26 11:07:26] MERGE & DEDUPLICATION COMPLETED
[2026-02-26 11:07:26] ============================================================
[2026-02-26 11:07:26] ✅ Merge completed successfully
[2026-02-26 11:07:27] 📊 Analysis complete: 2700 total, 365 filtered
[2026-02-27 11:56:19] 🚀 Launching Session 1 - Keyword: 'batter'
[2026-02-27 11:56:29] 🚀 Launching Session 2 - Keyword: 'batter'
[2026-02-27 11:56:39] 🚀 Launching Session 3 - Keyword: 'batter'
[2026-02-27 11:56:49] 🚀 Launching Session 4 - Keyword: 'batter'
[2026-02-27 11:57:04] ✓ Session 2 completed (1/4)
[2026-02-27 11:57:05] ✓ Session 3 completed (2/4)
[2026-02-27 11:57:05] ✓ Session 4 completed (3/4)
[2026-02-27 11:58:02] ✓ Session 1 completed (4/4)
[2026-02-27 11:58:02] ✅ All 4 sessions completed! Starting merge...
[2026-02-27 11:58:02] ============================================================
[2026-02-27 11:58:02] STARTING MERGE & DEDUPLICATION
[2026-02-27 11:58:03] ✓ Loaded Session 1: 58436 rows from gem_all_bids_session1.csv
[2026-02-27 11:58:03]   → End Date: 58436/58436 non-null values
[2026-02-27 11:58:03]   → Sample: 07-02-2026 6:00 PM
[2026-02-27 11:58:03] ✓ Loaded Session 2: 58099 rows from gem_all_bids_session2.csv
[2026-02-27 11:58:03]   → End Date: 58099/58099 non-null values
[2026-02-27 11:58:03]   → Sample: 07-02-2026 6:00 PM
[2026-02-27 11:58:04] ✓ Loaded Session 3: 57908 rows from gem_all_bids_session3.csv
[2026-02-27 11:58:04]   → End Date: 57908/57908 non-null values
[2026-02-27 11:58:04]   → Sample: 07-02-2026 6:00 PM
[2026-02-27 11:58:04] ✓ Loaded Session 4: 58708 rows from gem_all_bids_session4.csv
[2026-02-27 11:58:04]   → End Date: 58708/58708 non-null values
[2026-02-27 11:58:04]   → Sample: 07-02-2026 6:00 PM
[2026-02-27 11:58:04] 📊 Total rows before deduplication: 233151
[2026-02-27 11:58:04] 📊 End Date after concat: 233151/233151 non-null values
[2026-02-27 11:58:04] 📊 Sample End Dates: ['07-02-2026 6:00 PM', '07-02-2026 6:00 PM', '07-02-2026 6:00 PM']
[2026-02-27 11:58:04] ⚠️  Warning: 233151 End Dates failed to parse
[2026-02-27 11:58:05]    Failed samples: ['07-02-2026 6:00 PM', '07-02-2026 6:00 PM', '07-02-2026 6:00 PM', '07-02-2026 6:00 PM', '07-02-2026 6:00 PM']
[2026-02-27 11:58:05] 🔄 Applying deduplication logic...
[2026-02-27 11:58:06] ✓ Rows after deduplication: 2700
[2026-02-27 11:58:06] 🗑️  Removed 230451 duplicate rows
[2026-02-27 11:58:06] ✅ Final End Date check: 2700/2700 non-null values
[2026-02-27 11:58:06] ✅ Sample final End Dates: ['18-02-2026 6:00 PM', '14-02-2026 7:00 PM', '16-02-2026 11:00 AM']
[2026-02-27 11:58:06] ✓ Saved master CSV: E:\GeM Portal Scraper\data\gem_all_bids.csv
[2026-02-27 11:58:06] ✓ Total unique bids saved: 2700
[2026-02-27 11:58:06] MERGE & DEDUPLICATION COMPLETED
[2026-02-27 11:58:06] ============================================================
[2026-02-27 11:58:06] 🎉 EXTRACTION COMPLETE - All sessions merged and deduplicated
[2026-02-27 13:42:43] 🚀 Launching Session 1 - Keyword: 'batter'
[2026-02-27 13:42:53] 🚀 Launching Session 2 - Keyword: 'batter'
[2026-02-27 13:43:03] 🚀 Launching Session 3 - Keyword: 'batter'
[2026-02-27 13:43:13] 🚀 Launching Session 4 - Keyword: 'batter'
[2026-02-27 13:43:36] ✓ Session 1 completed (1/4)
[2026-02-27 13:43:47] ✓ Session 3 completed (2/4)
[2026-02-27 13:43:51] ✓ Session 4 completed (3/4)
[2026-02-27 13:44:16] 🛑 Cancelled Session 1 (PID: 102736)
[2026-02-27 13:44:17] 🛑 Cancelled Session 2 (PID: 101260)
[2026-02-27 13:44:17] 🛑 Cancelled Session 3 (PID: 105864)
[2026-02-27 13:44:18] 🛑 Cancelled Session 4 (PID: 106348)
[2026-02-27 13:44:18] ✓ Session 2 completed (4/4)
[2026-02-27 13:44:18] ✅ All 4 sessions completed! Starting merge...
[2026-02-27 13:44:18] ============================================================
[2026-02-27 13:44:18] STARTING MERGE & DEDUPLICATION
[2026-02-27 13:44:19] ✓ Loaded Session 1: 58590 rows from gem_all_bids_session1.csv
[2026-02-27 13:44:19]   → End Date: 58590/58590 non-null values
[2026-02-27 13:44:19]   → Sample: 07-02-2026 6:00 PM
[2026-02-27 13:44:19] ✓ Loaded Session 2: 58136 rows from gem_all_bids_session2.csv
[2026-02-27 13:44:19]   → End Date: 58136/58136 non-null values
[2026-02-27 13:44:19]   → Sample: 07-02-2026 6:00 PM
[2026-02-27 13:44:20] ✓ Loaded Session 3: 57946 rows from gem_all_bids_session3.csv
[2026-02-27 13:44:20]   → End Date: 57946/57946 non-null values
[2026-02-27 13:44:20]   → Sample: 07-02-2026 6:00 PM
[2026-02-27 13:44:21] ✓ Loaded Session 4: 58708 rows from gem_all_bids_session4.csv
[2026-02-27 13:44:21]   → End Date: 58708/58708 non-null values
[2026-02-27 13:44:21]   → Sample: 07-02-2026 6:00 PM
[2026-02-27 13:44:21] 📊 Total rows before deduplication: 233380
[2026-02-27 13:44:21] 📊 End Date after concat: 233380/233380 non-null values
[2026-02-27 13:44:21] 📊 Sample End Dates: ['07-02-2026 6:00 PM', '07-02-2026 6:00 PM', '07-02-2026 6:00 PM']
[2026-02-27 13:44:21] ⚠️  Warning: 233380 End Dates failed to parse
[2026-02-27 13:44:21]    Failed samples: ['07-02-2026 6:00 PM', '07-02-2026 6:00 PM', '07-02-2026 6:00 PM', '07-02-2026 6:00 PM', '07-02-2026 6:00 PM']
[2026-02-27 13:44:22] 🔄 Applying deduplication logic...
[2026-02-27 13:44:24] ✓ Rows after deduplication: 2701
[2026-02-27 13:44:24] 🗑️  Removed 230679 duplicate rows
[2026-02-27 13:44:24] ✅ Final End Date check: 2701/2701 non-null values
[2026-02-27 13:44:24] ✅ Sample final End Dates: ['18-02-2026 6:00 PM', '14-02-2026 7:00 PM', '16-02-2026 11:00 AM']
[2026-02-27 13:44:24] ✓ Saved master CSV: E:\GeM Portal Scraper\data\gem_all_bids.csv
[2026-02-27 13:44:24] ✓ Total unique bids saved: 2701
[2026-02-27 13:44:24] MERGE & DEDUPLICATION COMPLETED
[2026-02-27 13:44:24] ============================================================
[2026-02-27 13:44:24] 🎉 EXTRACTION COMPLETE - All sessions merged and deduplicated
[2026-02-27 13:44:33] 🚀 Launching Session 1 - Keyword: 'batter'
[2026-02-27 13:44:43] 🚀 Launching Session 2 - Keyword: 'batter'
[2026-02-27 13:44:53] 🚀 Launching Session 3 - Keyword: 'batter'
[2026-02-27 13:45:03] 🚀 Launching Session 4 - Keyword: 'batter'
[2026-02-27 13:45:34] ✓ Session 4 completed (1/4)
[2026-02-27 13:46:53] 🛑 Cancelled Session 1 (PID: 107568)
[2026-02-27 13:46:53] 🛑 Cancelled Session 2 (PID: 106216)
[2026-02-27 13:46:54] 🛑 Cancelled Session 3 (PID: 105888)
[2026-02-27 13:46:55] 🛑 Cancelled Session 4 (PID: 106288)
[2026-02-27 13:46:55] ✓ Session 1 completed (2/4)
[2026-02-27 13:46:55] ✓ Session 2 completed (3/4)
[2026-02-27 13:46:55] ✓ Session 3 completed (4/4)
[2026-02-27 13:46:55] ✅ All 4 sessions completed! Starting merge...
[2026-02-27 13:46:55] ============================================================
[2026-02-27 13:46:55] STARTING MERGE & DEDUPLICATION
[2026-02-27 13:46:56] ✓ Loaded Session 1: 58797 rows from gem_all_bids_session1.csv
[2026-02-27 13:46:56]   → End Date: 58797/58797 non-null values
[2026-02-27 13:46:56]   → Sample: 07-02-2026 6:00 PM
[2026-02-27 13:46:57] ✓ Loaded Session 2: 58231 rows from gem_all_bids_session2.csv
[2026-02-27 13:46:57]   → End Date: 58231/58231 non-null values
[2026-02-27 13:46:57]   → Sample: 07-02-2026 6:00 PM
[2026-02-27 13:46:57] ✓ Loaded Session 3: 58230 rows from gem_all_bids_session3.csv
[2026-02-27 13:46:57]   → End Date: 58230/58230 non-null values
[2026-02-27 13:46:57]   → Sample: 07-02-2026 6:00 PM
[2026-02-27 13:46:58] ✓ Loaded Session 4: 58708 rows from gem_all_bids_session4.csv
[2026-02-27 13:46:58]   → End Date: 58708/58708 non-null values
[2026-02-27 13:46:58]   → Sample: 07-02-2026 6:00 PM
[2026-02-27 13:46:58] 📊 Total rows before deduplication: 233966
[2026-02-27 13:46:58] 📊 End Date after concat: 233966/233966 non-null values
[2026-02-27 13:46:58] 📊 Sample End Dates: ['07-02-2026 6:00 PM', '07-02-2026 6:00 PM', '07-02-2026 6:00 PM']
[2026-02-27 13:46:58] ⚠️  Warning: 233966 End Dates failed to parse
[2026-02-27 13:46:58]    Failed samples: ['07-02-2026 6:00 PM', '07-02-2026 6:00 PM', '07-02-2026 6:00 PM', '07-02-2026 6:00 PM', '07-02-2026 6:00 PM']
[2026-02-27 13:46:58] 🔄 Applying deduplication logic...
[2026-02-27 13:47:00] ✓ Rows after deduplication: 2708
[2026-02-27 13:47:00] 🗑️  Removed 231258 duplicate rows
[2026-02-27 13:47:00] ✅ Final End Date check: 2708/2708 non-null values
[2026-02-27 13:47:00] ✅ Sample final End Dates: ['18-02-2026 6:00 PM', '14-02-2026 7:00 PM', '16-02-2026 11:00 AM']
[2026-02-27 13:47:00] ✓ Saved master CSV: E:\GeM Portal Scraper\data\gem_all_bids.csv
[2026-02-27 13:47:00] ✓ Total unique bids saved: 2708
[2026-02-27 13:47:00] MERGE & DEDUPLICATION COMPLETED
[2026-02-27 13:47:00] ============================================================
[2026-02-27 13:47:00] 🎉 EXTRACTION COMPLETE - All sessions merged and deduplicated
[2026-02-27 14:08:26] 🚀 Launching Session 1 - Keyword: 'batter'
[2026-02-27 14:08:36] 🚀 Launching Session 2 - Keyword: 'batter'
[2026-02-27 14:08:46] 🚀 Launching Session 3 - Keyword: 'batter'
[2026-02-27 14:08:56] 🚀 Launching Session 4 - Keyword: 'batter'
[2026-02-27 14:09:42] ⚠️  Monitor error: [Errno 13] Permission denied: 'E:\\GeM Portal Scraper\\data\\run_status.json'
[2026-02-27 14:21:10] ✓ Saved 353 checked bids
[2026-02-27 14:21:10] ✓ Saved 354 checked bids
[2026-02-27 14:21:10] ✓ Saved 355 checked bids
[2026-02-27 14:21:10] ✓ Saved 356 checked bids
[2026-02-27 14:21:10] ✓ Saved 357 checked bids
[2026-02-27 14:21:10] ✓ Saved 358 checked bids
[2026-02-27 14:21:10] ✓ Saved 359 checked bids
[2026-02-27 14:21:10] ✓ Saved 360 checked bids
[2026-02-27 14:21:10] ✓ Saved 361 checked bids
[2026-02-27 14:21:10] ✓ Saved 362 checked bids
[2026-02-27 14:22:41] ✓ Saved 363 checked bids
[2026-02-27 14:23:49] ✓ Saved 364 checked bids
[2026-02-27 14:24:28] ✓ Saved 365 checked bids
[2026-02-27 14:24:44] 🚀 Launching Session 1 - Keyword: 'batter'
[2026-02-27 14:24:54] 🚀 Launching Session 2 - Keyword: 'batter'
[2026-02-27 14:25:04] 🚀 Launching Session 3 - Keyword: 'batter'
[2026-02-27 14:25:14] 🚀 Launching Session 4 - Keyword: 'batter'
[2026-02-27 14:32:20] ✓ Session 1 completed (1/4)
[2026-02-27 14:32:31] ✓ Session 3 completed (2/4)
[2026-02-27 14:32:34] ✓ Session 2 completed (3/4)
[2026-02-27 14:32:59] ✓ Session 4 completed (4/4)
[2026-02-27 14:32:59] ✅ All 4 sessions completed! Starting merge...
[2026-02-27 14:32:59] ============================================================
[2026-02-27 14:32:59] STARTING MERGE & DEDUPLICATION
[2026-02-27 14:32:59] ✓ Loaded Session 1: 60363 rows from gem_all_bids_session1.csv
[2026-02-27 14:32:59]   → End Date: 60363/60363 non-null values
[2026-02-27 14:32:59]   → Sample: 07-02-2026 6:00 PM
[2026-02-27 14:33:00] ✓ Loaded Session 2: 59763 rows from gem_all_bids_session2.csv
[2026-02-27 14:33:00]   → End Date: 59763/59763 non-null values
[2026-02-27 14:33:00]   → Sample: 07-02-2026 6:00 PM
[2026-02-27 14:33:00] ✓ Loaded Session 3: 59699 rows from gem_all_bids_session3.csv
[2026-02-27 14:33:00]   → End Date: 59699/59699 non-null values
[2026-02-27 14:33:00]   → Sample: 07-02-2026 6:00 PM
[2026-02-27 14:33:00] ✓ Loaded Session 4: 60157 rows from gem_all_bids_session4.csv
[2026-02-27 14:33:00]   → End Date: 60157/60157 non-null values
[2026-02-27 14:33:00]   → Sample: 07-02-2026 6:00 PM
[2026-02-27 14:33:00] 📊 Total rows before deduplication: 239982
[2026-02-27 14:33:00] 📊 End Date after concat: 239982/239982 non-null values
[2026-02-27 14:33:00] 📊 Sample End Dates: ['07-02-2026 6:00 PM', '07-02-2026 6:00 PM', '07-02-2026 6:00 PM']
[2026-02-27 14:33:00] ⚠️  Warning: 239982 End Dates failed to parse
[2026-02-27 14:33:00]    Failed samples: ['07-02-2026 6:00 PM', '07-02-2026 6:00 PM', '07-02-2026 6:00 PM', '07-02-2026 6:00 PM', '07-02-2026 6:00 PM']
[2026-02-27 14:33:00] 🔄 Applying deduplication logic...
[2026-02-27 14:33:02] ✓ Rows after deduplication: 2833
[2026-02-27 14:33:02] 🗑️  Removed 237149 duplicate rows
[2026-02-27 14:33:02] ✅ Final End Date check: 2833/2833 non-null values
[2026-02-27 14:33:02] ✅ Sample final End Dates: ['18-02-2026 6:00 PM', '14-02-2026 7:00 PM', '16-02-2026 11:00 AM']
[2026-02-27 14:33:02] ✓ Saved master CSV: E:\GeM Portal Scraper\data\gem_all_bids.csv
[2026-02-27 14:33:02] ✓ Total unique bids saved: 2833
[2026-02-27 14:33:02] MERGE & DEDUPLICATION COMPLETED
[2026-02-27 14:33:02] ============================================================
[2026-02-27 14:33:02] 🎉 EXTRACTION COMPLETE - All sessions merged and deduplicated
[2026-02-27 14:36:58] 📋 Session CSVs detected - running merge before analysis
[2026-02-27 14:36:58] ============================================================
[2026-02-27 14:36:58] STARTING MERGE & DEDUPLICATION
[2026-02-27 14:36:58] ✓ Loaded Session 1: 60363 rows from gem_all_bids_session1.csv
[2026-02-27 14:36:58]   → End Date: 60363/60363 non-null values
[2026-02-27 14:36:58]   → Sample: 07-02-2026 6:00 PM
[2026-02-27 14:36:58] ✓ Loaded Session 2: 59763 rows from gem_all_bids_session2.csv
[2026-02-27 14:36:58]   → End Date: 59763/59763 non-null values
[2026-02-27 14:36:58]   → Sample: 07-02-2026 6:00 PM
[2026-02-27 14:36:58] ✓ Loaded Session 3: 59699 rows from gem_all_bids_session3.csv
[2026-02-27 14:36:58]   → End Date: 59699/59699 non-null values
[2026-02-27 14:36:58]   → Sample: 07-02-2026 6:00 PM
[2026-02-27 14:36:59] ✓ Loaded Session 4: 60157 rows from gem_all_bids_session4.csv
[2026-02-27 14:36:59]   → End Date: 60157/60157 non-null values
[2026-02-27 14:36:59]   → Sample: 07-02-2026 6:00 PM
[2026-02-27 14:36:59] 📊 Total rows before deduplication: 239982
[2026-02-27 14:36:59] 📊 End Date after concat: 239982/239982 non-null values
[2026-02-27 14:36:59] 📊 Sample End Dates: ['07-02-2026 6:00 PM', '07-02-2026 6:00 PM', '07-02-2026 6:00 PM']
[2026-02-27 14:36:59] ⚠️  Warning: 239982 End Dates failed to parse
[2026-02-27 14:36:59]    Failed samples: ['07-02-2026 6:00 PM', '07-02-2026 6:00 PM', '07-02-2026 6:00 PM', '07-02-2026 6:00 PM', '07-02-2026 6:00 PM']
[2026-02-27 14:36:59] 🔄 Applying deduplication logic...
[2026-02-27 14:37:02] ✓ Rows after deduplication: 2833
[2026-02-27 14:37:02] 🗑️  Removed 237149 duplicate rows
[2026-02-27 14:37:02] ✅ Final End Date check: 2833/2833 non-null values
[2026-02-27 14:37:02] ✅ Sample final End Dates: ['18-02-2026 6:00 PM', '14-02-2026 7:00 PM', '16-02-2026 11:00 AM']
[2026-02-27 14:37:02] ✓ Saved master CSV: E:\GeM Portal Scraper\data\gem_all_bids.csv
[2026-02-27 14:37:02] ✓ Total unique bids saved: 2833
[2026-02-27 14:37:02] MERGE & DEDUPLICATION COMPLETED
[2026-02-27 14:37:02] ============================================================
[2026-02-27 14:37:02] ✅ Merge completed successfully
[2026-02-27 14:37:04] 📊 Analysis complete: 2833 total, 386 filtered
[2026-02-27 14:43:46] ✓ Saved 366 checked bids
[2026-02-27 14:44:47] ✓ Saved 367 checked bids
[2026-02-27 14:52:00] ✓ Saved 368 checked bids
[2026-02-27 14:52:00] ✓ Saved 369 checked bids
[2026-02-27 14:52:00] ✓ Saved 370 checked bids
[2026-02-27 14:52:00] ✓ Saved 371 checked bids
[2026-02-27 14:52:00] ✓ Saved 372 checked bids
[2026-02-27 14:52:00] ✓ Saved 373 checked bids
[2026-02-27 14:52:00] ✓ Saved 374 checked bids
[2026-02-27 14:52:00] ✓ Saved 375 checked bids
[2026-02-27 14:52:00] ✓ Saved 376 checked bids
[2026-02-27 14:52:00] ✓ Saved 377 checked bids
[2026-02-27 14:52:00] ✓ Saved 378 checked bids
[2026-02-27 14:52:00] ✓ Saved 379 checked bids
[2026-02-27 14:52:00] ✓ Saved 380 checked bids
[2026-02-27 14:52:00] ✓ Saved 381 checked bids
[2026-02-27 14:56:04] ✓ Saved 382 checked bids
[2026-02-27 14:56:04] ✓ Saved 383 checked bids
[2026-02-27 14:56:04] ✓ Saved 384 checked bids
[2026-02-27 14:56:04] ✓ Saved 385 checked bids
[2026-02-27 14:56:04] ✓ Saved 386 checked bids
[2026-02-28 12:02:11] 🚀 Launching Session 1 - Keyword: 'batter'
[2026-02-28 12:02:21] 🚀 Launching Session 2 - Keyword: 'batter'
[2026-02-28 12:02:32] 🚀 Launching Session 3 - Keyword: 'batter'
[2026-02-28 12:02:42] 🚀 Launching Session 4 - Keyword: 'batter'
[2026-02-28 12:04:25] ✓ Session 4 completed (1/4)
[2026-02-28 12:04:53] ✓ Session 1 completed (2/4)
[2026-02-28 12:05:26] 🛑 Cancelled Session 1 (PID: 19608)
[2026-02-28 12:05:26] 🛑 Cancelled Session 2 (PID: 28788)
[2026-02-28 12:05:27] 🛑 Cancelled Session 3 (PID: 30284)
[2026-02-28 12:05:27] 🛑 Cancelled Session 4 (PID: 31088)
[2026-02-28 12:05:27] ✓ Session 2 completed (3/4)
[2026-02-28 12:05:27] ✓ Session 3 completed (4/4)
[2026-02-28 12:05:27] ✅ All 4 sessions completed! Starting merge...
[2026-02-28 12:05:27] ============================================================
[2026-02-28 12:05:27] STARTING MERGE & DEDUPLICATION
[2026-02-28 12:05:28] ✓ Loaded Session 1: 60668 rows from gem_all_bids_session1.csv
[2026-02-28 12:05:28]   → End Date: 60668/60668 non-null values
[2026-02-28 12:05:28]   → Sample: 07-02-2026 6:00 PM
[2026-02-28 12:05:28] ✓ Loaded Session 2: 60485 rows from gem_all_bids_session2.csv
[2026-02-28 12:05:28]   → End Date: 60485/60485 non-null values
[2026-02-28 12:05:28]   → Sample: 07-02-2026 6:00 PM
[2026-02-28 12:05:28] ✓ Loaded Session 3: 60386 rows from gem_all_bids_session3.csv
[2026-02-28 12:05:28]   → End Date: 60386/60386 non-null values
[2026-02-28 12:05:28]   → Sample: 07-02-2026 6:00 PM
[2026-02-28 12:05:29] ✓ Loaded Session 4: 60225 rows from gem_all_bids_session4.csv
[2026-02-28 12:05:29]   → End Date: 60225/60225 non-null values
[2026-02-28 12:05:29]   → Sample: 07-02-2026 6:00 PM
[2026-02-28 12:05:29] 📊 Total rows before deduplication: 241764
[2026-02-28 12:05:29] 📊 End Date after concat: 241764/241764 non-null values
[2026-02-28 12:05:29] 📊 Sample End Dates: ['07-02-2026 6:00 PM', '07-02-2026 6:00 PM', '07-02-2026 6:00 PM']
[2026-02-28 12:05:29] ⚠️  Warning: 241764 End Dates failed to parse
[2026-02-28 12:05:29]    Failed samples: ['07-02-2026 6:00 PM', '07-02-2026 6:00 PM', '07-02-2026 6:00 PM', '07-02-2026 6:00 PM', '07-02-2026 6:00 PM']
[2026-02-28 12:05:29] 🔄 Applying deduplication logic...
[2026-02-28 12:05:31] ✓ Rows after deduplication: 2847
[2026-02-28 12:05:31] 🗑️  Removed 238917 duplicate rows
[2026-02-28 12:05:31] ✅ Final End Date check: 2847/2847 non-null values
[2026-02-28 12:05:31] ✅ Sample final End Dates: ['18-02-2026 6:00 PM', '14-02-2026 7:00 PM', '16-02-2026 11:00 AM']
[2026-02-28 12:05:31] ✓ Saved master CSV: E:\GeM Portal Scraper\data\gem_all_bids.csv
[2026-02-28 12:05:31] ✓ Total unique bids saved: 2847
[2026-02-28 12:05:31] MERGE & DEDUPLICATION COMPLETED
[2026-02-28 12:05:31] ============================================================
[2026-02-28 12:05:32] 🎉 EXTRACTION COMPLETE - All sessions merged and deduplicated
[2026-02-28 12:09:42] 🚀 Launching Session 1 - Keyword: 'batter'
[2026-02-28 12:09:52] 🚀 Launching Session 2 - Keyword: 'batter'
[2026-02-28 12:10:02] 🚀 Launching Session 3 - Keyword: 'batter'
[2026-02-28 12:10:12] 🚀 Launching Session 4 - Keyword: 'batter'
[2026-02-28 12:11:46] ✓ Session 2 completed (1/4)
[2026-02-28 12:12:24] ✓ Session 1 completed (2/4)
[2026-02-28 12:12:42] 🛑 Cancelled Session 1 (PID: 29596)
[2026-02-28 12:12:43] 🛑 Cancelled Session 2 (PID: 8312)
[2026-02-28 12:12:43] 🛑 Cancelled Session 3 (PID: 31428)
[2026-02-28 12:12:43] 🛑 Cancelled Session 4 (PID: 30944)
[2026-02-28 12:12:44] ✓ Session 3 completed (3/4)
[2026-02-28 12:12:44] ✓ Session 4 completed (4/4)
[2026-02-28 12:12:44] ✅ All 4 sessions completed! Starting merge...
[2026-02-28 12:12:44] ============================================================
[2026-02-28 12:12:44] STARTING MERGE & DEDUPLICATION
[2026-02-28 12:12:44] ✓ Loaded Session 1: 61053 rows from gem_all_bids_session1.csv
[2026-02-28 12:12:44]   → End Date: 61053/61053 non-null values
[2026-02-28 12:12:44]   → Sample: 07-02-2026 6:00 PM
[2026-02-28 12:12:45] ✓ Loaded Session 2: 60667 rows from gem_all_bids_session2.csv
[2026-02-28 12:12:45]   → End Date: 60667/60667 non-null values
[2026-02-28 12:12:45]   → Sample: 07-02-2026 6:00 PM
[2026-02-28 12:12:46] ✓ Loaded Session 3: 60910 rows from gem_all_bids_session3.csv
[2026-02-28 12:12:46]   → End Date: 60910/60910 non-null values
[2026-02-28 12:12:46]   → Sample: 07-02-2026 6:00 PM
[2026-02-28 12:12:46] ✓ Loaded Session 4: 60722 rows from gem_all_bids_session4.csv
[2026-02-28 12:12:46]   → End Date: 60722/60722 non-null values
[2026-02-28 12:12:46]   → Sample: 07-02-2026 6:00 PM
[2026-02-28 12:12:46] 📊 Total rows before deduplication: 243352
[2026-02-28 12:12:46] 📊 End Date after concat: 243352/243352 non-null values
[2026-02-28 12:12:46] 📊 Sample End Dates: ['07-02-2026 6:00 PM', '07-02-2026 6:00 PM', '07-02-2026 6:00 PM']
[2026-02-28 12:12:46] ⚠️  Warning: 243352 End Dates failed to parse
[2026-02-28 12:12:46]    Failed samples: ['07-02-2026 6:00 PM', '07-02-2026 6:00 PM', '07-02-2026 6:00 PM', '07-02-2026 6:00 PM', '07-02-2026 6:00 PM']
[2026-02-28 12:12:46] 🔄 Applying deduplication logic...
[2026-02-28 12:12:48] ✓ Rows after deduplication: 2847
[2026-02-28 12:12:48] 🗑️  Removed 240505 duplicate rows
[2026-02-28 12:12:48] ✅ Final End Date check: 2847/2847 non-null values
[2026-02-28 12:12:48] ✅ Sample final End Dates: ['18-02-2026 6:00 PM', '14-02-2026 7:00 PM', '16-02-2026 11:00 AM']
[2026-02-28 12:12:48] ✓ Saved master CSV: E:\GeM Portal Scraper\data\gem_all_bids.csv
[2026-02-28 12:12:48] ✓ Total unique bids saved: 2847
[2026-02-28 12:12:48] MERGE & DEDUPLICATION COMPLETED
[2026-02-28 12:12:48] ============================================================
[2026-02-28 12:12:48] 🎉 EXTRACTION COMPLETE - All sessions merged and deduplicated
[2026-02-28 12:16:26] 🚀 Launching Session 1 - Keyword: 'batter'
[2026-02-28 12:16:36] 🚀 Launching Session 2 - Keyword: 'batter'
[2026-02-28 12:16:46] 🚀 Launching Session 3 - Keyword: 'batter'
[2026-02-28 12:16:56] 🚀 Launching Session 4 - Keyword: 'batter'
[2026-02-28 12:20:40] ✓ Session 1 completed (1/4)
[2026-02-28 12:20:51] ✓ Session 2 completed (2/4)
[2026-02-28 12:21:10] ✓ Session 4 completed (3/4)
[2026-02-28 12:21:57] ✓ Session 3 completed (4/4)
[2026-02-28 12:21:57] ✅ All 4 sessions completed! Starting merge...
[2026-02-28 12:21:57] ============================================================
[2026-02-28 12:21:57] STARTING MERGE & DEDUPLICATION
[2026-02-28 12:21:57] ✓ Loaded Session 1: 62189 rows from gem_all_bids_session1.csv
[2026-02-28 12:21:57]   → End Date: 62189/62189 non-null values
[2026-02-28 12:21:57]   → Sample: 07-02-2026 6:00 PM
[2026-02-28 12:21:57] ✓ Loaded Session 2: 61791 rows from gem_all_bids_session2.csv
[2026-02-28 12:21:57]   → End Date: 61791/61791 non-null values
[2026-02-28 12:21:57]   → Sample: 07-02-2026 6:00 PM
[2026-02-28 12:21:58] ✓ Loaded Session 3: 62048 rows from gem_all_bids_session3.csv
[2026-02-28 12:21:58]   → End Date: 62048/62048 non-null values
[2026-02-28 12:21:58]   → Sample: 07-02-2026 6:00 PM
[2026-02-28 12:21:58] ✓ Loaded Session 4: 61859 rows from gem_all_bids_session4.csv
[2026-02-28 12:21:58]   → End Date: 61859/61859 non-null values
[2026-02-28 12:21:58]   → Sample: 07-02-2026 6:00 PM
[2026-02-28 12:21:58] 📊 Total rows before deduplication: 247887
[2026-02-28 12:21:58] 📊 End Date after concat: 247887/247887 non-null values
[2026-02-28 12:21:58] 📊 Sample End Dates: ['07-02-2026 6:00 PM', '07-02-2026 6:00 PM', '07-02-2026 6:00 PM']
[2026-02-28 12:21:58] ⚠️  Warning: 247887 End Dates failed to parse
[2026-02-28 12:21:58]    Failed samples: ['07-02-2026 6:00 PM', '07-02-2026 6:00 PM', '07-02-2026 6:00 PM', '07-02-2026 6:00 PM', '07-02-2026 6:00 PM']
[2026-02-28 12:21:58] 🔄 Applying deduplication logic...
[2026-02-28 12:21:59] ✓ Rows after deduplication: 2908
[2026-02-28 12:21:59] 🗑️  Removed 244979 duplicate rows
[2026-02-28 12:21:59] ✅ Final End Date check: 2908/2908 non-null values
[2026-02-28 12:21:59] ✅ Sample final End Dates: ['18-02-2026 6:00 PM', '14-02-2026 7:00 PM', '16-02-2026 11:00 AM']
[2026-02-28 12:21:59] ✓ Saved master CSV: E:\GeM Portal Scraper\data\gem_all_bids.csv
[2026-02-28 12:21:59] ✓ Total unique bids saved: 2908
[2026-02-28 12:21:59] MERGE & DEDUPLICATION COMPLETED
[2026-02-28 12:21:59] ============================================================
[2026-02-28 12:21:59] 🎉 EXTRACTION COMPLETE - All sessions merged and deduplicated
[2026-02-28 12:22:14] 📋 Session CSVs detected - running merge before analysis
[2026-02-28 12:22:14] ============================================================
[2026-02-28 12:22:14] STARTING MERGE & DEDUPLICATION
[2026-02-28 12:22:14] ✓ Loaded Session 1: 62189 rows from gem_all_bids_session1.csv
[2026-02-28 12:22:14]   → End Date: 62189/62189 non-null values
[2026-02-28 12:22:14]   → Sample: 07-02-2026 6:00 PM
[2026-02-28 12:22:14] ✓ Loaded Session 2: 61791 rows from gem_all_bids_session2.csv
[2026-02-28 12:22:14]   → End Date: 61791/61791 non-null values
[2026-02-28 12:22:14]   → Sample: 07-02-2026 6:00 PM
[2026-02-28 12:22:15] ✓ Loaded Session 3: 62048 rows from gem_all_bids_session3.csv
[2026-02-28 12:22:15]   → End Date: 62048/62048 non-null values
[2026-02-28 12:22:15]   → Sample: 07-02-2026 6:00 PM
[2026-02-28 12:22:15] ✓ Loaded Session 4: 61859 rows from gem_all_bids_session4.csv
[2026-02-28 12:22:15]   → End Date: 61859/61859 non-null values
[2026-02-28 12:22:15]   → Sample: 07-02-2026 6:00 PM
[2026-02-28 12:22:15] 📊 Total rows before deduplication: 247887
[2026-02-28 12:22:15] 📊 End Date after concat: 247887/247887 non-null values
[2026-02-28 12:22:15] 📊 Sample End Dates: ['07-02-2026 6:00 PM', '07-02-2026 6:00 PM', '07-02-2026 6:00 PM']
[2026-02-28 12:22:15] ⚠️  Warning: 247887 End Dates failed to parse
[2026-02-28 12:22:15]    Failed samples: ['07-02-2026 6:00 PM', '07-02-2026 6:00 PM', '07-02-2026 6:00 PM', '07-02-2026 6:00 PM', '07-02-2026 6:00 PM']
[2026-02-28 12:22:15] 🔄 Applying deduplication logic...
[2026-02-28 12:22:16] ✓ Rows after deduplication: 2908
[2026-02-28 12:22:16] 🗑️  Removed 244979 duplicate rows
[2026-02-28 12:22:16] ✅ Final End Date check: 2908/2908 non-null values
[2026-02-28 12:22:16] ✅ Sample final End Dates: ['18-02-2026 6:00 PM', '14-02-2026 7:00 PM', '16-02-2026 11:00 AM']
[2026-02-28 12:22:16] ✓ Saved master CSV: E:\GeM Portal Scraper\data\gem_all_bids.csv
[2026-02-28 12:22:16] ✓ Total unique bids saved: 2908
[2026-02-28 12:22:16] MERGE & DEDUPLICATION COMPLETED
[2026-02-28 12:22:16] ============================================================
[2026-02-28 12:22:16] ✅ Merge completed successfully
[2026-02-28 12:22:17] 📊 Analysis complete: 2908 total, 401 filtered
[2026-02-28 12:22:27] 📋 Session CSVs detected - running merge before analysis
[2026-02-28 12:22:27] ============================================================
[2026-02-28 12:22:27] STARTING MERGE & DEDUPLICATION
[2026-02-28 12:22:27] ✓ Loaded Session 1: 62189 rows from gem_all_bids_session1.csv
[2026-02-28 12:22:27]   → End Date: 62189/62189 non-null values
[2026-02-28 12:22:27]   → Sample: 07-02-2026 6:00 PM
[2026-02-28 12:22:27] ✓ Loaded Session 2: 61791 rows from gem_all_bids_session2.csv
[2026-02-28 12:22:27]   → End Date: 61791/61791 non-null values
[2026-02-28 12:22:27]   → Sample: 07-02-2026 6:00 PM
[2026-02-28 12:22:27] ✓ Loaded Session 3: 62048 rows from gem_all_bids_session3.csv
[2026-02-28 12:22:27]   → End Date: 62048/62048 non-null values
[2026-02-28 12:22:27]   → Sample: 07-02-2026 6:00 PM
[2026-02-28 12:22:28] ✓ Loaded Session 4: 61859 rows from gem_all_bids_session4.csv
[2026-02-28 12:22:28]   → End Date: 61859/61859 non-null values
[2026-02-28 12:22:28]   → Sample: 07-02-2026 6:00 PM
[2026-02-28 12:22:28] 📊 Total rows before deduplication: 247887
[2026-02-28 12:22:28] 📊 End Date after concat: 247887/247887 non-null values
[2026-02-28 12:22:28] 📊 Sample End Dates: ['07-02-2026 6:00 PM', '07-02-2026 6:00 PM', '07-02-2026 6:00 PM']
[2026-02-28 12:22:28] ⚠️  Warning: 247887 End Dates failed to parse
[2026-02-28 12:22:28]    Failed samples: ['07-02-2026 6:00 PM', '07-02-2026 6:00 PM', '07-02-2026 6:00 PM', '07-02-2026 6:00 PM', '07-02-2026 6:00 PM']
[2026-02-28 12:22:28] 🔄 Applying deduplication logic...
[2026-02-28 12:22:29] ✓ Rows after deduplication: 2908
[2026-02-28 12:22:29] 🗑️  Removed 244979 duplicate rows
[2026-02-28 12:22:29] ✅ Final End Date check: 2908/2908 non-null values
[2026-02-28 12:22:29] ✅ Sample final End Dates: ['18-02-2026 6:00 PM', '14-02-2026 7:00 PM', '16-02-2026 11:00 AM']
[2026-02-28 12:22:29] ✓ Saved master CSV: E:\GeM Portal Scraper\data\gem_all_bids.csv
[2026-02-28 12:22:29] ✓ Total unique bids saved: 2908
[2026-02-28 12:22:29] MERGE & DEDUPLICATION COMPLETED
[2026-02-28 12:22:29] ============================================================
[2026-02-28 12:22:29] ✅ Merge completed successfully
[2026-02-28 12:22:30] 📊 Analysis complete: 2908 total, 401 filtered
[2026-02-28 12:26:43] ✓ Saved 387 checked bids
[2026-02-28 12:26:43] ✓ Saved 388 checked bids
[2026-02-28 12:26:43] ✓ Saved 389 checked bids
[2026-02-28 12:26:43] ✓ Saved 390 checked bids
[2026-02-28 12:26:43] ✓ Saved 391 checked bids
[2026-02-28 12:26:43] ✓ Saved 392 checked bids
[2026-02-28 12:26:43] ✓ Saved 393 checked bids
[2026-02-28 12:31:20] ✓ Saved 394 checked bids
[2026-02-28 12:31:20] ✓ Saved 395 checked bids
[2026-02-28 12:31:20] ✓ Saved 396 checked bids
[2026-02-28 12:31:20] ✓ Saved 397 checked bids
[2026-02-28 12:42:50] ✓ Saved 398 checked bids
[2026-02-28 12:42:50] ✓ Saved 399 checked bids
[2026-02-28 12:42:50] ✓ Saved 400 checked bids
[2026-02-28 12:42:50] ✓ Saved 401 checked bids
[2026-02-28 14:48:43] 🚀 Launching Session 1 - Keyword: 'batter'
[2026-02-28 14:48:53] 🚀 Launching Session 2 - Keyword: 'batter'
[2026-02-28 14:49:03] 🚀 Launching Session 3 - Keyword: 'batter'
[2026-02-28 14:49:13] 🚀 Launching Session 4 - Keyword: 'batter'
[2026-02-28 14:51:26] ⚠️  Monitor error: [Errno 13] Permission denied: 'E:\\GeM Portal Scraper\\data\\run_status.json'
[2026-02-28 14:53:14] ✓ Session 1 completed (1/4)
[2026-02-28 14:53:21] ✓ Session 2 completed (2/4)
[2026-02-28 14:53:32] ✓ Session 3 completed (3/4)
[2026-02-28 14:53:38] ✓ Session 4 completed (4/4)
[2026-02-28 14:53:38] ✅ All 4 sessions completed! Starting merge...
[2026-02-28 14:53:38] ============================================================
[2026-02-28 14:53:38] STARTING MERGE & DEDUPLICATION
[2026-02-28 14:53:38] ✓ Loaded Session 1: 63313 rows from gem_all_bids_session1.csv
[2026-02-28 14:53:38]   → End Date: 63313/63313 non-null values
[2026-02-28 14:53:38]   → Sample: 07-02-2026 6:00 PM
[2026-02-28 14:53:39] ✓ Loaded Session 2: 62927 rows from gem_all_bids_session2.csv
[2026-02-28 14:53:39]   → End Date: 62927/62927 non-null values
[2026-02-28 14:53:39]   → Sample: 07-02-2026 6:00 PM
[2026-02-28 14:53:39] ✓ Loaded Session 3: 63189 rows from gem_all_bids_session3.csv
[2026-02-28 14:53:39]   → End Date: 63189/63189 non-null values
[2026-02-28 14:53:39]   → Sample: 07-02-2026 6:00 PM
[2026-02-28 14:53:39] ✓ Loaded Session 4: 62992 rows from gem_all_bids_session4.csv
[2026-02-28 14:53:39]   → End Date: 62992/62992 non-null values
[2026-02-28 14:53:39]   → Sample: 07-02-2026 6:00 PM
[2026-02-28 14:53:39] 📊 Total rows before deduplication: 252421
[2026-02-28 14:53:39] 📊 End Date after concat: 252421/252421 non-null values
[2026-02-28 14:53:39] 📊 Sample End Dates: ['07-02-2026 6:00 PM', '07-02-2026 6:00 PM', '07-02-2026 6:00 PM']
[2026-02-28 14:53:39] ⚠️  Warning: 252421 End Dates failed to parse
[2026-02-28 14:53:39]    Failed samples: ['07-02-2026 6:00 PM', '07-02-2026 6:00 PM', '07-02-2026 6:00 PM', '07-02-2026 6:00 PM', '07-02-2026 6:00 PM']
[2026-02-28 14:53:39] 🔄 Applying deduplication logic...
[2026-02-28 14:53:41] ✓ Rows after deduplication: 2931
[2026-02-28 14:53:41] 🗑️  Removed 249490 duplicate rows
[2026-02-28 14:53:41] ✅ Final End Date check: 2931/2931 non-null values
[2026-02-28 14:53:41] ✅ Sample final End Dates: ['18-02-2026 6:00 PM', '14-02-2026 7:00 PM', '16-02-2026 11:00 AM']
[2026-02-28 14:53:41] ✓ Saved master CSV: E:\GeM Portal Scraper\data\gem_all_bids.csv
[2026-02-28 14:53:41] ✓ Total unique bids saved: 2931
[2026-02-28 14:53:41] MERGE & DEDUPLICATION COMPLETED
[2026-02-28 14:53:41] ============================================================
[2026-02-28 14:53:41] 🎉 EXTRACTION COMPLETE - All sessions merged and deduplicated
