[2026-02-07 17:34:34] [SESSION 4] Starting scraper - Keyword: 'batter' | Output: gem_all_bids_session4.csv
[2026-02-07 17:34:45] [SESSION 4] Processing page 1
[2026-02-07 17:34:45] [SESSION 4] Saved 10 bids from page 1
[2026-02-07 17:34:47] [SESSION 4] Processing page 2
[2026-02-07 17:34:48] [SESSION 4] Saved 10 bids from page 2
[2026-02-07 17:34:49] [SESSION 4] Processing page 3
[2026-02-07 17:34:50] [SESSION 4] Saved 9 bids from page 3
[2026-02-07 17:34:51] [SESSION 4] Processing page 4
[2026-02-07 17:34:51] [SESSION 4] Saved 9 bids from page 4
[2026-02-07 17:34:53] [SESSION 4] Processing page 5
[2026-02-07 17:34:53] [SESSION 4] Saved 9 bids from page 5
[2026-02-07 17:34:55] [SESSION 4] Processing page 6
[2026-02-07 17:34:55] [SESSION 4] Saved 10 bids from page 6
[2026-02-07 17:34:57] [SESSION 4] Processing page 7
[2026-02-07 17:34:57] [SESSION 4] Saved 5 bids from page 7
[2026-02-07 17:34:59] [SESSION 4] Processing page 8
[2026-02-07 17:34:59] [SESSION 4] Saved 10 bids from page 8
[2026-02-07 17:35:01] [SESSION 4] Processing page 9
[2026-02-07 17:35:01] [SESSION 4] Saved 10 bids from page 9
[2026-02-07 17:35:03] [SESSION 4] Processing page 10
[2026-02-07 17:35:03] [SESSION 4] Saved 10 bids from page 10
[2026-02-07 17:35:05] [SESSION 4] Processing page 11
[2026-02-07 17:35:05] [SESSION 4] Saved 7 bids from page 11
[2026-02-07 17:35:07] [SESSION 4] Processing page 12
[2026-02-07 17:35:07] [SESSION 4] Saved 10 bids from page 12
[2026-02-07 17:35:09] [SESSION 4] Processing page 13
[2026-02-07 17:35:09] [SESSION 4] Saved 10 bids from page 13
[2026-02-07 17:35:11] [SESSION 4] Processing page 14
[2026-02-07 17:35:11] [SESSION 4] Saved 10 bids from page 14
[2026-02-07 17:35:13] [SESSION 4] Processing page 15
[2026-02-07 17:35:13] [SESSION 4] Saved 8 bids from page 15
[2026-02-07 17:35:15] [SESSION 4] Processing page 16
[2026-02-07 17:35:15] [SESSION 4] Saved 10 bids from page 16
[2026-02-07 17:35:17] [SESSION 4] Processing page 17
[2026-02-07 17:35:17] [SESSION 4] Saved 9 bids from page 17
[2026-02-07 17:35:19] [SESSION 4] Processing page 18
[2026-02-07 17:35:19] [SESSION 4] Saved 10 bids from page 18
[2026-02-07 17:35:21] [SESSION 4] Processing page 19
[2026-02-07 17:35:21] [SESSION 4] Saved 10 bids from page 19
[2026-02-07 17:35:22] [SESSION 4] Processing page 20
[2026-02-07 17:35:23] [SESSION 4] Saved 10 bids from page 20
[2026-02-07 17:35:24] [SESSION 4] Processing page 21
[2026-02-07 17:35:25] [SESSION 4] Saved 8 bids from page 21
[2026-02-07 17:35:26] [SESSION 4] Processing page 22
[2026-02-07 17:35:27] [SESSION 4] Saved 10 bids from page 22
[2026-02-07 17:35:28] [SESSION 4] Processing page 23
[2026-02-07 17:35:29] [SESSION 4] Saved 4 bids from page 23
[2026-02-07 17:35:30] [SESSION 4] Processing page 24
[2026-02-07 17:35:31] [SESSION 4] Saved 10 bids from page 24
[2026-02-07 17:35:32] [SESSION 4] Processing page 25
[2026-02-07 17:35:33] [SESSION 4] Saved 10 bids from page 25
[2026-02-07 17:35:34] [SESSION 4] Processing page 26
[2026-02-07 17:35:34] [SESSION 4] Saved 8 bids from page 26
[2026-02-07 17:35:36] [SESSION 4] Processing page 27
[2026-02-07 17:35:36] [SESSION 4] Saved 10 bids from page 27
[2026-02-07 17:35:38] [SESSION 4] Processing page 28
[2026-02-07 17:35:38] [SESSION 4] Saved 10 bids from page 28
[2026-02-07 17:35:40] [SESSION 4] Processing page 29
[2026-02-07 17:35:40] [SESSION 4] Saved 10 bids from page 29
[2026-02-07 17:35:42] [SESSION 4] Processing page 30
[2026-02-07 17:35:42] [SESSION 4] Saved 10 bids from page 30
[2026-02-07 17:35:44] [SESSION 4] Processing page 31
[2026-02-07 17:35:44] [SESSION 4] Saved 9 bids from page 31
[2026-02-07 17:35:46] [SESSION 4] Processing page 32
[2026-02-07 17:35:46] [SESSION 4] Saved 8 bids from page 32
[2026-02-07 17:35:48] [SESSION 4] Processing page 33
[2026-02-07 17:35:49] [SESSION 4] Saved 10 bids from page 33
[2026-02-07 17:35:50] [SESSION 4] Processing page 34
[2026-02-07 17:35:51] [SESSION 4] Saved 10 bids from page 34
[2026-02-07 17:35:52] [SESSION 4] Processing page 35
[2026-02-07 17:35:53] [SESSION 4] Saved 10 bids from page 35
[2026-02-07 17:35:54] [SESSION 4] Processing page 36
[2026-02-07 17:35:55] [SESSION 4] Saved 10 bids from page 36
[2026-02-07 17:35:56] [SESSION 4] Processing page 37
[2026-02-07 17:35:57] [SESSION 4] Saved 10 bids from page 37
[2026-02-07 17:35:58] [SESSION 4] Processing page 38
[2026-02-07 17:35:58] [SESSION 4] Saved 10 bids from page 38
[2026-02-07 17:36:00] [SESSION 4] Processing page 39
[2026-02-07 17:36:01] [SESSION 4] Saved 9 bids from page 39
[2026-02-07 17:36:02] [SESSION 4] Processing page 40
[2026-02-07 17:36:03] [SESSION 4] Saved 10 bids from page 40
[2026-02-07 17:36:04] [SESSION 4] Processing page 41
[2026-02-07 17:36:05] [SESSION 4] Saved 10 bids from page 41
[2026-02-07 17:36:06] [SESSION 4] Processing page 42
[2026-02-07 17:36:07] [SESSION 4] Saved 10 bids from page 42
[2026-02-07 17:36:08] [SESSION 4] Processing page 43
[2026-02-07 17:36:09] [SESSION 4] Saved 10 bids from page 43
[2026-02-07 17:36:10] [SESSION 4] Processing page 44
[2026-02-07 17:36:11] [SESSION 4] Saved 8 bids from page 44
[2026-02-07 17:36:12] [SESSION 4] Processing page 45
[2026-02-07 17:36:13] [SESSION 4] Saved 10 bids from page 45
[2026-02-07 17:36:14] [SESSION 4] Processing page 46
[2026-02-07 17:36:15] [SESSION 4] Saved 10 bids from page 46
[2026-02-07 17:36:16] [SESSION 4] Processing page 47
[2026-02-07 17:36:17] [SESSION 4] Saved 9 bids from page 47
[2026-02-07 17:36:18] [SESSION 4] Processing page 48
[2026-02-07 17:36:19] [SESSION 4] Saved 9 bids from page 48
[2026-02-07 17:36:20] [SESSION 4] Processing page 49
[2026-02-07 17:36:21] [SESSION 4] Saved 10 bids from page 49
[2026-02-07 17:36:22] [SESSION 4] Processing page 50
[2026-02-07 17:36:23] [SESSION 4] Saved 10 bids from page 50
[2026-02-07 17:36:24] [SESSION 4] Processing page 51
[2026-02-07 17:36:25] [SESSION 4] Saved 10 bids from page 51
[2026-02-07 17:36:26] [SESSION 4] Processing page 52
[2026-02-07 17:36:27] [SESSION 4] Saved 10 bids from page 52
[2026-02-07 17:36:29] [SESSION 4] Processing page 53
[2026-02-07 17:36:29] [SESSION 4] Saved 7 bids from page 53
[2026-02-07 17:36:30] [SESSION 4] Processing page 54
[2026-02-07 17:36:31] [SESSION 4] Saved 9 bids from page 54
[2026-02-07 17:36:32] [SESSION 4] Processing page 55
[2026-02-07 17:36:33] [SESSION 4] Saved 10 bids from page 55
[2026-02-07 17:36:34] [SESSION 4] Processing page 56
[2026-02-07 17:36:35] [SESSION 4] Saved 10 bids from page 56
[2026-02-07 17:36:37] [SESSION 4] Processing page 57
[2026-02-07 17:36:37] [SESSION 4] Saved 10 bids from page 57
[2026-02-07 17:36:38] [SESSION 4] Processing page 58
[2026-02-07 17:36:39] [SESSION 4] Saved 10 bids from page 58
[2026-02-07 17:36:40] [SESSION 4] Processing page 59
[2026-02-07 17:36:41] [SESSION 4] Saved 10 bids from page 59
[2026-02-07 17:36:42] [SESSION 4] Processing page 60
[2026-02-07 17:36:43] [SESSION 4] Saved 10 bids from page 60
[2026-02-07 17:36:44] [SESSION 4] Processing page 61
[2026-02-07 17:36:44] [SESSION 4] Saved 10 bids from page 61
[2026-02-07 17:36:46] [SESSION 4] Processing page 62
[2026-02-07 17:36:46] [SESSION 4] Saved 10 bids from page 62
[2026-02-07 17:36:48] [SESSION 4] Processing page 63
[2026-02-07 17:36:49] [SESSION 4] Saved 10 bids from page 63
[2026-02-07 17:36:50] [SESSION 4] Processing page 64
[2026-02-07 17:36:51] [SESSION 4] Saved 10 bids from page 64
[2026-02-07 17:36:52] [SESSION 4] Processing page 65
[2026-02-07 17:36:53] [SESSION 4] Saved 9 bids from page 65
[2026-02-07 17:36:54] [SESSION 4] Processing page 66
[2026-02-07 17:36:55] [SESSION 4] Saved 10 bids from page 66
[2026-02-07 17:36:56] [SESSION 4] Processing page 67
[2026-02-07 17:36:57] [SESSION 4] Saved 10 bids from page 67
[2026-02-07 17:36:59] [SESSION 4] Processing page 68
[2026-02-07 17:36:59] [SESSION 4] Saved 9 bids from page 68
[2026-02-07 17:37:01] [SESSION 4] Processing page 69
[2026-02-07 17:37:01] [SESSION 4] Saved 9 bids from page 69
[2026-02-07 17:37:03] [SESSION 4] Processing page 70
[2026-02-07 17:37:03] [SESSION 4] Saved 10 bids from page 70
[2026-02-07 17:37:05] [SESSION 4] Processing page 71
[2026-02-07 17:37:05] [SESSION 4] Saved 9 bids from page 71
[2026-02-07 17:37:06] [SESSION 4] Processing page 72
[2026-02-07 17:37:08] [SESSION 4] Saved 8 bids from page 72
[2026-02-07 17:37:09] [SESSION 4] Processing page 73
[2026-02-07 17:37:10] [SESSION 4] Saved 9 bids from page 73
[2026-02-07 17:37:11] [SESSION 4] Processing page 74
[2026-02-07 17:37:12] [SESSION 4] Saved 10 bids from page 74
[2026-02-07 17:37:13] [SESSION 4] Processing page 75
[2026-02-07 17:37:14] [SESSION 4] Saved 10 bids from page 75
[2026-02-07 17:37:15] [SESSION 4] Processing page 76
[2026-02-07 17:37:16] [SESSION 4] Saved 10 bids from page 76
[2026-02-07 17:37:17] [SESSION 4] Processing page 77
[2026-02-07 17:37:18] [SESSION 4] Saved 10 bids from page 77
[2026-02-07 17:37:19] [SESSION 4] Processing page 78
[2026-02-07 17:37:19] [SESSION 4] Saved 10 bids from page 78
[2026-02-07 17:37:21] [SESSION 4] Processing page 79
[2026-02-07 17:37:21] [SESSION 4] Saved 10 bids from page 79
[2026-02-07 17:37:23] [SESSION 4] Processing page 80
[2026-02-07 17:37:23] [SESSION 4] Saved 10 bids from page 80
[2026-02-07 17:37:25] [SESSION 4] Processing page 81
[2026-02-07 17:37:25] [SESSION 4] Saved 10 bids from page 81
[2026-02-07 17:37:27] [SESSION 4] Processing page 82
[2026-02-07 17:37:27] [SESSION 4] Saved 10 bids from page 82
[2026-02-07 17:37:29] [SESSION 4] Processing page 83
[2026-02-07 17:37:29] [SESSION 4] Saved 10 bids from page 83
[2026-02-07 17:37:31] [SESSION 4] Processing page 84
[2026-02-07 17:37:31] [SESSION 4] Saved 10 bids from page 84
[2026-02-07 17:37:33] [SESSION 4] Processing page 85
[2026-02-07 17:37:33] [SESSION 4] Saved 10 bids from page 85
[2026-02-07 17:37:35] [SESSION 4] Processing page 86
[2026-02-07 17:37:35] [SESSION 4] Saved 8 bids from page 86
[2026-02-07 17:37:37] [SESSION 4] Processing page 87
[2026-02-07 17:37:37] [SESSION 4] Saved 10 bids from page 87
[2026-02-07 17:37:39] [SESSION 4] Processing page 88
[2026-02-07 17:37:39] [SESSION 4] Saved 10 bids from page 88
[2026-02-07 17:37:41] [SESSION 4] Processing page 89
[2026-02-07 17:37:41] [SESSION 4] Saved 10 bids from page 89
[2026-02-07 17:37:43] [SESSION 4] Processing page 90
[2026-02-07 17:37:43] [SESSION 4] Saved 10 bids from page 90
[2026-02-07 17:37:45] [SESSION 4] Processing page 91
[2026-02-07 17:37:45] [SESSION 4] Saved 10 bids from page 91
[2026-02-07 17:37:47] [SESSION 4] Processing page 92
[2026-02-07 17:37:47] [SESSION 4] Saved 10 bids from page 92
[2026-02-07 17:37:49] [SESSION 4] Processing page 93
[2026-02-07 17:37:49] [SESSION 4] Saved 10 bids from page 93
[2026-02-07 17:37:51] [SESSION 4] Processing page 94
[2026-02-07 17:37:51] [SESSION 4] Saved 10 bids from page 94
[2026-02-07 17:37:53] [SESSION 4] Processing page 95
[2026-02-07 17:37:53] [SESSION 4] Saved 10 bids from page 95
[2026-02-07 17:37:55] [SESSION 4] Processing page 96
[2026-02-07 17:37:56] [SESSION 4] Saved 10 bids from page 96
[2026-02-07 17:37:57] [SESSION 4] Processing page 97
[2026-02-07 17:37:58] [SESSION 4] Saved 10 bids from page 97
[2026-02-07 17:37:59] [SESSION 4] Processing page 98
[2026-02-07 17:38:00] [SESSION 4] Saved 10 bids from page 98
[2026-02-07 17:38:01] [SESSION 4] Processing page 99
[2026-02-07 17:38:02] [SESSION 4] Saved 10 bids from page 99
[2026-02-07 17:38:03] [SESSION 4] Processing page 100
[2026-02-07 17:38:04] [SESSION 4] Saved 10 bids from page 100
[2026-02-07 17:38:05] [SESSION 4] Processing page 101
[2026-02-07 17:38:06] [SESSION 4] Saved 10 bids from page 101
[2026-02-07 17:38:07] [SESSION 4] Processing page 102
[2026-02-07 17:38:07] [SESSION 4] Saved 5 bids from page 102
[2026-02-07 17:38:09] [SESSION 4] Processing page 103
[2026-02-07 17:38:10] [SESSION 4] Saved 0 bids from page 103
[2026-02-07 17:38:10] [SESSION 4] Pagination completed safely.
[2026-02-07 17:38:10] [SESSION 4] Session completed: 970 new bids found, 103 pages processed
[2026-02-09 10:53:28] [SESSION 4] Starting scraper - Keyword: 'batter' | Output: gem_all_bids_session4.csv
[2026-02-09 10:53:37] [SESSION 4] Processing page 1
[2026-02-09 10:53:37] [SESSION 4] Saved 10 bids from page 1
[2026-02-09 10:54:39] [SESSION 4] Pagination stalled. Retrying.
[2026-02-09 10:54:39] [SESSION 4] Processing page 2
[2026-02-09 10:54:42] [SESSION 4] Saved 7 bids from page 2
[2026-02-09 10:54:45] [SESSION 4] Processing page 3
[2026-02-09 10:54:47] [SESSION 4] Saved 10 bids from page 3
[2026-02-09 10:54:48] [SESSION 4] Processing page 4
[2026-02-09 10:54:49] [SESSION 4] Saved 8 bids from page 4
[2026-02-09 10:54:52] [SESSION 4] Processing page 5
[2026-02-09 10:54:53] [SESSION 4] Saved 10 bids from page 5
[2026-02-09 10:54:56] [SESSION 4] Processing page 6
[2026-02-09 10:54:57] [SESSION 4] Saved 8 bids from page 6
[2026-02-09 10:54:59] [SESSION 4] Processing page 7
[2026-02-09 10:55:00] [SESSION 4] Saved 10 bids from page 7
[2026-02-09 10:55:04] [SESSION 4] Processing page 8
[2026-02-09 10:55:04] [SESSION 4] Saved 7 bids from page 8
[2026-02-09 10:55:07] [SESSION 4] Processing page 9
[2026-02-09 10:55:08] [SESSION 4] Saved 10 bids from page 9
[2026-02-09 10:55:10] [SESSION 4] Processing page 10
[2026-02-09 10:55:11] [SESSION 4] Saved 10 bids from page 10
[2026-02-09 10:55:14] [SESSION 4] Processing page 11
[2026-02-09 10:55:15] [SESSION 4] Saved 9 bids from page 11
[2026-02-09 10:55:19] [SESSION 4] Processing page 12
[2026-02-09 10:55:19] [SESSION 4] Saved 7 bids from page 12
[2026-02-09 10:55:22] [SESSION 4] Processing page 13
[2026-02-09 10:55:23] [SESSION 4] Saved 10 bids from page 13
[2026-02-09 10:55:26] [SESSION 4] Processing page 14
[2026-02-09 10:55:27] [SESSION 4] Saved 10 bids from page 14
[2026-02-09 10:55:29] [SESSION 4] Processing page 15
[2026-02-09 10:55:30] [SESSION 4] Saved 10 bids from page 15
[2026-02-09 10:55:33] [SESSION 4] Processing page 16
[2026-02-09 10:55:34] [SESSION 4] Saved 10 bids from page 16
[2026-02-09 10:55:36] [SESSION 4] Processing page 17
[2026-02-09 10:55:37] [SESSION 4] Saved 8 bids from page 17
[2026-02-09 10:55:40] [SESSION 4] Processing page 18
[2026-02-09 10:55:41] [SESSION 4] Saved 4 bids from page 18
[2026-02-09 10:55:44] [SESSION 4] Processing page 19
[2026-02-09 10:55:45] [SESSION 4] Saved 9 bids from page 19
[2026-02-09 10:55:48] [SESSION 4] Processing page 20
[2026-02-09 10:55:48] [SESSION 4] Saved 10 bids from page 20
[2026-02-09 10:55:51] [SESSION 4] Processing page 21
[2026-02-09 10:55:51] [SESSION 4] Saved 10 bids from page 21
[2026-02-09 10:55:54] [SESSION 4] Processing page 22
[2026-02-09 10:55:54] [SESSION 4] Saved 10 bids from page 22
[2026-02-09 10:55:57] [SESSION 4] Processing page 23
[2026-02-09 10:55:58] [SESSION 4] Saved 10 bids from page 23
[2026-02-09 10:56:01] [SESSION 4] Processing page 24
[2026-02-09 10:56:01] [SESSION 4] Saved 10 bids from page 24
[2026-02-09 10:56:04] [SESSION 4] Processing page 25
[2026-02-09 10:56:04] [SESSION 4] Saved 10 bids from page 25
[2026-02-09 10:56:07] [SESSION 4] Processing page 26
[2026-02-09 10:56:07] [SESSION 4] Saved 9 bids from page 26
[2026-02-09 10:56:11] [SESSION 4] Processing page 27
[2026-02-09 10:56:11] [SESSION 4] Saved 10 bids from page 27
[2026-02-09 10:56:15] [SESSION 4] Processing page 28
[2026-02-09 10:56:15] [SESSION 4] Saved 7 bids from page 28
[2026-02-09 10:56:19] [SESSION 4] Processing page 29
[2026-02-09 10:56:19] [SESSION 4] Saved 10 bids from page 29
[2026-02-09 10:56:23] [SESSION 4] Processing page 30
[2026-02-09 10:56:24] [SESSION 4] Saved 10 bids from page 30
[2026-02-09 10:56:27] [SESSION 4] Processing page 31
[2026-02-09 10:56:27] [SESSION 4] Saved 10 bids from page 31
[2026-02-09 10:56:31] [SESSION 4] Processing page 32
[2026-02-09 10:56:31] [SESSION 4] Saved 10 bids from page 32
[2026-02-09 10:56:35] [SESSION 4] Processing page 33
[2026-02-09 10:56:35] [SESSION 4] Saved 10 bids from page 33
[2026-02-09 10:56:39] [SESSION 4] Processing page 34
[2026-02-09 10:56:39] [SESSION 4] Saved 10 bids from page 34
[2026-02-09 10:56:43] [SESSION 4] Processing page 35
[2026-02-09 10:56:43] [SESSION 4] Saved 10 bids from page 35
[2026-02-09 10:56:47] [SESSION 4] Processing page 36
[2026-02-09 10:56:49] [SESSION 4] Saved 7 bids from page 36
[2026-02-09 10:56:52] [SESSION 4] Processing page 37
[2026-02-09 10:56:53] [SESSION 4] Saved 10 bids from page 37
[2026-02-09 10:56:56] [SESSION 4] Processing page 38
[2026-02-09 10:56:57] [SESSION 4] Saved 10 bids from page 38
[2026-02-09 10:57:00] [SESSION 4] Processing page 39
[2026-02-09 10:57:00] [SESSION 4] Saved 9 bids from page 39
[2026-02-09 10:57:03] [SESSION 4] Processing page 40
[2026-02-09 10:57:03] [SESSION 4] Saved 9 bids from page 40
[2026-02-09 10:57:06] [SESSION 4] Processing page 41
[2026-02-09 10:57:06] [SESSION 4] Saved 9 bids from page 41
[2026-02-09 10:57:09] [SESSION 4] Processing page 42
[2026-02-09 10:57:09] [SESSION 4] Saved 9 bids from page 42
[2026-02-09 10:57:12] [SESSION 4] Processing page 43
[2026-02-09 10:57:12] [SESSION 4] Saved 9 bids from page 43
[2026-02-09 10:57:16] [SESSION 4] Processing page 44
[2026-02-09 10:57:16] [SESSION 4] Saved 10 bids from page 44
[2026-02-09 10:57:19] [SESSION 4] Processing page 45
[2026-02-09 10:57:19] [SESSION 4] Saved 8 bids from page 45
[2026-02-09 10:57:23] [SESSION 4] Processing page 46
[2026-02-09 10:57:23] [SESSION 4] Saved 10 bids from page 46
[2026-02-09 10:57:27] [SESSION 4] Processing page 47
[2026-02-09 10:57:27] [SESSION 4] Saved 9 bids from page 47
[2026-02-09 10:57:30] [SESSION 4] Processing page 48
[2026-02-09 10:57:30] [SESSION 4] Saved 10 bids from page 48
[2026-02-09 10:57:33] [SESSION 4] Processing page 49
[2026-02-09 10:57:33] [SESSION 4] Saved 9 bids from page 49
[2026-02-09 10:57:36] [SESSION 4] Processing page 50
[2026-02-09 10:57:36] [SESSION 4] Saved 10 bids from page 50
[2026-02-09 10:57:39] [SESSION 4] Processing page 51
[2026-02-09 10:57:39] [SESSION 4] Saved 9 bids from page 51
[2026-02-09 10:57:42] [SESSION 4] Processing page 52
[2026-02-09 10:57:42] [SESSION 4] Saved 10 bids from page 52
[2026-02-09 10:57:45] [SESSION 4] Processing page 53
[2026-02-09 10:57:45] [SESSION 4] Saved 10 bids from page 53
[2026-02-09 10:57:48] [SESSION 4] Processing page 54
[2026-02-09 10:57:48] [SESSION 4] Saved 10 bids from page 54
[2026-02-09 10:57:51] [SESSION 4] Processing page 55
[2026-02-09 10:57:52] [SESSION 4] Saved 9 bids from page 55
[2026-02-09 10:57:55] [SESSION 4] Processing page 56
[2026-02-09 10:57:55] [SESSION 4] Saved 10 bids from page 56
[2026-02-09 10:57:58] [SESSION 4] Processing page 57
[2026-02-09 10:57:58] [SESSION 4] Saved 10 bids from page 57
[2026-02-09 10:58:01] [SESSION 4] Processing page 58
[2026-02-09 10:58:01] [SESSION 4] Saved 10 bids from page 58
[2026-02-09 10:58:04] [SESSION 4] Processing page 59
[2026-02-09 10:58:04] [SESSION 4] Saved 8 bids from page 59
[2026-02-09 10:58:07] [SESSION 4] Processing page 60
[2026-02-09 10:58:07] [SESSION 4] Saved 8 bids from page 60
[2026-02-09 10:58:10] [SESSION 4] Processing page 61
[2026-02-09 10:58:10] [SESSION 4] Saved 10 bids from page 61
[2026-02-09 10:58:13] [SESSION 4] Processing page 62
[2026-02-09 10:58:13] [SESSION 4] Saved 8 bids from page 62
[2026-02-09 10:58:16] [SESSION 4] Processing page 63
[2026-02-09 10:58:16] [SESSION 4] Saved 9 bids from page 63
[2026-02-09 10:58:19] [SESSION 4] Processing page 64
[2026-02-09 10:58:20] [SESSION 4] Saved 7 bids from page 64
[2026-02-09 10:58:23] [SESSION 4] Processing page 65
[2026-02-09 10:58:23] [SESSION 4] Saved 10 bids from page 65
[2026-02-09 10:58:26] [SESSION 4] Processing page 66
[2026-02-09 10:58:27] [SESSION 4] Saved 10 bids from page 66
[2026-02-09 10:58:30] [SESSION 4] Processing page 67
[2026-02-09 10:58:30] [SESSION 4] Saved 10 bids from page 67
[2026-02-09 10:58:33] [SESSION 4] Processing page 68
[2026-02-09 10:58:33] [SESSION 4] Saved 10 bids from page 68
[2026-02-09 10:58:36] [SESSION 4] Processing page 69
[2026-02-09 10:58:37] [SESSION 4] Saved 10 bids from page 69
[2026-02-09 10:58:39] [SESSION 4] Processing page 70
[2026-02-09 10:58:40] [SESSION 4] Saved 10 bids from page 70
[2026-02-09 10:58:42] [SESSION 4] Processing page 71
[2026-02-09 10:58:42] [SESSION 4] Saved 10 bids from page 71
[2026-02-09 10:58:45] [SESSION 4] Processing page 72
[2026-02-09 10:58:46] [SESSION 4] Saved 9 bids from page 72
[2026-02-09 10:58:49] [SESSION 4] Processing page 73
[2026-02-09 10:58:50] [SESSION 4] Saved 10 bids from page 73
[2026-02-09 10:58:52] [SESSION 4] Processing page 74
[2026-02-09 10:58:53] [SESSION 4] Saved 9 bids from page 74
[2026-02-09 10:58:55] [SESSION 4] Processing page 75
[2026-02-09 10:58:55] [SESSION 4] Saved 9 bids from page 75
[2026-02-09 10:58:58] [SESSION 4] Processing page 76
[2026-02-09 10:58:59] [SESSION 4] Saved 10 bids from page 76
[2026-02-09 10:59:02] [SESSION 4] Processing page 77
[2026-02-09 10:59:03] [SESSION 4] Saved 10 bids from page 77
[2026-02-09 10:59:06] [SESSION 4] Processing page 78
[2026-02-09 10:59:07] [SESSION 4] Saved 10 bids from page 78
[2026-02-09 10:59:09] [SESSION 4] Processing page 79
[2026-02-09 10:59:10] [SESSION 4] Saved 10 bids from page 79
[2026-02-09 10:59:13] [SESSION 4] Processing page 80
[2026-02-09 10:59:14] [SESSION 4] Saved 10 bids from page 80
[2026-02-09 10:59:17] [SESSION 4] Processing page 81
[2026-02-09 10:59:18] [SESSION 4] Saved 7 bids from page 81
[2026-02-09 10:59:21] [SESSION 4] Processing page 82
[2026-02-09 10:59:22] [SESSION 4] Saved 10 bids from page 82
[2026-02-09 10:59:25] [SESSION 4] Processing page 83
[2026-02-09 10:59:26] [SESSION 4] Saved 10 bids from page 83
[2026-02-09 10:59:29] [SESSION 4] Processing page 84
[2026-02-09 10:59:30] [SESSION 4] Saved 10 bids from page 84
[2026-02-09 10:59:33] [SESSION 4] Processing page 85
[2026-02-09 10:59:34] [SESSION 4] Saved 10 bids from page 85
[2026-02-09 10:59:36] [SESSION 4] Processing page 86
[2026-02-09 10:59:37] [SESSION 4] Saved 10 bids from page 86
[2026-02-09 10:59:40] [SESSION 4] Processing page 87
[2026-02-09 10:59:41] [SESSION 4] Saved 10 bids from page 87
[2026-02-09 10:59:43] [SESSION 4] Processing page 88
[2026-02-09 10:59:44] [SESSION 4] Saved 10 bids from page 88
[2026-02-09 10:59:46] [SESSION 4] Processing page 89
[2026-02-09 10:59:47] [SESSION 4] Saved 10 bids from page 89
[2026-02-09 10:59:50] [SESSION 4] Processing page 90
[2026-02-09 10:59:51] [SESSION 4] Saved 10 bids from page 90
[2026-02-09 10:59:53] [SESSION 4] Processing page 91
[2026-02-09 10:59:54] [SESSION 4] Saved 10 bids from page 91
[2026-02-09 10:59:56] [SESSION 4] Processing page 92
[2026-02-09 10:59:57] [SESSION 4] Saved 9 bids from page 92
[2026-02-09 10:59:59] [SESSION 4] Processing page 93
[2026-02-09 11:00:00] [SESSION 4] Saved 9 bids from page 93
[2026-02-09 11:00:02] [SESSION 4] Processing page 94
[2026-02-09 11:00:03] [SESSION 4] Saved 10 bids from page 94
[2026-02-09 11:00:05] [SESSION 4] Processing page 95
[2026-02-09 11:00:06] [SESSION 4] Saved 9 bids from page 95
[2026-02-09 11:00:09] [SESSION 4] Processing page 96
[2026-02-09 11:00:10] [SESSION 4] Saved 10 bids from page 96
[2026-02-09 11:00:13] [SESSION 4] Processing page 97
[2026-02-09 11:00:15] [SESSION 4] Saved 10 bids from page 97
[2026-02-09 11:00:18] [SESSION 4] Processing page 98
[2026-02-09 11:00:19] [SESSION 4] Saved 10 bids from page 98
[2026-02-09 11:00:21] [SESSION 4] Processing page 99
[2026-02-09 11:00:22] [SESSION 4] Saved 10 bids from page 99
[2026-02-09 11:00:25] [SESSION 4] Processing page 100
[2026-02-09 11:00:25] [SESSION 4] Saved 10 bids from page 100
[2026-02-09 11:00:28] [SESSION 4] Processing page 101
[2026-02-09 11:00:29] [SESSION 4] Saved 10 bids from page 101
[2026-02-09 11:00:31] [SESSION 4] Processing page 102
[2026-02-09 11:00:32] [SESSION 4] Saved 7 bids from page 102
[2026-02-09 11:00:34] [SESSION 4] Processing page 103
[2026-02-09 11:00:34] [SESSION 4] Saved 0 bids from page 103
[2026-02-09 11:00:34] [SESSION 4] Pagination completed safely.
[2026-02-09 11:00:35] [SESSION 4] Session completed: 104 new bids found, 103 pages processed
[2026-02-09 14:56:48] [SESSION 4] Starting scraper - Keyword: 'batter' | Output: gem_all_bids_session4.csv
[2026-02-09 14:56:57] [SESSION 4] Processing page 1
[2026-02-09 14:56:57] [SESSION 4] Saved 10 bids from page 1
[2026-02-09 14:56:59] [SESSION 4] Processing page 2
[2026-02-09 14:57:01] [SESSION 4] Saved 10 bids from page 2
[2026-02-09 14:57:03] [SESSION 4] Processing page 3
[2026-02-09 14:57:04] [SESSION 4] Saved 7 bids from page 3
[2026-02-09 14:57:05] [SESSION 4] Processing page 4
[2026-02-09 14:57:06] [SESSION 4] Saved 10 bids from page 4
[2026-02-09 14:57:07] [SESSION 4] Processing page 5
[2026-02-09 14:57:08] [SESSION 4] Saved 10 bids from page 5
[2026-02-09 14:57:10] [SESSION 4] Processing page 6
[2026-02-09 14:57:10] [SESSION 4] Saved 10 bids from page 6
[2026-02-09 14:57:12] [SESSION 4] Processing page 7
[2026-02-09 14:57:12] [SESSION 4] Saved 7 bids from page 7
[2026-02-09 14:57:14] [SESSION 4] Processing page 8
[2026-02-09 14:57:14] [SESSION 4] Saved 9 bids from page 8
[2026-02-09 14:57:16] [SESSION 4] Processing page 9
[2026-02-09 14:57:16] [SESSION 4] Saved 10 bids from page 9
[2026-02-09 14:57:18] [SESSION 4] Processing page 10
[2026-02-09 14:57:18] [SESSION 4] Saved 10 bids from page 10
[2026-02-09 14:57:20] [SESSION 4] Processing page 11
[2026-02-09 14:57:20] [SESSION 4] Saved 5 bids from page 11
[2026-02-09 14:57:22] [SESSION 4] Processing page 12
[2026-02-09 14:57:22] [SESSION 4] Saved 10 bids from page 12
[2026-02-09 14:57:24] [SESSION 4] Processing page 13
[2026-02-09 14:57:25] [SESSION 4] Saved 10 bids from page 13
[2026-02-09 14:57:27] [SESSION 4] Processing page 14
[2026-02-09 14:57:27] [SESSION 4] Saved 10 bids from page 14
[2026-02-09 14:57:28] [SESSION 4] Processing page 15
[2026-02-09 14:57:29] [SESSION 4] Saved 10 bids from page 15
[2026-02-09 14:57:31] [SESSION 4] Processing page 16
[2026-02-09 14:57:31] [SESSION 4] Saved 10 bids from page 16
[2026-02-09 14:57:33] [SESSION 4] Processing page 17
[2026-02-09 14:57:33] [SESSION 4] Saved 9 bids from page 17
[2026-02-09 14:57:35] [SESSION 4] Processing page 18
[2026-02-09 14:57:35] [SESSION 4] Saved 10 bids from page 18
[2026-02-09 14:57:37] [SESSION 4] Processing page 19
[2026-02-09 14:57:38] [SESSION 4] Saved 10 bids from page 19
[2026-02-09 14:57:39] [SESSION 4] Processing page 20
[2026-02-09 14:57:39] [SESSION 4] Saved 9 bids from page 20
[2026-02-09 14:57:41] [SESSION 4] Processing page 21
[2026-02-09 14:57:41] [SESSION 4] Saved 10 bids from page 21
[2026-02-09 14:57:43] [SESSION 4] Processing page 22
[2026-02-09 14:57:43] [SESSION 4] Saved 9 bids from page 22
[2026-02-09 14:57:45] [SESSION 4] Processing page 23
[2026-02-09 14:57:46] [SESSION 4] Saved 9 bids from page 23
[2026-02-09 14:57:47] [SESSION 4] Processing page 24
[2026-02-09 14:57:48] [SESSION 4] Saved 10 bids from page 24
[2026-02-09 14:57:49] [SESSION 4] Processing page 25
[2026-02-09 14:57:50] [SESSION 4] Saved 10 bids from page 25
[2026-02-09 14:57:51] [SESSION 4] Processing page 26
[2026-02-09 14:57:52] [SESSION 4] Saved 10 bids from page 26
[2026-02-09 14:57:53] [SESSION 4] Processing page 27
[2026-02-09 14:57:54] [SESSION 4] Saved 9 bids from page 27
[2026-02-09 14:57:55] [SESSION 4] Processing page 28
[2026-02-09 14:57:56] [SESSION 4] Saved 10 bids from page 28
[2026-02-09 14:57:57] [SESSION 4] Processing page 29
[2026-02-09 14:57:58] [SESSION 4] Saved 10 bids from page 29
[2026-02-09 14:58:00] [SESSION 4] Processing page 30
[2026-02-09 14:58:00] [SESSION 4] Saved 10 bids from page 30
[2026-02-09 14:58:02] [SESSION 4] Processing page 31
[2026-02-09 14:58:02] [SESSION 4] Saved 8 bids from page 31
[2026-02-09 14:58:04] [SESSION 4] Processing page 32
[2026-02-09 14:58:04] [SESSION 4] Saved 10 bids from page 32
[2026-02-09 14:58:06] [SESSION 4] Processing page 33
[2026-02-09 14:58:07] [SESSION 4] Saved 10 bids from page 33
[2026-02-09 14:58:08] [SESSION 4] Processing page 34
[2026-02-09 14:58:09] [SESSION 4] Saved 9 bids from page 34
[2026-02-09 14:58:11] [SESSION 4] Processing page 35
[2026-02-09 14:58:11] [SESSION 4] Saved 10 bids from page 35
[2026-02-09 14:58:13] [SESSION 4] Processing page 36
[2026-02-09 14:58:13] [SESSION 4] Saved 10 bids from page 36
[2026-02-09 14:58:15] [SESSION 4] Processing page 37
[2026-02-09 14:58:15] [SESSION 4] Saved 9 bids from page 37
[2026-02-09 14:58:17] [SESSION 4] Processing page 38
[2026-02-09 14:58:18] [SESSION 4] Saved 10 bids from page 38
[2026-02-09 14:58:19] [SESSION 4] Processing page 39
[2026-02-09 14:58:20] [SESSION 4] Saved 10 bids from page 39
[2026-02-09 14:58:21] [SESSION 4] Processing page 40
[2026-02-09 14:58:22] [SESSION 4] Saved 10 bids from page 40
[2026-02-09 14:58:23] [SESSION 4] Processing page 41
[2026-02-09 14:58:24] [SESSION 4] Saved 10 bids from page 41
[2026-02-09 14:58:25] [SESSION 4] Processing page 42
[2026-02-09 14:58:26] [SESSION 4] Saved 10 bids from page 42
[2026-02-09 14:58:27] [SESSION 4] Processing page 43
[2026-02-09 14:58:28] [SESSION 4] Saved 9 bids from page 43
[2026-02-09 14:58:29] [SESSION 4] Processing page 44
[2026-02-09 14:58:30] [SESSION 4] Saved 9 bids from page 44
[2026-02-09 14:58:31] [SESSION 4] Processing page 45
[2026-02-09 14:58:32] [SESSION 4] Saved 10 bids from page 45
[2026-02-09 14:58:33] [SESSION 4] Processing page 46
[2026-02-09 14:58:34] [SESSION 4] Saved 9 bids from page 46
[2026-02-09 14:58:35] [SESSION 4] Processing page 47
[2026-02-09 14:58:36] [SESSION 4] Saved 10 bids from page 47
[2026-02-09 14:58:38] [SESSION 4] Processing page 48
[2026-02-09 14:58:38] [SESSION 4] Saved 9 bids from page 48
[2026-02-09 14:58:40] [SESSION 4] Processing page 49
[2026-02-09 14:58:40] [SESSION 4] Saved 10 bids from page 49
[2026-02-09 14:58:42] [SESSION 4] Processing page 50
[2026-02-09 14:58:42] [SESSION 4] Saved 9 bids from page 50
[2026-02-09 14:58:44] [SESSION 4] Processing page 51
[2026-02-09 14:58:44] [SESSION 4] Saved 9 bids from page 51
[2026-02-09 14:58:46] [SESSION 4] Processing page 52
[2026-02-09 14:58:46] [SESSION 4] Saved 10 bids from page 52
[2026-02-09 14:58:48] [SESSION 4] Processing page 53
[2026-02-09 14:58:48] [SESSION 4] Saved 10 bids from page 53
[2026-02-09 14:58:50] [SESSION 4] Processing page 54
[2026-02-09 14:58:50] [SESSION 4] Saved 10 bids from page 54
[2026-02-09 14:58:52] [SESSION 4] Processing page 55
[2026-02-09 14:58:52] [SESSION 4] Saved 10 bids from page 55
[2026-02-09 14:58:54] [SESSION 4] Processing page 56
[2026-02-09 14:58:54] [SESSION 4] Saved 10 bids from page 56
[2026-02-09 14:58:56] [SESSION 4] Processing page 57
[2026-02-09 14:58:56] [SESSION 4] Saved 8 bids from page 57
[2026-02-09 14:58:58] [SESSION 4] Processing page 58
[2026-02-09 14:58:58] [SESSION 4] Saved 10 bids from page 58
[2026-02-09 14:59:00] [SESSION 4] Processing page 59
[2026-02-09 14:59:00] [SESSION 4] Saved 8 bids from page 59
[2026-02-09 14:59:02] [SESSION 4] Processing page 60
[2026-02-09 14:59:02] [SESSION 4] Saved 10 bids from page 60
[2026-02-09 14:59:04] [SESSION 4] Processing page 61
[2026-02-09 14:59:04] [SESSION 4] Saved 9 bids from page 61
[2026-02-09 14:59:06] [SESSION 4] Processing page 62
[2026-02-09 14:59:07] [SESSION 4] Saved 10 bids from page 62
[2026-02-09 14:59:08] [SESSION 4] Processing page 63
[2026-02-09 14:59:09] [SESSION 4] Saved 10 bids from page 63
[2026-02-09 14:59:10] [SESSION 4] Processing page 64
[2026-02-09 14:59:11] [SESSION 4] Saved 10 bids from page 64
[2026-02-09 14:59:12] [SESSION 4] Processing page 65
[2026-02-09 14:59:13] [SESSION 4] Saved 10 bids from page 65
[2026-02-09 14:59:14] [SESSION 4] Processing page 66
[2026-02-09 14:59:15] [SESSION 4] Saved 7 bids from page 66
[2026-02-09 14:59:16] [SESSION 4] Processing page 67
[2026-02-09 14:59:17] [SESSION 4] Saved 10 bids from page 67
[2026-02-09 14:59:18] [SESSION 4] Processing page 68
[2026-02-09 14:59:19] [SESSION 4] Saved 10 bids from page 68
[2026-02-09 14:59:20] [SESSION 4] Processing page 69
[2026-02-09 14:59:21] [SESSION 4] Saved 10 bids from page 69
[2026-02-09 14:59:22] [SESSION 4] Processing page 70
[2026-02-09 14:59:23] [SESSION 4] Saved 10 bids from page 70
[2026-02-09 14:59:24] [SESSION 4] Processing page 71
[2026-02-09 14:59:25] [SESSION 4] Saved 10 bids from page 71
[2026-02-09 14:59:26] [SESSION 4] Processing page 72
[2026-02-09 14:59:27] [SESSION 4] Saved 10 bids from page 72
[2026-02-09 14:59:28] [SESSION 4] Processing page 73
[2026-02-09 14:59:29] [SESSION 4] Saved 9 bids from page 73
[2026-02-09 14:59:30] [SESSION 4] Processing page 74
[2026-02-09 14:59:31] [SESSION 4] Saved 10 bids from page 74
[2026-02-09 14:59:32] [SESSION 4] Processing page 75
[2026-02-09 14:59:33] [SESSION 4] Saved 10 bids from page 75
[2026-02-09 14:59:35] [SESSION 4] Processing page 76
[2026-02-09 14:59:35] [SESSION 4] Saved 10 bids from page 76
[2026-02-09 14:59:36] [SESSION 4] Processing page 77
[2026-02-09 14:59:37] [SESSION 4] Saved 10 bids from page 77
[2026-02-09 14:59:38] [SESSION 4] Processing page 78
[2026-02-09 14:59:39] [SESSION 4] Saved 10 bids from page 78
[2026-02-09 14:59:40] [SESSION 4] Processing page 79
[2026-02-09 14:59:41] [SESSION 4] Saved 9 bids from page 79
[2026-02-09 14:59:42] [SESSION 4] Processing page 80
[2026-02-09 14:59:43] [SESSION 4] Saved 10 bids from page 80
[2026-02-09 14:59:44] [SESSION 4] Processing page 81
[2026-02-09 14:59:45] [SESSION 4] Saved 10 bids from page 81
[2026-02-09 14:59:46] [SESSION 4] Processing page 82
[2026-02-09 14:59:47] [SESSION 4] Saved 9 bids from page 82
[2026-02-09 14:59:48] [SESSION 4] Processing page 83
[2026-02-09 14:59:49] [SESSION 4] Saved 10 bids from page 83
[2026-02-09 14:59:50] [SESSION 4] Processing page 84
[2026-02-09 14:59:51] [SESSION 4] Saved 10 bids from page 84
[2026-02-09 14:59:53] [SESSION 4] Processing page 85
[2026-02-09 14:59:54] [SESSION 4] Saved 10 bids from page 85
[2026-02-09 14:59:55] [SESSION 4] Processing page 86
[2026-02-09 14:59:56] [SESSION 4] Saved 10 bids from page 86
[2026-02-09 14:59:57] [SESSION 4] Processing page 87
[2026-02-09 14:59:58] [SESSION 4] Saved 10 bids from page 87
[2026-02-09 15:00:00] [SESSION 4] Processing page 88
[2026-02-09 15:00:00] [SESSION 4] Saved 10 bids from page 88
[2026-02-09 15:00:02] [SESSION 4] Processing page 89
[2026-02-09 15:00:02] [SESSION 4] Saved 9 bids from page 89
[2026-02-09 15:00:04] [SESSION 4] Processing page 90
[2026-02-09 15:00:04] [SESSION 4] Saved 9 bids from page 90
[2026-02-09 15:00:07] [SESSION 4] Processing page 91
[2026-02-09 15:00:07] [SESSION 4] Saved 10 bids from page 91
[2026-02-09 15:00:09] [SESSION 4] Processing page 92
[2026-02-09 15:00:09] [SESSION 4] Saved 10 bids from page 92
[2026-02-09 15:00:11] [SESSION 4] Processing page 93
[2026-02-09 15:00:11] [SESSION 4] Saved 9 bids from page 93
[2026-02-09 15:00:13] [SESSION 4] Processing page 94
[2026-02-09 15:00:13] [SESSION 4] Saved 10 bids from page 94
[2026-02-09 15:00:15] [SESSION 4] Processing page 95
[2026-02-09 15:00:16] [SESSION 4] Saved 10 bids from page 95
[2026-02-09 15:00:18] [SESSION 4] Processing page 96
[2026-02-09 15:00:19] [SESSION 4] Saved 10 bids from page 96
[2026-02-09 15:00:21] [SESSION 4] Processing page 97
[2026-02-09 15:00:26] [SESSION 4] Saved 10 bids from page 97
[2026-02-09 15:00:28] [SESSION 4] Processing page 98
[2026-02-09 15:00:29] [SESSION 4] Saved 10 bids from page 98
[2026-02-09 15:00:30] [SESSION 4] Processing page 99
[2026-02-09 15:00:32] [SESSION 4] Saved 10 bids from page 99
[2026-02-09 15:00:34] [SESSION 4] Processing page 100
[2026-02-09 15:00:41] [SESSION 4] Saved 9 bids from page 100
[2026-02-09 15:00:44] [SESSION 4] Processing page 101
[2026-02-09 15:00:45] [SESSION 4] Saved 1 bids from page 101
[2026-02-09 15:00:48] [SESSION 4] Processing page 102
[2026-02-09 15:00:49] [SESSION 4] Saved 0 bids from page 102
[2026-02-09 15:00:49] [SESSION 4] Pagination completed safely.
[2026-02-09 15:01:02] [SESSION 4] Session completed: 46 new bids found, 102 pages processed
[2026-02-10 12:51:11] [SESSION 4] Starting scraper - Keyword: 'batter' | Output: gem_all_bids_session4.csv
[2026-02-10 12:51:21] [SESSION 4] Processing page 1
[2026-02-10 12:51:22] [SESSION 4] Saved 10 bids from page 1
[2026-02-10 12:51:23] [SESSION 4] Processing page 2
[2026-02-10 12:51:24] [SESSION 4] Saved 10 bids from page 2
[2026-02-10 12:51:26] [SESSION 4] Processing page 3
[2026-02-10 12:51:26] [SESSION 4] Saved 8 bids from page 3
[2026-02-10 12:51:28] [SESSION 4] Processing page 4
[2026-02-10 12:51:29] [SESSION 4] Saved 10 bids from page 4
[2026-02-10 12:51:30] [SESSION 4] Processing page 5
[2026-02-10 12:51:31] [SESSION 4] Saved 10 bids from page 5
[2026-02-10 12:51:32] [SESSION 4] Processing page 6
[2026-02-10 12:51:33] [SESSION 4] Saved 8 bids from page 6
[2026-02-10 12:51:34] [SESSION 4] Processing page 7
[2026-02-10 12:51:35] [SESSION 4] Saved 10 bids from page 7
[2026-02-10 12:51:37] [SESSION 4] Processing page 8
[2026-02-10 12:51:37] [SESSION 4] Saved 9 bids from page 8
[2026-02-10 12:51:39] [SESSION 4] Processing page 9
[2026-02-10 12:51:39] [SESSION 4] Saved 10 bids from page 9
[2026-02-10 12:51:41] [SESSION 4] Processing page 10
[2026-02-10 12:51:41] [SESSION 4] Saved 10 bids from page 10
[2026-02-10 12:51:43] [SESSION 4] Processing page 11
[2026-02-10 12:51:43] [SESSION 4] Saved 10 bids from page 11
[2026-02-10 12:51:45] [SESSION 4] Processing page 12
[2026-02-10 12:51:46] [SESSION 4] Saved 9 bids from page 12
[2026-02-10 12:51:47] [SESSION 4] Processing page 13
[2026-02-10 12:51:48] [SESSION 4] Saved 9 bids from page 13
[2026-02-10 12:51:49] [SESSION 4] Processing page 14
[2026-02-10 12:51:50] [SESSION 4] Saved 10 bids from page 14
[2026-02-10 12:51:51] [SESSION 4] Processing page 15
[2026-02-10 12:51:52] [SESSION 4] Saved 9 bids from page 15
[2026-02-10 12:51:53] [SESSION 4] Processing page 16
[2026-02-10 12:51:54] [SESSION 4] Saved 10 bids from page 16
[2026-02-10 12:51:55] [SESSION 4] Processing page 17
[2026-02-10 12:51:56] [SESSION 4] Saved 10 bids from page 17
[2026-02-10 12:51:57] [SESSION 4] Processing page 18
[2026-02-10 12:51:58] [SESSION 4] Saved 10 bids from page 18
[2026-02-10 12:51:59] [SESSION 4] Processing page 19
[2026-02-10 12:52:00] [SESSION 4] Saved 9 bids from page 19
[2026-02-10 12:52:02] [SESSION 4] Processing page 20
[2026-02-10 12:52:02] [SESSION 4] Saved 10 bids from page 20
[2026-02-10 12:52:04] [SESSION 4] Processing page 21
[2026-02-10 12:52:04] [SESSION 4] Saved 8 bids from page 21
[2026-02-10 12:52:06] [SESSION 4] Processing page 22
[2026-02-10 12:52:07] [SESSION 4] Saved 10 bids from page 22
[2026-02-10 12:52:08] [SESSION 4] Processing page 23
[2026-02-10 12:52:09] [SESSION 4] Saved 9 bids from page 23
[2026-02-10 12:52:10] [SESSION 4] Processing page 24
[2026-02-10 12:52:11] [SESSION 4] Saved 10 bids from page 24
[2026-02-10 12:52:13] [SESSION 4] Processing page 25
[2026-02-10 12:52:13] [SESSION 4] Saved 9 bids from page 25
[2026-02-10 12:52:15] [SESSION 4] Processing page 26
[2026-02-10 12:52:16] [SESSION 4] Saved 10 bids from page 26
[2026-02-10 12:52:17] [SESSION 4] Processing page 27
[2026-02-10 12:52:18] [SESSION 4] Saved 9 bids from page 27
[2026-02-10 12:52:19] [SESSION 4] Processing page 28
[2026-02-10 12:52:20] [SESSION 4] Saved 10 bids from page 28
[2026-02-10 12:52:21] [SESSION 4] Processing page 29
[2026-02-10 12:52:22] [SESSION 4] Saved 9 bids from page 29
[2026-02-10 12:52:24] [SESSION 4] Processing page 30
[2026-02-10 12:52:24] [SESSION 4] Saved 10 bids from page 30
[2026-02-10 12:52:26] [SESSION 4] Processing page 31
[2026-02-10 12:52:26] [SESSION 4] Saved 9 bids from page 31
[2026-02-10 12:52:28] [SESSION 4] Processing page 32
[2026-02-10 12:52:28] [SESSION 4] Saved 8 bids from page 32
[2026-02-10 12:52:30] [SESSION 4] Processing page 33
[2026-02-10 12:52:31] [SESSION 4] Saved 9 bids from page 33
[2026-02-10 12:52:32] [SESSION 4] Processing page 34
[2026-02-10 12:52:33] [SESSION 4] Saved 10 bids from page 34
[2026-02-10 12:52:35] [SESSION 4] Processing page 35
[2026-02-10 12:52:35] [SESSION 4] Saved 10 bids from page 35
[2026-02-10 12:52:37] [SESSION 4] Processing page 36
[2026-02-10 12:52:37] [SESSION 4] Saved 10 bids from page 36
[2026-02-10 12:52:39] [SESSION 4] Processing page 37
[2026-02-10 12:52:40] [SESSION 4] Saved 10 bids from page 37
[2026-02-10 12:52:41] [SESSION 4] Processing page 38
[2026-02-10 12:52:42] [SESSION 4] Saved 10 bids from page 38
[2026-02-10 12:52:43] [SESSION 4] Processing page 39
[2026-02-10 12:52:44] [SESSION 4] Saved 10 bids from page 39
[2026-02-10 12:52:45] [SESSION 4] Processing page 40
[2026-02-10 12:52:45] [SESSION 4] Saved 10 bids from page 40
[2026-02-10 12:52:47] [SESSION 4] Processing page 41
[2026-02-10 12:52:48] [SESSION 4] Saved 9 bids from page 41
[2026-02-10 12:52:49] [SESSION 4] Processing page 42
[2026-02-10 12:52:50] [SESSION 4] Saved 10 bids from page 42
[2026-02-10 12:52:51] [SESSION 4] Processing page 43
[2026-02-10 12:52:52] [SESSION 4] Saved 10 bids from page 43
[2026-02-10 12:52:53] [SESSION 4] Processing page 44
[2026-02-10 12:52:54] [SESSION 4] Saved 10 bids from page 44
[2026-02-10 12:52:56] [SESSION 4] Processing page 45
[2026-02-10 12:52:56] [SESSION 4] Saved 9 bids from page 45
[2026-02-10 12:52:58] [SESSION 4] Processing page 46
[2026-02-10 12:52:58] [SESSION 4] Saved 10 bids from page 46
[2026-02-10 12:53:00] [SESSION 4] Processing page 47
[2026-02-10 12:53:01] [SESSION 4] Saved 10 bids from page 47
[2026-02-10 12:53:03] [SESSION 4] Processing page 48
[2026-02-10 12:53:03] [SESSION 4] Saved 10 bids from page 48
[2026-02-10 12:53:05] [SESSION 4] Processing page 49
[2026-02-10 12:53:06] [SESSION 4] Saved 7 bids from page 49
[2026-02-10 12:53:07] [SESSION 4] Processing page 50
[2026-02-10 12:53:08] [SESSION 4] Saved 6 bids from page 50
[2026-02-10 12:53:10] [SESSION 4] Processing page 51
[2026-02-10 12:53:10] [SESSION 4] Saved 10 bids from page 51
[2026-02-10 12:53:12] [SESSION 4] Processing page 52
[2026-02-10 12:53:12] [SESSION 4] Saved 9 bids from page 52
[2026-02-10 12:53:14] [SESSION 4] Processing page 53
[2026-02-10 12:53:14] [SESSION 4] Saved 9 bids from page 53
[2026-02-10 12:53:15] [SESSION 4] Processing page 54
[2026-02-10 12:53:16] [SESSION 4] Saved 7 bids from page 54
[2026-02-10 12:53:17] [SESSION 4] Processing page 55
[2026-02-10 12:53:18] [SESSION 4] Saved 10 bids from page 55
[2026-02-10 12:53:19] [SESSION 4] Processing page 56
[2026-02-10 12:53:20] [SESSION 4] Saved 9 bids from page 56
[2026-02-10 12:53:21] [SESSION 4] Processing page 57
[2026-02-10 12:53:22] [SESSION 4] Saved 3 bids from page 57
[2026-02-10 12:53:23] [SESSION 4] Processing page 58
[2026-02-10 12:53:24] [SESSION 4] Saved 10 bids from page 58
[2026-02-10 12:53:25] [SESSION 4] Processing page 59
[2026-02-10 12:53:26] [SESSION 4] Saved 10 bids from page 59
[2026-02-10 12:53:27] [SESSION 4] Processing page 60
[2026-02-10 12:53:28] [SESSION 4] Saved 9 bids from page 60
[2026-02-10 12:53:29] [SESSION 4] Processing page 61
[2026-02-10 12:53:30] [SESSION 4] Saved 10 bids from page 61
[2026-02-10 12:53:31] [SESSION 4] Processing page 62
[2026-02-10 12:53:32] [SESSION 4] Saved 10 bids from page 62
[2026-02-10 12:53:33] [SESSION 4] Processing page 63
[2026-02-10 12:53:34] [SESSION 4] Saved 10 bids from page 63
[2026-02-10 12:53:35] [SESSION 4] Processing page 64
[2026-02-10 12:53:36] [SESSION 4] Saved 10 bids from page 64
[2026-02-10 12:53:37] [SESSION 4] Processing page 65
[2026-02-10 12:53:38] [SESSION 4] Saved 10 bids from page 65
[2026-02-10 12:53:39] [SESSION 4] Processing page 66
[2026-02-10 12:53:40] [SESSION 4] Saved 9 bids from page 66
[2026-02-10 12:53:41] [SESSION 4] Processing page 67
[2026-02-10 12:53:42] [SESSION 4] Saved 10 bids from page 67
[2026-02-10 12:53:43] [SESSION 4] Processing page 68
[2026-02-10 12:53:44] [SESSION 4] Saved 9 bids from page 68
[2026-02-10 12:53:45] [SESSION 4] Processing page 69
[2026-02-10 12:53:46] [SESSION 4] Saved 10 bids from page 69
[2026-02-10 12:53:48] [SESSION 4] Processing page 70
[2026-02-10 12:53:48] [SESSION 4] Saved 10 bids from page 70
[2026-02-10 12:53:50] [SESSION 4] Processing page 71
[2026-02-10 12:53:50] [SESSION 4] Saved 9 bids from page 71
[2026-02-10 12:53:52] [SESSION 4] Processing page 72
[2026-02-10 12:53:53] [SESSION 4] Saved 10 bids from page 72
[2026-02-10 12:53:54] [SESSION 4] Processing page 73
[2026-02-10 12:53:55] [SESSION 4] Saved 9 bids from page 73
[2026-02-10 12:53:57] [SESSION 4] Processing page 74
[2026-02-10 12:53:57] [SESSION 4] Saved 10 bids from page 74
[2026-02-10 12:53:59] [SESSION 4] Processing page 75
[2026-02-10 12:53:59] [SESSION 4] Saved 9 bids from page 75
[2026-02-10 12:54:01] [SESSION 4] Processing page 76
[2026-02-10 12:54:01] [SESSION 4] Saved 10 bids from page 76
[2026-02-10 12:54:03] [SESSION 4] Processing page 77
[2026-02-10 12:54:03] [SESSION 4] Saved 8 bids from page 77
[2026-02-10 12:54:05] [SESSION 4] Processing page 78
[2026-02-10 12:54:06] [SESSION 4] Saved 10 bids from page 78
[2026-02-10 12:54:07] [SESSION 4] Processing page 79
[2026-02-10 12:54:08] [SESSION 4] Saved 10 bids from page 79
[2026-02-10 12:54:09] [SESSION 4] Processing page 80
[2026-02-10 12:54:10] [SESSION 4] Saved 10 bids from page 80
[2026-02-10 12:54:12] [SESSION 4] Processing page 81
[2026-02-10 12:54:12] [SESSION 4] Saved 9 bids from page 81
[2026-02-10 12:54:14] [SESSION 4] Processing page 82
[2026-02-10 12:54:14] [SESSION 4] Saved 10 bids from page 82
[2026-02-10 12:54:16] [SESSION 4] Processing page 83
[2026-02-10 12:54:16] [SESSION 4] Saved 10 bids from page 83
[2026-02-10 12:54:18] [SESSION 4] Processing page 84
[2026-02-10 12:54:19] [SESSION 4] Saved 10 bids from page 84
[2026-02-10 12:54:21] [SESSION 4] Processing page 85
[2026-02-10 12:54:22] [SESSION 4] Saved 10 bids from page 85
[2026-02-10 12:54:24] [SESSION 4] Processing page 86
[2026-02-10 12:54:25] [SESSION 4] Saved 9 bids from page 86
[2026-02-10 12:54:27] [SESSION 4] Processing page 87
[2026-02-10 12:54:28] [SESSION 4] Saved 10 bids from page 87
[2026-02-10 12:54:30] [SESSION 4] Processing page 88
[2026-02-10 12:54:31] [SESSION 4] Saved 10 bids from page 88
[2026-02-10 12:54:33] [SESSION 4] Processing page 89
[2026-02-10 12:54:33] [SESSION 4] Saved 10 bids from page 89
[2026-02-10 12:54:35] [SESSION 4] Processing page 90
[2026-02-10 12:54:35] [SESSION 4] Saved 10 bids from page 90
[2026-02-10 12:54:37] [SESSION 4] Processing page 91
[2026-02-10 12:54:38] [SESSION 4] Saved 10 bids from page 91
[2026-02-10 12:54:40] [SESSION 4] Processing page 92
[2026-02-10 12:54:41] [SESSION 4] Saved 10 bids from page 92
[2026-02-10 12:54:43] [SESSION 4] Processing page 93
[2026-02-10 12:54:44] [SESSION 4] Saved 10 bids from page 93
[2026-02-10 12:54:46] [SESSION 4] Processing page 94
[2026-02-10 12:54:47] [SESSION 4] Saved 9 bids from page 94
[2026-02-10 12:54:49] [SESSION 4] Processing page 95
[2026-02-10 12:54:50] [SESSION 4] Saved 10 bids from page 95
[2026-02-10 12:54:51] [SESSION 4] Processing page 96
[2026-02-10 12:54:52] [SESSION 4] Saved 10 bids from page 96
[2026-02-10 12:54:54] [SESSION 4] Processing page 97
[2026-02-10 12:54:56] [SESSION 4] Saved 10 bids from page 97
[2026-02-10 12:54:57] [SESSION 4] Processing page 98
[2026-02-10 12:54:58] [SESSION 4] Saved 10 bids from page 98
[2026-02-10 12:55:00] [SESSION 4] Processing page 99
[2026-02-10 12:55:00] [SESSION 4] Saved 10 bids from page 99
[2026-02-10 12:55:02] [SESSION 4] Processing page 100
[2026-02-10 12:55:02] [SESSION 4] Saved 9 bids from page 100
[2026-02-10 12:55:04] [SESSION 4] Processing page 101
[2026-02-10 12:55:04] [SESSION 4] Saved 0 bids from page 101
[2026-02-10 12:55:04] [SESSION 4] Pagination completed safely.
[2026-02-10 12:55:05] [SESSION 4] Session completed: 86 new bids found, 101 pages processed
[2026-02-10 18:27:46] [SESSION 4] Starting scraper - Keyword: 'batter' | Output: gem_all_bids_session4.csv
[2026-02-10 18:27:54] [SESSION 4] Processing page 1
[2026-02-10 18:27:55] [SESSION 4] Saved 10 bids from page 1
[2026-02-10 18:27:56] [SESSION 4] Processing page 2
[2026-02-10 18:27:57] [SESSION 4] Saved 7 bids from page 2
[2026-02-10 18:27:58] [SESSION 4] Processing page 3
[2026-02-10 18:27:59] [SESSION 4] Saved 9 bids from page 3
[2026-02-10 18:28:00] [SESSION 4] Processing page 4
[2026-02-10 18:28:01] [SESSION 4] Saved 9 bids from page 4
[2026-02-10 18:28:03] [SESSION 4] Processing page 5
[2026-02-10 18:28:03] [SESSION 4] Saved 10 bids from page 5
[2026-02-10 18:28:05] [SESSION 4] Processing page 6
[2026-02-10 18:28:05] [SESSION 4] Saved 10 bids from page 6
[2026-02-10 18:28:07] [SESSION 4] Processing page 7
[2026-02-10 18:28:07] [SESSION 4] Saved 10 bids from page 7
[2026-02-10 18:28:09] [SESSION 4] Processing page 8
[2026-02-10 18:28:09] [SESSION 4] Saved 10 bids from page 8
[2026-02-10 18:28:11] [SESSION 4] Processing page 9
[2026-02-10 18:28:11] [SESSION 4] Saved 10 bids from page 9
[2026-02-10 18:28:13] [SESSION 4] Processing page 10
[2026-02-10 18:28:13] [SESSION 4] Saved 10 bids from page 10
[2026-02-10 18:28:15] [SESSION 4] Processing page 11
[2026-02-10 18:28:15] [SESSION 4] Saved 9 bids from page 11
[2026-02-10 18:28:17] [SESSION 4] Processing page 12
[2026-02-10 18:28:17] [SESSION 4] Saved 10 bids from page 12
[2026-02-10 18:28:19] [SESSION 4] Processing page 13
[2026-02-10 18:28:20] [SESSION 4] Saved 10 bids from page 13
[2026-02-10 18:28:21] [SESSION 4] Processing page 14
[2026-02-10 18:28:22] [SESSION 4] Saved 8 bids from page 14
[2026-02-10 18:28:23] [SESSION 4] Processing page 15
[2026-02-10 18:28:24] [SESSION 4] Saved 10 bids from page 15
[2026-02-10 18:28:25] [SESSION 4] Processing page 16
[2026-02-10 18:28:26] [SESSION 4] Saved 10 bids from page 16
[2026-02-10 18:28:27] [SESSION 4] Processing page 17
[2026-02-10 18:28:28] [SESSION 4] Saved 10 bids from page 17
[2026-02-10 18:28:29] [SESSION 4] Processing page 18
[2026-02-10 18:28:29] [SESSION 4] Saved 9 bids from page 18
[2026-02-10 18:28:31] [SESSION 4] Processing page 19
[2026-02-10 18:28:31] [SESSION 4] Saved 9 bids from page 19
[2026-02-10 18:28:33] [SESSION 4] Processing page 20
[2026-02-10 18:28:33] [SESSION 4] Saved 9 bids from page 20
[2026-02-10 18:28:35] [SESSION 4] Processing page 21
[2026-02-10 18:28:35] [SESSION 4] Saved 10 bids from page 21
[2026-02-10 18:28:37] [SESSION 4] Processing page 22
[2026-02-10 18:28:37] [SESSION 4] Saved 10 bids from page 22
[2026-02-10 18:28:39] [SESSION 4] Processing page 23
[2026-02-10 18:28:39] [SESSION 4] Saved 10 bids from page 23
[2026-02-10 18:28:41] [SESSION 4] Processing page 24
[2026-02-10 18:28:42] [SESSION 4] Saved 8 bids from page 24
[2026-02-10 18:28:43] [SESSION 4] Processing page 25
[2026-02-10 18:28:44] [SESSION 4] Saved 10 bids from page 25
[2026-02-10 18:28:45] [SESSION 4] Processing page 26
[2026-02-10 18:28:46] [SESSION 4] Saved 10 bids from page 26
[2026-02-10 18:28:47] [SESSION 4] Processing page 27
[2026-02-10 18:28:48] [SESSION 4] Saved 7 bids from page 27
[2026-02-10 18:28:49] [SESSION 4] Processing page 28
[2026-02-10 18:28:50] [SESSION 4] Saved 8 bids from page 28
[2026-02-10 18:28:51] [SESSION 4] Processing page 29
[2026-02-10 18:28:52] [SESSION 4] Saved 9 bids from page 29
[2026-02-10 18:28:53] [SESSION 4] Processing page 30
[2026-02-10 18:28:54] [SESSION 4] Saved 10 bids from page 30
[2026-02-10 18:28:56] [SESSION 4] Processing page 31
[2026-02-10 18:28:56] [SESSION 4] Saved 8 bids from page 31
[2026-02-10 18:28:58] [SESSION 4] Processing page 32
[2026-02-10 18:28:58] [SESSION 4] Saved 10 bids from page 32
[2026-02-10 18:29:00] [SESSION 4] Processing page 33
[2026-02-10 18:29:00] [SESSION 4] Saved 10 bids from page 33
[2026-02-10 18:29:02] [SESSION 4] Processing page 34
[2026-02-10 18:29:02] [SESSION 4] Saved 10 bids from page 34
[2026-02-10 18:29:04] [SESSION 4] Processing page 35
[2026-02-10 18:29:05] [SESSION 4] Saved 10 bids from page 35
[2026-02-10 18:29:06] [SESSION 4] Processing page 36
[2026-02-10 18:29:07] [SESSION 4] Saved 10 bids from page 36
[2026-02-10 18:29:08] [SESSION 4] Processing page 37
[2026-02-10 18:29:09] [SESSION 4] Saved 8 bids from page 37
[2026-02-10 18:29:11] [SESSION 4] Processing page 38
[2026-02-10 18:29:11] [SESSION 4] Saved 10 bids from page 38
[2026-02-10 18:29:13] [SESSION 4] Processing page 39
[2026-02-10 18:29:13] [SESSION 4] Saved 10 bids from page 39
[2026-02-10 18:29:15] [SESSION 4] Processing page 40
[2026-02-10 18:29:15] [SESSION 4] Saved 10 bids from page 40
[2026-02-10 18:29:17] [SESSION 4] Processing page 41
[2026-02-10 18:29:17] [SESSION 4] Saved 10 bids from page 41
[2026-02-10 18:29:19] [SESSION 4] Processing page 42
[2026-02-10 18:29:19] [SESSION 4] Saved 10 bids from page 42
[2026-02-10 18:29:21] [SESSION 4] Processing page 43
[2026-02-10 18:29:21] [SESSION 4] Saved 9 bids from page 43
[2026-02-10 18:29:23] [SESSION 4] Processing page 44
[2026-02-10 18:29:23] [SESSION 4] Saved 10 bids from page 44
[2026-02-10 18:29:25] [SESSION 4] Processing page 45
[2026-02-10 18:29:25] [SESSION 4] Saved 6 bids from page 45
[2026-02-10 18:29:27] [SESSION 4] Processing page 46
[2026-02-10 18:29:27] [SESSION 4] Saved 7 bids from page 46
[2026-02-10 18:29:29] [SESSION 4] Processing page 47
[2026-02-10 18:29:29] [SESSION 4] Saved 10 bids from page 47
[2026-02-10 18:29:31] [SESSION 4] Processing page 48
[2026-02-10 18:29:31] [SESSION 4] Saved 10 bids from page 48
[2026-02-10 18:29:33] [SESSION 4] Processing page 49
[2026-02-10 18:29:33] [SESSION 4] Saved 10 bids from page 49
[2026-02-10 18:29:34] [SESSION 4] Processing page 50
[2026-02-10 18:29:35] [SESSION 4] Saved 10 bids from page 50
[2026-02-10 18:30:37] [SESSION 4] Pagination stalled. Retrying.
[2026-02-10 18:30:37] [SESSION 4] Processing page 51
[2026-02-10 18:30:37] [SESSION 4] Saved 7 bids from page 51
[2026-02-10 18:30:38] [SESSION 4] Processing page 52
[2026-02-10 18:30:39] [SESSION 4] Saved 8 bids from page 52
[2026-02-10 18:30:40] [SESSION 4] Processing page 53
[2026-02-10 18:30:41] [SESSION 4] Saved 10 bids from page 53
[2026-02-10 18:30:44] [SESSION 4] Processing page 54
[2026-02-10 18:30:44] [SESSION 4] Saved 10 bids from page 54
[2026-02-10 18:30:47] [SESSION 4] Processing page 55
[2026-02-10 18:30:47] [SESSION 4] Saved 10 bids from page 55
[2026-02-10 18:30:50] [SESSION 4] Processing page 56
[2026-02-10 18:30:50] [SESSION 4] Saved 9 bids from page 56
[2026-02-10 18:30:53] [SESSION 4] Processing page 57
[2026-02-10 18:30:53] [SESSION 4] Saved 8 bids from page 57
[2026-02-10 18:30:56] [SESSION 4] Processing page 58
[2026-02-10 18:30:56] [SESSION 4] Saved 9 bids from page 58
[2026-02-10 18:30:59] [SESSION 4] Processing page 59
[2026-02-10 18:30:59] [SESSION 4] Saved 8 bids from page 59
[2026-02-10 18:31:02] [SESSION 4] Processing page 60
[2026-02-10 18:31:02] [SESSION 4] Saved 10 bids from page 60
[2026-02-10 18:31:05] [SESSION 4] Processing page 61
[2026-02-10 18:31:05] [SESSION 4] Saved 6 bids from page 61
[2026-02-10 18:31:08] [SESSION 4] Processing page 62
[2026-02-10 18:31:08] [SESSION 4] Saved 10 bids from page 62
[2026-02-10 18:31:11] [SESSION 4] Processing page 63
[2026-02-10 18:31:11] [SESSION 4] Saved 10 bids from page 63
[2026-02-10 18:31:14] [SESSION 4] Processing page 64
[2026-02-10 18:31:14] [SESSION 4] Saved 10 bids from page 64
[2026-02-10 18:31:17] [SESSION 4] Processing page 65
[2026-02-10 18:31:17] [SESSION 4] Saved 10 bids from page 65
[2026-02-10 18:31:20] [SESSION 4] Processing page 66
[2026-02-10 18:31:20] [SESSION 4] Saved 8 bids from page 66
[2026-02-10 18:31:23] [SESSION 4] Processing page 67
[2026-02-10 18:31:23] [SESSION 4] Saved 10 bids from page 67
[2026-02-10 18:31:26] [SESSION 4] Processing page 68
[2026-02-10 18:31:26] [SESSION 4] Saved 10 bids from page 68
[2026-02-10 18:31:29] [SESSION 4] Processing page 69
[2026-02-10 18:31:29] [SESSION 4] Saved 10 bids from page 69
[2026-02-10 18:31:32] [SESSION 4] Processing page 70
[2026-02-10 18:31:32] [SESSION 4] Saved 8 bids from page 70
[2026-02-10 18:31:35] [SESSION 4] Processing page 71
[2026-02-10 18:31:35] [SESSION 4] Saved 10 bids from page 71
[2026-02-10 18:31:38] [SESSION 4] Processing page 72
[2026-02-10 18:31:38] [SESSION 4] Saved 10 bids from page 72
[2026-02-10 18:31:41] [SESSION 4] Processing page 73
[2026-02-10 18:31:41] [SESSION 4] Saved 10 bids from page 73
[2026-02-10 18:31:44] [SESSION 4] Processing page 74
[2026-02-10 18:31:44] [SESSION 4] Saved 10 bids from page 74
[2026-02-10 18:31:47] [SESSION 4] Processing page 75
[2026-02-10 18:31:47] [SESSION 4] Saved 10 bids from page 75
[2026-02-10 18:31:50] [SESSION 4] Processing page 76
[2026-02-10 18:31:50] [SESSION 4] Saved 10 bids from page 76
[2026-02-10 18:31:53] [SESSION 4] Processing page 77
[2026-02-10 18:31:53] [SESSION 4] Saved 9 bids from page 77
[2026-02-10 18:31:56] [SESSION 4] Processing page 78
[2026-02-10 18:31:57] [SESSION 4] Saved 10 bids from page 78
[2026-02-10 18:32:00] [SESSION 4] Processing page 79
[2026-02-10 18:32:00] [SESSION 4] Saved 10 bids from page 79
[2026-02-10 18:32:03] [SESSION 4] Processing page 80
[2026-02-10 18:32:03] [SESSION 4] Saved 10 bids from page 80
[2026-02-10 18:32:06] [SESSION 4] Processing page 81
[2026-02-10 18:32:06] [SESSION 4] Saved 10 bids from page 81
[2026-02-10 18:32:09] [SESSION 4] Processing page 82
[2026-02-10 18:32:09] [SESSION 4] Saved 10 bids from page 82
[2026-02-10 18:32:12] [SESSION 4] Processing page 83
[2026-02-10 18:32:12] [SESSION 4] Saved 10 bids from page 83
[2026-02-10 18:32:15] [SESSION 4] Processing page 84
[2026-02-10 18:32:15] [SESSION 4] Saved 10 bids from page 84
[2026-02-10 18:32:18] [SESSION 4] Processing page 85
[2026-02-10 18:32:18] [SESSION 4] Saved 10 bids from page 85
[2026-02-10 18:32:21] [SESSION 4] Processing page 86
[2026-02-10 18:32:21] [SESSION 4] Saved 9 bids from page 86
[2026-02-10 18:32:24] [SESSION 4] Processing page 87
[2026-02-10 18:32:24] [SESSION 4] Saved 10 bids from page 87
[2026-02-10 18:32:27] [SESSION 4] Processing page 88
[2026-02-10 18:32:28] [SESSION 4] Saved 10 bids from page 88
[2026-02-10 18:32:30] [SESSION 4] Processing page 89
[2026-02-10 18:32:30] [SESSION 4] Saved 10 bids from page 89
[2026-02-10 18:32:33] [SESSION 4] Processing page 90
[2026-02-10 18:32:33] [SESSION 4] Saved 10 bids from page 90
[2026-02-10 18:32:36] [SESSION 4] Processing page 91
[2026-02-10 18:32:36] [SESSION 4] Saved 10 bids from page 91
[2026-02-10 18:32:39] [SESSION 4] Processing page 92
[2026-02-10 18:32:40] [SESSION 4] Saved 10 bids from page 92
[2026-02-10 18:32:42] [SESSION 4] Processing page 93
[2026-02-10 18:32:43] [SESSION 4] Saved 10 bids from page 93
[2026-02-10 18:32:45] [SESSION 4] Processing page 94
[2026-02-10 18:32:46] [SESSION 4] Saved 10 bids from page 94
[2026-02-10 18:32:48] [SESSION 4] Processing page 95
[2026-02-10 18:32:49] [SESSION 4] Saved 8 bids from page 95
[2026-02-10 18:32:51] [SESSION 4] Processing page 96
[2026-02-10 18:32:52] [SESSION 4] Saved 9 bids from page 96
[2026-02-10 18:32:54] [SESSION 4] Processing page 97
[2026-02-10 18:32:55] [SESSION 4] Saved 10 bids from page 97
[2026-02-10 18:32:58] [SESSION 4] Processing page 98
[2026-02-10 18:32:59] [SESSION 4] Saved 10 bids from page 98
[2026-02-10 18:33:01] [SESSION 4] Processing page 99
[2026-02-10 18:33:02] [SESSION 4] Saved 10 bids from page 99
[2026-02-10 18:33:04] [SESSION 4] Processing page 100
[2026-02-10 18:33:05] [SESSION 4] Saved 10 bids from page 100
[2026-02-10 18:33:07] [SESSION 4] Processing page 101
[2026-02-10 18:33:08] [SESSION 4] Saved 10 bids from page 101
[2026-02-10 18:33:10] [SESSION 4] Processing page 102
[2026-02-10 18:33:11] [SESSION 4] Saved 8 bids from page 102
[2026-02-10 18:33:13] [SESSION 4] Processing page 103
[2026-02-10 18:33:13] [SESSION 4] Saved 0 bids from page 103
[2026-02-10 18:33:13] [SESSION 4] Pagination completed safely.
[2026-02-10 18:33:13] [SESSION 4] Session completed: 66 new bids found, 103 pages processed
[2026-02-11 13:31:06] [SESSION 4] Starting scraper - Keyword: 'batter' | Output: gem_all_bids_session4.csv
[2026-02-11 13:31:16] [SESSION 4] Processing page 1
[2026-02-11 13:31:16] [SESSION 4] Saved 10 bids from page 1
[2026-02-11 13:31:18] [SESSION 4] Processing page 2
[2026-02-11 13:31:19] [SESSION 4] Saved 10 bids from page 2
[2026-02-11 13:31:20] [SESSION 4] Processing page 3
[2026-02-11 13:31:21] [SESSION 4] Saved 10 bids from page 3
[2026-02-11 13:31:23] [SESSION 4] Processing page 4
[2026-02-11 13:31:23] [SESSION 4] Saved 10 bids from page 4
[2026-02-11 13:31:25] [SESSION 4] Processing page 5
[2026-02-11 13:31:26] [SESSION 4] Saved 10 bids from page 5
[2026-02-11 13:31:27] [SESSION 4] Processing page 6
[2026-02-11 13:31:28] [SESSION 4] Saved 10 bids from page 6
[2026-02-11 13:31:29] [SESSION 4] Processing page 7
[2026-02-11 13:31:30] [SESSION 4] Saved 10 bids from page 7
[2026-02-11 13:31:31] [SESSION 4] Processing page 8
[2026-02-11 13:31:32] [SESSION 4] Saved 9 bids from page 8
[2026-02-11 13:31:34] [SESSION 4] Processing page 9
[2026-02-11 13:31:34] [SESSION 4] Saved 4 bids from page 9
[2026-02-11 13:31:36] [SESSION 4] Processing page 10
[2026-02-11 13:31:37] [SESSION 4] Saved 10 bids from page 10
[2026-02-11 13:31:38] [SESSION 4] Processing page 11
[2026-02-11 13:31:38] [SESSION 4] Saved 10 bids from page 11
[2026-02-11 13:31:40] [SESSION 4] Processing page 12
[2026-02-11 13:31:41] [SESSION 4] Saved 9 bids from page 12
[2026-02-11 13:31:42] [SESSION 4] Processing page 13
[2026-02-11 13:31:43] [SESSION 4] Saved 9 bids from page 13
[2026-02-11 13:31:45] [SESSION 4] Processing page 14
[2026-02-11 13:31:45] [SESSION 4] Saved 10 bids from page 14
[2026-02-11 13:31:47] [SESSION 4] Processing page 15
[2026-02-11 13:31:47] [SESSION 4] Saved 9 bids from page 15
[2026-02-11 13:31:49] [SESSION 4] Processing page 16
[2026-02-11 13:31:49] [SESSION 4] Saved 9 bids from page 16
[2026-02-11 13:31:51] [SESSION 4] Processing page 17
[2026-02-11 13:31:51] [SESSION 4] Saved 9 bids from page 17
[2026-02-11 13:31:53] [SESSION 4] Processing page 18
[2026-02-11 13:31:53] [SESSION 4] Saved 10 bids from page 18
[2026-02-11 13:31:55] [SESSION 4] Processing page 19
[2026-02-11 13:31:55] [SESSION 4] Saved 9 bids from page 19
[2026-02-11 13:31:57] [SESSION 4] Processing page 20
[2026-02-11 13:31:58] [SESSION 4] Saved 10 bids from page 20
[2026-02-11 13:31:59] [SESSION 4] Processing page 21
[2026-02-11 13:32:00] [SESSION 4] Saved 10 bids from page 21
[2026-02-11 13:32:01] [SESSION 4] Processing page 22
[2026-02-11 13:32:02] [SESSION 4] Saved 10 bids from page 22
[2026-02-11 13:32:03] [SESSION 4] Processing page 23
[2026-02-11 13:32:04] [SESSION 4] Saved 10 bids from page 23
[2026-02-11 13:32:05] [SESSION 4] Processing page 24
[2026-02-11 13:32:06] [SESSION 4] Saved 9 bids from page 24
[2026-02-11 13:32:08] [SESSION 4] Processing page 25
[2026-02-11 13:32:08] [SESSION 4] Saved 8 bids from page 25
[2026-02-11 13:32:10] [SESSION 4] Processing page 26
[2026-02-11 13:32:10] [SESSION 4] Saved 10 bids from page 26
[2026-02-11 13:32:12] [SESSION 4] Processing page 27
[2026-02-11 13:32:13] [SESSION 4] Saved 10 bids from page 27
[2026-02-11 13:32:14] [SESSION 4] Processing page 28
[2026-02-11 13:32:15] [SESSION 4] Saved 10 bids from page 28
[2026-02-11 13:32:17] [SESSION 4] Processing page 29
[2026-02-11 13:32:18] [SESSION 4] Saved 9 bids from page 29
[2026-02-11 13:32:19] [SESSION 4] Processing page 30
[2026-02-11 13:32:20] [SESSION 4] Saved 10 bids from page 30
[2026-02-11 13:32:21] [SESSION 4] Processing page 31
[2026-02-11 13:32:22] [SESSION 4] Saved 8 bids from page 31
[2026-02-11 13:32:23] [SESSION 4] Processing page 32
[2026-02-11 13:32:24] [SESSION 4] Saved 8 bids from page 32
[2026-02-11 13:32:26] [SESSION 4] Processing page 33
[2026-02-11 13:32:26] [SESSION 4] Saved 9 bids from page 33
[2026-02-11 13:32:28] [SESSION 4] Processing page 34
[2026-02-11 13:32:28] [SESSION 4] Saved 10 bids from page 34
[2026-02-11 13:32:30] [SESSION 4] Processing page 35
[2026-02-11 13:32:30] [SESSION 4] Saved 7 bids from page 35
[2026-02-11 13:32:32] [SESSION 4] Processing page 36
[2026-02-11 13:32:32] [SESSION 4] Saved 8 bids from page 36
[2026-02-11 13:32:34] [SESSION 4] Processing page 37
[2026-02-11 13:32:35] [SESSION 4] Saved 10 bids from page 37
[2026-02-11 13:32:36] [SESSION 4] Processing page 38
[2026-02-11 13:32:37] [SESSION 4] Saved 10 bids from page 38
[2026-02-11 13:32:38] [SESSION 4] Processing page 39
[2026-02-11 13:32:39] [SESSION 4] Saved 9 bids from page 39
[2026-02-11 13:32:40] [SESSION 4] Processing page 40
[2026-02-11 13:32:41] [SESSION 4] Saved 10 bids from page 40
[2026-02-11 13:32:42] [SESSION 4] Processing page 41
[2026-02-11 13:32:43] [SESSION 4] Saved 10 bids from page 41
[2026-02-11 13:32:44] [SESSION 4] Processing page 42
[2026-02-11 13:32:45] [SESSION 4] Saved 10 bids from page 42
[2026-02-11 13:32:46] [SESSION 4] Processing page 43
[2026-02-11 13:32:47] [SESSION 4] Saved 7 bids from page 43
[2026-02-11 13:32:48] [SESSION 4] Processing page 44
[2026-02-11 13:32:49] [SESSION 4] Saved 10 bids from page 44
[2026-02-11 13:32:51] [SESSION 4] Processing page 45
[2026-02-11 13:32:51] [SESSION 4] Saved 10 bids from page 45
[2026-02-11 13:32:53] [SESSION 4] Processing page 46
[2026-02-11 13:32:53] [SESSION 4] Saved 10 bids from page 46
[2026-02-11 13:32:55] [SESSION 4] Processing page 47
[2026-02-11 13:32:55] [SESSION 4] Saved 10 bids from page 47
[2026-02-11 13:32:57] [SESSION 4] Processing page 48
[2026-02-11 13:32:57] [SESSION 4] Saved 7 bids from page 48
[2026-02-11 13:32:59] [SESSION 4] Processing page 49
[2026-02-11 13:32:59] [SESSION 4] Saved 10 bids from page 49
[2026-02-11 13:33:01] [SESSION 4] Processing page 50
[2026-02-11 13:33:01] [SESSION 4] Saved 9 bids from page 50
[2026-02-11 13:33:03] [SESSION 4] Processing page 51
[2026-02-11 13:33:03] [SESSION 4] Saved 3 bids from page 51
[2026-02-11 13:33:05] [SESSION 4] Processing page 52
[2026-02-11 13:33:05] [SESSION 4] Saved 7 bids from page 52
[2026-02-11 13:33:07] [SESSION 4] Processing page 53
[2026-02-11 13:33:07] [SESSION 4] Saved 10 bids from page 53
[2026-02-11 13:33:10] [SESSION 4] Processing page 54
[2026-02-11 13:33:11] [SESSION 4] Saved 10 bids from page 54
[2026-02-11 13:33:14] [SESSION 4] Processing page 55
[2026-02-11 13:33:15] [SESSION 4] Saved 10 bids from page 55
[2026-02-11 13:33:18] [SESSION 4] Processing page 56
[2026-02-11 13:33:19] [SESSION 4] Saved 10 bids from page 56
[2026-02-11 13:33:22] [SESSION 4] Processing page 57
[2026-02-11 13:33:23] [SESSION 4] Saved 10 bids from page 57
[2026-02-11 13:33:26] [SESSION 4] Processing page 58
[2026-02-11 13:33:27] [SESSION 4] Saved 10 bids from page 58
[2026-02-11 13:33:30] [SESSION 4] Processing page 59
[2026-02-11 13:33:31] [SESSION 4] Saved 10 bids from page 59
[2026-02-11 13:33:34] [SESSION 4] Processing page 60
[2026-02-11 13:33:35] [SESSION 4] Saved 10 bids from page 60
[2026-02-11 13:33:38] [SESSION 4] Processing page 61
[2026-02-11 13:33:39] [SESSION 4] Saved 9 bids from page 61
[2026-02-11 13:33:42] [SESSION 4] Processing page 62
[2026-02-11 13:33:43] [SESSION 4] Saved 10 bids from page 62
[2026-02-11 13:33:46] [SESSION 4] Processing page 63
[2026-02-11 13:33:47] [SESSION 4] Saved 10 bids from page 63
[2026-02-11 13:33:50] [SESSION 4] Processing page 64
[2026-02-11 13:33:51] [SESSION 4] Saved 10 bids from page 64
[2026-02-11 13:33:55] [SESSION 4] Processing page 65
[2026-02-11 13:33:55] [SESSION 4] Saved 10 bids from page 65
[2026-02-11 13:33:58] [SESSION 4] Processing page 66
[2026-02-11 13:33:59] [SESSION 4] Saved 10 bids from page 66
[2026-02-11 13:34:02] [SESSION 4] Processing page 67
[2026-02-11 13:34:03] [SESSION 4] Saved 10 bids from page 67
[2026-02-11 13:34:06] [SESSION 4] Processing page 68
[2026-02-11 13:34:07] [SESSION 4] Saved 7 bids from page 68
[2026-02-11 13:34:10] [SESSION 4] Processing page 69
[2026-02-11 13:34:11] [SESSION 4] Saved 10 bids from page 69
[2026-02-11 13:34:14] [SESSION 4] Processing page 70
[2026-02-11 13:34:15] [SESSION 4] Saved 10 bids from page 70
[2026-02-11 13:34:28] [SESSION 4] Processing page 71
[2026-02-11 13:34:28] [SESSION 4] Saved 9 bids from page 71
[2026-02-11 13:34:40] [SESSION 4] Processing page 72
[2026-02-11 13:34:40] [SESSION 4] Saved 10 bids from page 72
[2026-02-11 13:34:43] [SESSION 4] Processing page 73
[2026-02-11 13:34:44] [SESSION 4] Saved 10 bids from page 73
[2026-02-11 13:34:54] [SESSION 4] Processing page 74
[2026-02-11 13:34:54] [SESSION 4] Saved 10 bids from page 74
[2026-02-11 13:35:01] [SESSION 4] Processing page 75
[2026-02-11 13:35:01] [SESSION 4] Saved 10 bids from page 75
[2026-02-11 13:35:04] [SESSION 4] Processing page 76
[2026-02-11 13:35:05] [SESSION 4] Saved 10 bids from page 76
[2026-02-11 13:35:11] [SESSION 4] Processing page 77
[2026-02-11 13:35:11] [SESSION 4] Saved 9 bids from page 77
[2026-02-11 13:35:14] [SESSION 4] Processing page 78
[2026-02-11 13:35:15] [SESSION 4] Saved 10 bids from page 78
[2026-02-11 13:35:22] [SESSION 4] Processing page 79
[2026-02-11 13:35:22] [SESSION 4] Saved 10 bids from page 79
[2026-02-11 13:35:25] [SESSION 4] Processing page 80
[2026-02-11 13:35:27] [SESSION 4] Saved 10 bids from page 80
[2026-02-11 13:35:31] [SESSION 4] Processing page 81
[2026-02-11 13:35:31] [SESSION 4] Saved 10 bids from page 81
[2026-02-11 13:35:34] [SESSION 4] Processing page 82
[2026-02-11 13:35:35] [SESSION 4] Saved 10 bids from page 82
[2026-02-11 13:35:42] [SESSION 4] Processing page 83
[2026-02-11 13:35:42] [SESSION 4] Saved 9 bids from page 83
[2026-02-11 13:35:46] [SESSION 4] Processing page 84
[2026-02-11 13:35:46] [SESSION 4] Saved 10 bids from page 84
[2026-02-11 13:35:52] [SESSION 4] Processing page 85
[2026-02-11 13:35:52] [SESSION 4] Saved 10 bids from page 85
[2026-02-11 13:35:56] [SESSION 4] Processing page 86
[2026-02-11 13:35:56] [SESSION 4] Saved 10 bids from page 86
[2026-02-11 13:36:00] [SESSION 4] Processing page 87
[2026-02-11 13:36:00] [SESSION 4] Saved 10 bids from page 87
[2026-02-11 13:36:05] [SESSION 4] Processing page 88
[2026-02-11 13:36:05] [SESSION 4] Saved 10 bids from page 88
[2026-02-11 13:36:09] [SESSION 4] Processing page 89
[2026-02-11 13:36:09] [SESSION 4] Saved 9 bids from page 89
[2026-02-11 13:36:13] [SESSION 4] Processing page 90
[2026-02-11 13:36:13] [SESSION 4] Saved 9 bids from page 90
[2026-02-11 13:36:16] [SESSION 4] Processing page 91
[2026-02-11 13:36:16] [SESSION 4] Saved 10 bids from page 91
[2026-02-11 13:36:19] [SESSION 4] Processing page 92
[2026-02-11 13:36:20] [SESSION 4] Saved 9 bids from page 92
[2026-02-11 13:36:25] [SESSION 4] Processing page 93
[2026-02-11 13:36:26] [SESSION 4] Saved 10 bids from page 93
[2026-02-11 13:36:29] [SESSION 4] Processing page 94
[2026-02-11 13:36:29] [SESSION 4] Saved 10 bids from page 94
[2026-02-11 13:36:33] [SESSION 4] Processing page 95
[2026-02-11 13:36:34] [SESSION 4] Saved 10 bids from page 95
[2026-02-11 13:36:39] [SESSION 4] Processing page 96
[2026-02-11 13:36:40] [SESSION 4] Saved 10 bids from page 96
[2026-02-11 13:36:44] [SESSION 4] Processing page 97
[2026-02-11 13:36:45] [SESSION 4] Saved 10 bids from page 97
[2026-02-11 13:36:48] [SESSION 4] Processing page 98
[2026-02-11 13:36:48] [SESSION 4] Saved 9 bids from page 98
[2026-02-11 13:36:51] [SESSION 4] Processing page 99
[2026-02-11 13:36:52] [SESSION 4] Saved 10 bids from page 99
[2026-02-11 13:37:08] [SESSION 4] Processing page 100
[2026-02-11 13:37:08] [SESSION 4] Saved 10 bids from page 100
[2026-02-11 13:37:10] [SESSION 4] Processing page 101
[2026-02-11 13:37:10] [SESSION 4] Saved 10 bids from page 101
[2026-02-11 13:37:12] [SESSION 4] Processing page 102
[2026-02-11 13:37:12] [SESSION 4] Saved 10 bids from page 102
[2026-02-11 13:37:14] [SESSION 4] Processing page 103
[2026-02-11 13:37:14] [SESSION 4] Saved 10 bids from page 103
[2026-02-11 13:37:16] [SESSION 4] Processing page 104
[2026-02-11 13:37:16] [SESSION 4] Saved 10 bids from page 104
[2026-02-11 13:37:18] [SESSION 4] Processing page 105
[2026-02-11 13:37:18] [SESSION 4] Saved 7 bids from page 105
[2026-02-11 13:37:20] [SESSION 4] Processing page 106
[2026-02-11 13:37:20] [SESSION 4] Saved 0 bids from page 106
[2026-02-11 13:37:20] [SESSION 4] Pagination completed safely.
[2026-02-11 13:37:20] [SESSION 4] Session completed: 68 new bids found, 106 pages processed
[2026-02-11 15:48:56] [SESSION 4] Starting scraper - Keyword: 'batter' | Output: gem_all_bids_session4.csv
[2026-02-11 15:49:04] [SESSION 4] Processing page 1
[2026-02-11 15:49:04] [SESSION 4] Saved 10 bids from page 1
[2026-02-11 15:49:06] [SESSION 4] Processing page 2
[2026-02-11 15:49:06] [SESSION 4] Saved 10 bids from page 2
[2026-02-11 15:49:08] [SESSION 4] Processing page 3
[2026-02-11 15:49:08] [SESSION 4] Saved 10 bids from page 3
[2026-02-11 15:49:10] [SESSION 4] Processing page 4
[2026-02-11 15:49:10] [SESSION 4] Saved 10 bids from page 4
[2026-02-11 15:49:12] [SESSION 4] Processing page 5
[2026-02-11 15:49:12] [SESSION 4] Saved 9 bids from page 5
[2026-02-11 15:49:14] [SESSION 4] Processing page 6
[2026-02-11 15:49:15] [SESSION 4] Saved 10 bids from page 6
[2026-02-11 15:49:16] [SESSION 4] Processing page 7
[2026-02-11 15:49:17] [SESSION 4] Saved 10 bids from page 7
[2026-02-11 15:49:18] [SESSION 4] Processing page 8
[2026-02-11 15:49:19] [SESSION 4] Saved 10 bids from page 8
[2026-02-11 15:49:20] [SESSION 4] Processing page 9
[2026-02-11 15:49:21] [SESSION 4] Saved 10 bids from page 9
[2026-02-11 15:49:23] [SESSION 4] Processing page 10
[2026-02-11 15:49:23] [SESSION 4] Saved 10 bids from page 10
[2026-02-11 15:49:25] [SESSION 4] Processing page 11
[2026-02-11 15:49:25] [SESSION 4] Saved 8 bids from page 11
[2026-02-11 15:49:27] [SESSION 4] Processing page 12
[2026-02-11 15:49:27] [SESSION 4] Saved 9 bids from page 12
[2026-02-11 15:49:29] [SESSION 4] Processing page 13
[2026-02-11 15:49:29] [SESSION 4] Saved 10 bids from page 13
[2026-02-11 15:49:31] [SESSION 4] Processing page 14
[2026-02-11 15:49:31] [SESSION 4] Saved 9 bids from page 14
[2026-02-11 15:49:33] [SESSION 4] Processing page 15
[2026-02-11 15:49:33] [SESSION 4] Saved 9 bids from page 15
[2026-02-11 15:49:35] [SESSION 4] Processing page 16
[2026-02-11 15:49:35] [SESSION 4] Saved 9 bids from page 16
[2026-02-11 15:49:37] [SESSION 4] Processing page 17
[2026-02-11 15:49:37] [SESSION 4] Saved 10 bids from page 17
[2026-02-11 15:49:39] [SESSION 4] Processing page 18
[2026-02-11 15:49:39] [SESSION 4] Saved 10 bids from page 18
[2026-02-11 15:49:41] [SESSION 4] Processing page 19
[2026-02-11 15:49:41] [SESSION 4] Saved 10 bids from page 19
[2026-02-11 15:49:43] [SESSION 4] Processing page 20
[2026-02-11 15:49:43] [SESSION 4] Saved 8 bids from page 20
[2026-02-11 15:49:45] [SESSION 4] Processing page 21
[2026-02-11 15:49:45] [SESSION 4] Saved 10 bids from page 21
[2026-02-11 15:49:47] [SESSION 4] Processing page 22
[2026-02-11 15:49:47] [SESSION 4] Saved 10 bids from page 22
[2026-02-11 15:49:49] [SESSION 4] Processing page 23
[2026-02-11 15:49:49] [SESSION 4] Saved 10 bids from page 23
[2026-02-11 15:49:51] [SESSION 4] Processing page 24
[2026-02-11 15:49:51] [SESSION 4] Saved 10 bids from page 24
[2026-02-11 15:49:53] [SESSION 4] Processing page 25
[2026-02-11 15:49:53] [SESSION 4] Saved 10 bids from page 25
[2026-02-11 15:49:55] [SESSION 4] Processing page 26
[2026-02-11 15:49:55] [SESSION 4] Saved 9 bids from page 26
[2026-02-11 15:49:57] [SESSION 4] Processing page 27
[2026-02-11 15:49:57] [SESSION 4] Saved 5 bids from page 27
[2026-02-11 15:49:59] [SESSION 4] Processing page 28
[2026-02-11 15:49:59] [SESSION 4] Saved 9 bids from page 28
[2026-02-11 15:50:01] [SESSION 4] Processing page 29
[2026-02-11 15:50:01] [SESSION 4] Saved 9 bids from page 29
[2026-02-11 15:50:03] [SESSION 4] Processing page 30
[2026-02-11 15:50:03] [SESSION 4] Saved 10 bids from page 30
[2026-02-11 15:50:05] [SESSION 4] Processing page 31
[2026-02-11 15:50:05] [SESSION 4] Saved 10 bids from page 31
[2026-02-11 15:50:07] [SESSION 4] Processing page 32
[2026-02-11 15:50:07] [SESSION 4] Saved 10 bids from page 32
[2026-02-11 15:50:09] [SESSION 4] Processing page 33
[2026-02-11 15:50:09] [SESSION 4] Saved 10 bids from page 33
[2026-02-11 15:50:11] [SESSION 4] Processing page 34
[2026-02-11 15:50:11] [SESSION 4] Saved 10 bids from page 34
[2026-02-11 15:50:13] [SESSION 4] Processing page 35
[2026-02-11 15:50:14] [SESSION 4] Saved 10 bids from page 35
[2026-02-11 15:50:15] [SESSION 4] Processing page 36
[2026-02-11 15:50:16] [SESSION 4] Saved 9 bids from page 36
[2026-02-11 15:50:17] [SESSION 4] Processing page 37
[2026-02-11 15:50:18] [SESSION 4] Saved 9 bids from page 37
[2026-02-11 15:50:19] [SESSION 4] Processing page 38
[2026-02-11 15:50:19] [SESSION 4] Saved 8 bids from page 38
[2026-02-11 15:50:21] [SESSION 4] Processing page 39
[2026-02-11 15:50:21] [SESSION 4] Saved 10 bids from page 39
[2026-02-11 15:50:23] [SESSION 4] Processing page 40
[2026-02-11 15:50:23] [SESSION 4] Saved 10 bids from page 40
[2026-02-11 15:50:25] [SESSION 4] Processing page 41
[2026-02-11 15:50:25] [SESSION 4] Saved 10 bids from page 41
[2026-02-11 15:50:27] [SESSION 4] Processing page 42
[2026-02-11 15:50:27] [SESSION 4] Saved 6 bids from page 42
[2026-02-11 15:50:29] [SESSION 4] Processing page 43
[2026-02-11 15:50:29] [SESSION 4] Saved 10 bids from page 43
[2026-02-11 15:50:31] [SESSION 4] Processing page 44
[2026-02-11 15:50:31] [SESSION 4] Saved 10 bids from page 44
[2026-02-11 15:50:33] [SESSION 4] Processing page 45
[2026-02-11 15:50:33] [SESSION 4] Saved 9 bids from page 45
[2026-02-11 15:50:35] [SESSION 4] Processing page 46
[2026-02-11 15:50:35] [SESSION 4] Saved 8 bids from page 46
[2026-02-11 15:50:37] [SESSION 4] Processing page 47
[2026-02-11 15:50:37] [SESSION 4] Saved 10 bids from page 47
[2026-02-11 15:50:39] [SESSION 4] Processing page 48
[2026-02-11 15:50:39] [SESSION 4] Saved 10 bids from page 48
[2026-02-11 15:50:41] [SESSION 4] Processing page 49
[2026-02-11 15:50:41] [SESSION 4] Saved 10 bids from page 49
[2026-02-11 15:50:43] [SESSION 4] Processing page 50
[2026-02-11 15:50:43] [SESSION 4] Saved 10 bids from page 50
[2026-02-11 15:50:45] [SESSION 4] Processing page 51
[2026-02-11 15:50:45] [SESSION 4] Saved 8 bids from page 51
[2026-02-11 15:50:47] [SESSION 4] Processing page 52
[2026-02-11 15:50:47] [SESSION 4] Saved 10 bids from page 52
[2026-02-11 15:50:49] [SESSION 4] Processing page 53
[2026-02-11 15:50:49] [SESSION 4] Saved 7 bids from page 53
[2026-02-11 15:50:51] [SESSION 4] Processing page 54
[2026-02-11 15:50:51] [SESSION 4] Saved 7 bids from page 54
[2026-02-11 15:50:53] [SESSION 4] Processing page 55
[2026-02-11 15:50:53] [SESSION 4] Saved 9 bids from page 55
[2026-02-11 15:50:55] [SESSION 4] Processing page 56
[2026-02-11 15:50:55] [SESSION 4] Saved 10 bids from page 56
[2026-02-11 15:50:57] [SESSION 4] Processing page 57
[2026-02-11 15:50:57] [SESSION 4] Saved 10 bids from page 57
[2026-02-11 15:50:59] [SESSION 4] Processing page 58
[2026-02-11 15:50:59] [SESSION 4] Saved 10 bids from page 58
[2026-02-11 15:51:00] [SESSION 4] Processing page 59
[2026-02-11 15:51:01] [SESSION 4] Saved 9 bids from page 59
[2026-02-11 15:51:02] [SESSION 4] Processing page 60
[2026-02-11 15:51:03] [SESSION 4] Saved 9 bids from page 60
[2026-02-11 15:51:04] [SESSION 4] Processing page 61
[2026-02-11 15:51:05] [SESSION 4] Saved 10 bids from page 61
[2026-02-11 15:51:06] [SESSION 4] Processing page 62
[2026-02-11 15:51:07] [SESSION 4] Saved 9 bids from page 62
[2026-02-11 15:51:08] [SESSION 4] Processing page 63
[2026-02-11 15:51:08] [SESSION 4] Saved 10 bids from page 63
[2026-02-11 15:51:10] [SESSION 4] Processing page 64
[2026-02-11 15:51:10] [SESSION 4] Saved 8 bids from page 64
[2026-02-11 15:51:12] [SESSION 4] Processing page 65
[2026-02-11 15:51:12] [SESSION 4] Saved 9 bids from page 65
[2026-02-11 15:51:14] [SESSION 4] Processing page 66
[2026-02-11 15:51:14] [SESSION 4] Saved 10 bids from page 66
[2026-02-11 15:51:16] [SESSION 4] Processing page 67
[2026-02-11 15:51:16] [SESSION 4] Saved 10 bids from page 67
[2026-02-11 15:51:18] [SESSION 4] Processing page 68
[2026-02-11 15:51:18] [SESSION 4] Saved 9 bids from page 68
[2026-02-11 15:51:20] [SESSION 4] Processing page 69
[2026-02-11 15:51:20] [SESSION 4] Saved 10 bids from page 69
[2026-02-11 15:51:22] [SESSION 4] Processing page 70
[2026-02-11 15:51:22] [SESSION 4] Saved 10 bids from page 70
[2026-02-11 15:51:24] [SESSION 4] Processing page 71
[2026-02-11 15:51:24] [SESSION 4] Saved 10 bids from page 71
[2026-02-11 15:51:26] [SESSION 4] Processing page 72
[2026-02-11 15:51:26] [SESSION 4] Saved 9 bids from page 72
[2026-02-11 15:51:28] [SESSION 4] Processing page 73
[2026-02-11 15:51:28] [SESSION 4] Saved 10 bids from page 73
[2026-02-11 15:51:30] [SESSION 4] Processing page 74
[2026-02-11 15:51:32] [SESSION 4] Saved 10 bids from page 74
[2026-02-11 15:51:34] [SESSION 4] Processing page 75
[2026-02-11 15:51:35] [SESSION 4] Saved 10 bids from page 75
[2026-02-11 15:51:37] [SESSION 4] Processing page 76
[2026-02-11 15:51:38] [SESSION 4] Saved 10 bids from page 76
[2026-02-11 15:51:39] [SESSION 4] Processing page 77
[2026-02-11 15:51:40] [SESSION 4] Saved 10 bids from page 77
[2026-02-11 15:51:42] [SESSION 4] Processing page 78
[2026-02-11 15:51:42] [SESSION 4] Saved 10 bids from page 78
[2026-02-11 15:51:47] [SESSION 4] Processing page 79
[2026-02-11 15:51:48] [SESSION 4] Saved 10 bids from page 79
[2026-02-11 15:51:50] [SESSION 4] Processing page 80
[2026-02-11 15:51:51] [SESSION 4] Saved 10 bids from page 80
[2026-02-11 15:51:53] [SESSION 4] Processing page 81
[2026-02-11 15:51:53] [SESSION 4] Saved 10 bids from page 81
[2026-02-11 15:51:55] [SESSION 4] Processing page 82
[2026-02-11 15:51:55] [SESSION 4] Saved 10 bids from page 82
[2026-02-11 15:51:57] [SESSION 4] Processing page 83
[2026-02-11 15:51:57] [SESSION 4] Saved 10 bids from page 83
[2026-02-11 15:51:59] [SESSION 4] Processing page 84
[2026-02-11 15:52:00] [SESSION 4] Saved 8 bids from page 84
[2026-02-11 15:52:01] [SESSION 4] Processing page 85
[2026-02-11 15:52:02] [SESSION 4] Saved 10 bids from page 85
[2026-02-11 15:52:03] [SESSION 4] Processing page 86
[2026-02-11 15:52:04] [SESSION 4] Saved 10 bids from page 86
[2026-02-11 15:52:05] [SESSION 4] Processing page 87
[2026-02-11 15:52:06] [SESSION 4] Saved 10 bids from page 87
[2026-02-11 15:52:07] [SESSION 4] Processing page 88
[2026-02-11 15:52:08] [SESSION 4] Saved 10 bids from page 88
[2026-02-11 15:52:09] [SESSION 4] Processing page 89
[2026-02-11 15:52:10] [SESSION 4] Saved 10 bids from page 89
[2026-02-11 15:52:11] [SESSION 4] Processing page 90
[2026-02-11 15:52:12] [SESSION 4] Saved 9 bids from page 90
[2026-02-11 15:52:13] [SESSION 4] Processing page 91
[2026-02-11 15:52:14] [SESSION 4] Saved 10 bids from page 91
[2026-02-11 15:52:15] [SESSION 4] Processing page 92
[2026-02-11 15:52:16] [SESSION 4] Saved 10 bids from page 92
[2026-02-11 15:52:17] [SESSION 4] Processing page 93
[2026-02-11 15:52:18] [SESSION 4] Saved 10 bids from page 93
[2026-02-11 15:52:19] [SESSION 4] Processing page 94
[2026-02-11 15:52:20] [SESSION 4] Saved 10 bids from page 94
[2026-02-11 15:52:21] [SESSION 4] Processing page 95
[2026-02-11 15:52:22] [SESSION 4] Saved 8 bids from page 95
[2026-02-11 15:52:24] [SESSION 4] Processing page 96
[2026-02-11 15:52:24] [SESSION 4] Saved 10 bids from page 96
[2026-02-11 15:52:26] [SESSION 4] Processing page 97
[2026-02-11 15:52:27] [SESSION 4] Saved 10 bids from page 97
[2026-02-11 15:52:28] [SESSION 4] Processing page 98
[2026-02-11 15:52:29] [SESSION 4] Saved 10 bids from page 98
[2026-02-11 15:52:31] [SESSION 4] Processing page 99
[2026-02-11 15:52:31] [SESSION 4] Saved 10 bids from page 99
[2026-02-11 15:52:33] [SESSION 4] Processing page 100
[2026-02-11 15:52:33] [SESSION 4] Saved 10 bids from page 100
[2026-02-11 15:52:35] [SESSION 4] Processing page 101
[2026-02-11 15:52:35] [SESSION 4] Saved 10 bids from page 101
[2026-02-11 15:52:37] [SESSION 4] Processing page 102
[2026-02-11 15:52:37] [SESSION 4] Saved 10 bids from page 102
[2026-02-11 15:52:39] [SESSION 4] Processing page 103
[2026-02-11 15:52:39] [SESSION 4] Saved 10 bids from page 103
[2026-02-11 15:52:41] [SESSION 4] Processing page 104
[2026-02-11 15:52:41] [SESSION 4] Saved 10 bids from page 104
[2026-02-11 15:52:43] [SESSION 4] Processing page 105
[2026-02-11 15:52:43] [SESSION 4] Saved 10 bids from page 105
[2026-02-11 15:52:45] [SESSION 4] Processing page 106
[2026-02-11 15:52:45] [SESSION 4] Saved 9 bids from page 106
[2026-02-11 15:52:47] [SESSION 4] Processing page 107
[2026-02-11 15:52:48] [SESSION 4] Saved 0 bids from page 107
[2026-02-11 15:52:48] [SESSION 4] Pagination completed safely.
[2026-02-11 15:52:49] [SESSION 4] Session completed: 18 new bids found, 107 pages processed
[2026-02-11 18:21:58] [SESSION 4] Starting scraper - Keyword: 'batter' | Output: gem_all_bids_session4.csv
[2026-02-11 18:22:06] [SESSION 4] Processing page 1
[2026-02-11 18:22:07] [SESSION 4] Saved 10 bids from page 1
[2026-02-11 18:22:09] [SESSION 4] Processing page 2
[2026-02-11 18:22:09] [SESSION 4] Saved 10 bids from page 2
[2026-02-11 18:22:11] [SESSION 4] Processing page 3
[2026-02-11 18:22:11] [SESSION 4] Saved 10 bids from page 3
[2026-02-11 18:22:13] [SESSION 4] Processing page 4
[2026-02-11 18:22:13] [SESSION 4] Saved 10 bids from page 4
[2026-02-11 18:22:15] [SESSION 4] Processing page 5
[2026-02-11 18:22:15] [SESSION 4] Saved 7 bids from page 5
[2026-02-11 18:22:17] [SESSION 4] Processing page 6
[2026-02-11 18:22:17] [SESSION 4] Saved 8 bids from page 6
[2026-02-11 18:22:19] [SESSION 4] Processing page 7
[2026-02-11 18:22:19] [SESSION 4] Saved 9 bids from page 7
[2026-02-11 18:22:21] [SESSION 4] Processing page 8
[2026-02-11 18:22:21] [SESSION 4] Saved 10 bids from page 8
[2026-02-11 18:22:23] [SESSION 4] Processing page 9
[2026-02-11 18:22:24] [SESSION 4] Saved 10 bids from page 9
[2026-02-11 18:22:25] [SESSION 4] Processing page 10
[2026-02-11 18:22:26] [SESSION 4] Saved 10 bids from page 10
[2026-02-11 18:22:27] [SESSION 4] Processing page 11
[2026-02-11 18:22:28] [SESSION 4] Saved 10 bids from page 11
[2026-02-11 18:22:29] [SESSION 4] Processing page 12
[2026-02-11 18:22:30] [SESSION 4] Saved 10 bids from page 12
[2026-02-11 18:22:32] [SESSION 4] Processing page 13
[2026-02-11 18:22:32] [SESSION 4] Saved 10 bids from page 13
[2026-02-11 18:22:34] [SESSION 4] Processing page 14
[2026-02-11 18:22:34] [SESSION 4] Saved 9 bids from page 14
[2026-02-11 18:22:36] [SESSION 4] Processing page 15
[2026-02-11 18:22:36] [SESSION 4] Saved 10 bids from page 15
[2026-02-11 18:22:39] [SESSION 4] Processing page 16
[2026-02-11 18:22:39] [SESSION 4] Saved 10 bids from page 16
[2026-02-11 18:22:42] [SESSION 4] Processing page 17
[2026-02-11 18:22:42] [SESSION 4] Saved 10 bids from page 17
[2026-02-11 18:22:45] [SESSION 4] Processing page 18
[2026-02-11 18:22:46] [SESSION 4] Saved 10 bids from page 18
[2026-02-11 18:22:49] [SESSION 4] Processing page 19
[2026-02-11 18:22:49] [SESSION 4] Saved 9 bids from page 19
[2026-02-11 18:22:52] [SESSION 4] Processing page 20
[2026-02-11 18:22:52] [SESSION 4] Saved 9 bids from page 20
[2026-02-11 18:22:55] [SESSION 4] Processing page 21
[2026-02-11 18:22:55] [SESSION 4] Saved 10 bids from page 21
[2026-02-11 18:22:58] [SESSION 4] Processing page 22
[2026-02-11 18:22:58] [SESSION 4] Saved 10 bids from page 22
[2026-02-11 18:23:02] [SESSION 4] Processing page 23
[2026-02-11 18:23:02] [SESSION 4] Saved 10 bids from page 23
[2026-02-11 18:23:06] [SESSION 4] Processing page 24
[2026-02-11 18:23:06] [SESSION 4] Saved 10 bids from page 24
[2026-02-11 18:23:10] [SESSION 4] Processing page 25
[2026-02-11 18:23:10] [SESSION 4] Saved 9 bids from page 25
[2026-02-11 18:23:13] [SESSION 4] Processing page 26
[2026-02-11 18:23:13] [SESSION 4] Saved 7 bids from page 26
[2026-02-11 18:23:16] [SESSION 4] Processing page 27
[2026-02-11 18:23:16] [SESSION 4] Saved 10 bids from page 27
[2026-02-11 18:23:19] [SESSION 4] Processing page 28
[2026-02-11 18:23:19] [SESSION 4] Saved 10 bids from page 28
[2026-02-11 18:23:22] [SESSION 4] Processing page 29
[2026-02-11 18:23:22] [SESSION 4] Saved 10 bids from page 29
[2026-02-11 18:23:26] [SESSION 4] Processing page 30
[2026-02-11 18:23:26] [SESSION 4] Saved 10 bids from page 30
[2026-02-11 18:23:30] [SESSION 4] Processing page 31
[2026-02-11 18:23:30] [SESSION 4] Saved 10 bids from page 31
[2026-02-11 18:23:33] [SESSION 4] Processing page 32
[2026-02-11 18:23:33] [SESSION 4] Saved 10 bids from page 32
[2026-02-11 18:23:36] [SESSION 4] Processing page 33
[2026-02-11 18:23:36] [SESSION 4] Saved 9 bids from page 33
[2026-02-11 18:23:40] [SESSION 4] Processing page 34
[2026-02-11 18:23:40] [SESSION 4] Saved 9 bids from page 34
[2026-02-11 18:23:43] [SESSION 4] Processing page 35
[2026-02-11 18:23:43] [SESSION 4] Saved 8 bids from page 35
[2026-02-11 18:23:46] [SESSION 4] Processing page 36
[2026-02-11 18:23:46] [SESSION 4] Saved 10 bids from page 36
[2026-02-11 18:23:50] [SESSION 4] Processing page 37
[2026-02-11 18:23:50] [SESSION 4] Saved 10 bids from page 37
[2026-02-11 18:23:53] [SESSION 4] Processing page 38
[2026-02-11 18:23:53] [SESSION 4] Saved 10 bids from page 38
[2026-02-11 18:23:56] [SESSION 4] Processing page 39
[2026-02-11 18:23:56] [SESSION 4] Saved 10 bids from page 39
[2026-02-11 18:23:59] [SESSION 4] Processing page 40
[2026-02-11 18:23:59] [SESSION 4] Saved 8 bids from page 40
[2026-02-11 18:24:02] [SESSION 4] Processing page 41
[2026-02-11 18:24:02] [SESSION 4] Saved 9 bids from page 41
[2026-02-11 18:24:05] [SESSION 4] Processing page 42
[2026-02-11 18:24:06] [SESSION 4] Saved 9 bids from page 42
[2026-02-11 18:24:09] [SESSION 4] Processing page 43
[2026-02-11 18:24:10] [SESSION 4] Saved 10 bids from page 43
[2026-02-11 18:24:13] [SESSION 4] Processing page 44
[2026-02-11 18:24:14] [SESSION 4] Saved 10 bids from page 44
[2026-02-11 18:24:17] [SESSION 4] Processing page 45
[2026-02-11 18:24:17] [SESSION 4] Saved 5 bids from page 45
[2026-02-11 18:24:20] [SESSION 4] Processing page 46
[2026-02-11 18:24:20] [SESSION 4] Saved 10 bids from page 46
[2026-02-11 18:24:23] [SESSION 4] Processing page 47
[2026-02-11 18:24:23] [SESSION 4] Saved 10 bids from page 47
[2026-02-11 18:24:26] [SESSION 4] Processing page 48
[2026-02-11 18:24:27] [SESSION 4] Saved 10 bids from page 48
[2026-02-11 18:24:30] [SESSION 4] Processing page 49
[2026-02-11 18:24:31] [SESSION 4] Saved 9 bids from page 49
[2026-02-11 18:24:34] [SESSION 4] Processing page 50
[2026-02-11 18:24:35] [SESSION 4] Saved 10 bids from page 50
[2026-02-11 18:24:37] [SESSION 4] Processing page 51
[2026-02-11 18:24:37] [SESSION 4] Saved 10 bids from page 51
[2026-02-11 18:24:40] [SESSION 4] Processing page 52
[2026-02-11 18:24:41] [SESSION 4] Saved 10 bids from page 52
[2026-02-11 18:24:43] [SESSION 4] Processing page 53
[2026-02-11 18:24:44] [SESSION 4] Saved 10 bids from page 53
[2026-02-11 18:24:46] [SESSION 4] Processing page 54
[2026-02-11 18:24:46] [SESSION 4] Saved 10 bids from page 54
[2026-02-11 18:24:49] [SESSION 4] Processing page 55
[2026-02-11 18:24:49] [SESSION 4] Saved 10 bids from page 55
[2026-02-11 18:24:52] [SESSION 4] Processing page 56
[2026-02-11 18:24:53] [SESSION 4] Saved 10 bids from page 56
[2026-02-11 18:24:56] [SESSION 4] Processing page 57
[2026-02-11 18:24:57] [SESSION 4] Saved 10 bids from page 57
[2026-02-11 18:25:00] [SESSION 4] Processing page 58
[2026-02-11 18:25:01] [SESSION 4] Saved 10 bids from page 58
[2026-02-11 18:25:03] [SESSION 4] Processing page 59
[2026-02-11 18:25:04] [SESSION 4] Saved 10 bids from page 59
[2026-02-11 18:25:06] [SESSION 4] Processing page 60
[2026-02-11 18:25:07] [SESSION 4] Saved 10 bids from page 60
[2026-02-11 18:25:09] [SESSION 4] Processing page 61
[2026-02-11 18:25:10] [SESSION 4] Saved 10 bids from page 61
[2026-02-11 18:25:13] [SESSION 4] Processing page 62
[2026-02-11 18:25:14] [SESSION 4] Saved 10 bids from page 62
[2026-02-11 18:25:16] [SESSION 4] Processing page 63
[2026-02-11 18:25:17] [SESSION 4] Saved 9 bids from page 63
[2026-02-11 18:25:19] [SESSION 4] Processing page 64
[2026-02-11 18:25:20] [SESSION 4] Saved 9 bids from page 64
[2026-02-11 18:25:22] [SESSION 4] Processing page 65
[2026-02-11 18:25:23] [SESSION 4] Saved 10 bids from page 65
[2026-02-11 18:25:25] [SESSION 4] Processing page 66
[2026-02-11 18:25:26] [SESSION 4] Saved 10 bids from page 66
[2026-02-11 18:25:28] [SESSION 4] Processing page 67
[2026-02-11 18:25:29] [SESSION 4] Saved 10 bids from page 67
[2026-02-11 18:25:31] [SESSION 4] Processing page 68
[2026-02-11 18:25:32] [SESSION 4] Saved 9 bids from page 68
[2026-02-11 18:25:35] [SESSION 4] Processing page 69
[2026-02-11 18:25:36] [SESSION 4] Saved 7 bids from page 69
[2026-02-11 18:25:39] [SESSION 4] Processing page 70
[2026-02-11 18:25:40] [SESSION 4] Saved 10 bids from page 70
[2026-02-11 18:25:46] [SESSION 4] Processing page 71
[2026-02-11 18:25:46] [SESSION 4] Saved 9 bids from page 71
[2026-02-11 18:25:49] [SESSION 4] Processing page 72
[2026-02-11 18:25:50] [SESSION 4] Saved 10 bids from page 72
[2026-02-11 18:25:52] [SESSION 4] Processing page 73
[2026-02-11 18:25:53] [SESSION 4] Saved 8 bids from page 73
[2026-02-11 18:25:55] [SESSION 4] Processing page 74
[2026-02-11 18:25:56] [SESSION 4] Saved 9 bids from page 74
[2026-02-11 18:25:58] [SESSION 4] Processing page 75
[2026-02-11 18:25:59] [SESSION 4] Saved 10 bids from page 75
[2026-02-11 18:26:01] [SESSION 4] Processing page 76
[2026-02-11 18:26:02] [SESSION 4] Saved 9 bids from page 76
[2026-02-11 18:26:05] [SESSION 4] Processing page 77
[2026-02-11 18:26:06] [SESSION 4] Saved 10 bids from page 77
[2026-02-11 18:26:09] [SESSION 4] Processing page 78
[2026-02-11 18:26:10] [SESSION 4] Saved 10 bids from page 78
[2026-02-11 18:26:14] [SESSION 4] Processing page 79
[2026-02-11 18:26:14] [SESSION 4] Saved 10 bids from page 79
[2026-02-11 18:26:17] [SESSION 4] Processing page 80
[2026-02-11 18:26:18] [SESSION 4] Saved 10 bids from page 80
[2026-02-11 18:26:20] [SESSION 4] Processing page 81
[2026-02-11 18:26:21] [SESSION 4] Saved 9 bids from page 81
[2026-02-11 18:26:23] [SESSION 4] Processing page 82
[2026-02-11 18:26:24] [SESSION 4] Saved 10 bids from page 82
[2026-02-11 18:26:26] [SESSION 4] Processing page 83
[2026-02-11 18:26:27] [SESSION 4] Saved 8 bids from page 83
[2026-02-11 18:26:29] [SESSION 4] Processing page 84
[2026-02-11 18:26:30] [SESSION 4] Saved 9 bids from page 84
[2026-02-11 18:26:33] [SESSION 4] Processing page 85
[2026-02-11 18:26:34] [SESSION 4] Saved 10 bids from page 85
[2026-02-11 18:26:37] [SESSION 4] Processing page 86
[2026-02-11 18:26:37] [SESSION 4] Saved 10 bids from page 86
[2026-02-11 18:26:41] [SESSION 4] Processing page 87
[2026-02-11 18:26:41] [SESSION 4] Saved 10 bids from page 87
[2026-02-11 18:26:45] [SESSION 4] Processing page 88
[2026-02-11 18:26:46] [SESSION 4] Saved 9 bids from page 88
[2026-02-11 18:26:49] [SESSION 4] Processing page 89
[2026-02-11 18:26:49] [SESSION 4] Saved 10 bids from page 89
[2026-02-11 18:26:53] [SESSION 4] Processing page 90
[2026-02-11 18:26:53] [SESSION 4] Saved 10 bids from page 90
[2026-02-11 18:26:56] [SESSION 4] Processing page 91
[2026-02-11 18:26:56] [SESSION 4] Saved 10 bids from page 91
[2026-02-11 18:26:59] [SESSION 4] Processing page 92
[2026-02-11 18:26:59] [SESSION 4] Saved 10 bids from page 92
[2026-02-11 18:27:02] [SESSION 4] Processing page 93
[2026-02-11 18:27:02] [SESSION 4] Saved 9 bids from page 93
[2026-02-11 18:27:06] [SESSION 4] Processing page 94
[2026-02-11 18:27:06] [SESSION 4] Saved 10 bids from page 94
[2026-02-11 18:27:10] [SESSION 4] Processing page 95
[2026-02-11 18:27:10] [SESSION 4] Saved 10 bids from page 95
[2026-02-11 18:27:14] [SESSION 4] Processing page 96
[2026-02-11 18:27:14] [SESSION 4] Saved 10 bids from page 96
[2026-02-11 18:27:18] [SESSION 4] Processing page 97
[2026-02-11 18:27:18] [SESSION 4] Saved 10 bids from page 97
[2026-02-11 18:27:26] [SESSION 4] Processing page 98
[2026-02-11 18:27:26] [SESSION 4] Saved 10 bids from page 98
[2026-02-11 18:27:30] [SESSION 4] Processing page 99
[2026-02-11 18:27:31] [SESSION 4] Saved 9 bids from page 99
[2026-02-11 18:27:34] [SESSION 4] Processing page 100
[2026-02-11 18:27:34] [SESSION 4] Saved 10 bids from page 100
[2026-02-11 18:27:37] [SESSION 4] Processing page 101
[2026-02-11 18:27:37] [SESSION 4] Saved 9 bids from page 101
[2026-02-11 18:27:40] [SESSION 4] Processing page 102
[2026-02-11 18:27:40] [SESSION 4] Saved 10 bids from page 102
[2026-02-11 18:27:43] [SESSION 4] Processing page 103
[2026-02-11 18:27:43] [SESSION 4] Saved 10 bids from page 103
[2026-02-11 18:27:46] [SESSION 4] Processing page 104
[2026-02-11 18:27:46] [SESSION 4] Saved 10 bids from page 104
[2026-02-11 18:27:49] [SESSION 4] Processing page 105
[2026-02-11 18:27:49] [SESSION 4] Saved 10 bids from page 105
[2026-02-11 18:27:52] [SESSION 4] Processing page 106
[2026-02-11 18:27:53] [SESSION 4] Saved 10 bids from page 106
[2026-02-11 18:27:56] [SESSION 4] Processing page 107
[2026-02-11 18:27:56] [SESSION 4] Saved 10 bids from page 107
[2026-02-11 18:27:59] [SESSION 4] Processing page 108
[2026-02-11 18:27:59] [SESSION 4] Saved 5 bids from page 108
[2026-02-11 18:28:01] [SESSION 4] Processing page 109
[2026-02-11 18:28:01] [SESSION 4] Saved 0 bids from page 109
[2026-02-11 18:28:01] [SESSION 4] Pagination completed safely.
[2026-02-11 18:28:01] [SESSION 4] Session completed: 28 new bids found, 109 pages processed
[2026-02-12 14:09:45] [SESSION 4] Starting scraper - Keyword: 'batter' | Output: gem_all_bids_session4.csv
[2026-02-12 14:09:55] [SESSION 4] Processing page 1
[2026-02-12 14:09:56] [SESSION 4] Saved 10 bids from page 1
[2026-02-12 14:09:58] [SESSION 4] Processing page 2
[2026-02-12 14:09:58] [SESSION 4] Saved 10 bids from page 2
[2026-02-12 14:10:00] [SESSION 4] Processing page 3
[2026-02-12 14:10:00] [SESSION 4] Saved 10 bids from page 3
[2026-02-12 14:10:02] [SESSION 4] Processing page 4
[2026-02-12 14:10:02] [SESSION 4] Saved 9 bids from page 4
[2026-02-12 14:10:04] [SESSION 4] Processing page 5
[2026-02-12 14:10:04] [SESSION 4] Saved 9 bids from page 5
[2026-02-12 14:10:05] [SESSION 4] Processing page 6
[2026-02-12 14:10:06] [SESSION 4] Saved 10 bids from page 6
[2026-02-12 14:10:07] [SESSION 4] Processing page 7
[2026-02-12 14:10:08] [SESSION 4] Saved 10 bids from page 7
[2026-02-12 14:10:09] [SESSION 4] Processing page 8
[2026-02-12 14:10:10] [SESSION 4] Saved 10 bids from page 8
[2026-02-12 14:10:11] [SESSION 4] Processing page 9
[2026-02-12 14:10:12] [SESSION 4] Saved 9 bids from page 9
[2026-02-12 14:10:13] [SESSION 4] Processing page 10
[2026-02-12 14:10:14] [SESSION 4] Saved 10 bids from page 10
[2026-02-12 14:10:16] [SESSION 4] Processing page 11
[2026-02-12 14:10:16] [SESSION 4] Saved 10 bids from page 11
[2026-02-12 14:10:18] [SESSION 4] Processing page 12
[2026-02-12 14:10:18] [SESSION 4] Saved 10 bids from page 12
[2026-02-12 14:10:20] [SESSION 4] Processing page 13
[2026-02-12 14:10:20] [SESSION 4] Saved 10 bids from page 13
[2026-02-12 14:10:22] [SESSION 4] Processing page 14
[2026-02-12 14:10:22] [SESSION 4] Saved 8 bids from page 14
[2026-02-12 14:10:24] [SESSION 4] Processing page 15
[2026-02-12 14:10:25] [SESSION 4] Saved 8 bids from page 15
[2026-02-12 14:10:26] [SESSION 4] Processing page 16
[2026-02-12 14:10:27] [SESSION 4] Saved 10 bids from page 16
[2026-02-12 14:10:28] [SESSION 4] Processing page 17
[2026-02-12 14:10:29] [SESSION 4] Saved 8 bids from page 17
[2026-02-12 14:10:30] [SESSION 4] Processing page 18
[2026-02-12 14:10:31] [SESSION 4] Saved 9 bids from page 18
[2026-02-12 14:10:32] [SESSION 4] Processing page 19
[2026-02-12 14:10:33] [SESSION 4] Saved 8 bids from page 19
[2026-02-12 14:10:34] [SESSION 4] Processing page 20
[2026-02-12 14:10:35] [SESSION 4] Saved 10 bids from page 20
[2026-02-12 14:10:36] [SESSION 4] Processing page 21
[2026-02-12 14:10:37] [SESSION 4] Saved 10 bids from page 21
[2026-02-12 14:10:38] [SESSION 4] Processing page 22
[2026-02-12 14:10:39] [SESSION 4] Saved 10 bids from page 22
[2026-02-12 14:10:40] [SESSION 4] Processing page 23
[2026-02-12 14:10:41] [SESSION 4] Saved 10 bids from page 23
[2026-02-12 14:10:42] [SESSION 4] Processing page 24
[2026-02-12 14:10:43] [SESSION 4] Saved 10 bids from page 24
[2026-02-12 14:10:44] [SESSION 4] Processing page 25
[2026-02-12 14:10:45] [SESSION 4] Saved 10 bids from page 25
[2026-02-12 14:10:46] [SESSION 4] Processing page 26
[2026-02-12 14:10:47] [SESSION 4] Saved 10 bids from page 26
[2026-02-12 14:10:48] [SESSION 4] Processing page 27
[2026-02-12 14:10:49] [SESSION 4] Saved 10 bids from page 27
[2026-02-12 14:10:50] [SESSION 4] Processing page 28
[2026-02-12 14:10:51] [SESSION 4] Saved 9 bids from page 28
[2026-02-12 14:10:52] [SESSION 4] Processing page 29
[2026-02-12 14:10:53] [SESSION 4] Saved 9 bids from page 29
[2026-02-12 14:10:54] [SESSION 4] Processing page 30
[2026-02-12 14:10:55] [SESSION 4] Saved 10 bids from page 30
[2026-02-12 14:10:56] [SESSION 4] Processing page 31
[2026-02-12 14:10:57] [SESSION 4] Saved 10 bids from page 31
[2026-02-12 14:10:58] [SESSION 4] Processing page 32
[2026-02-12 14:10:59] [SESSION 4] Saved 10 bids from page 32
[2026-02-12 14:11:00] [SESSION 4] Processing page 33
[2026-02-12 14:11:01] [SESSION 4] Saved 10 bids from page 33
[2026-02-12 14:11:02] [SESSION 4] Processing page 34
[2026-02-12 14:11:03] [SESSION 4] Saved 7 bids from page 34
[2026-02-12 14:11:05] [SESSION 4] Processing page 35
[2026-02-12 14:11:05] [SESSION 4] Saved 10 bids from page 35
[2026-02-12 14:11:07] [SESSION 4] Processing page 36
[2026-02-12 14:11:07] [SESSION 4] Saved 10 bids from page 36
[2026-02-12 14:11:09] [SESSION 4] Processing page 37
[2026-02-12 14:11:09] [SESSION 4] Saved 10 bids from page 37
[2026-02-12 14:11:11] [SESSION 4] Processing page 38
[2026-02-12 14:11:11] [SESSION 4] Saved 7 bids from page 38
[2026-02-12 14:11:13] [SESSION 4] Processing page 39
[2026-02-12 14:11:13] [SESSION 4] Saved 9 bids from page 39
[2026-02-12 14:11:15] [SESSION 4] Processing page 40
[2026-02-12 14:11:15] [SESSION 4] Saved 10 bids from page 40
[2026-02-12 14:11:17] [SESSION 4] Processing page 41
[2026-02-12 14:11:17] [SESSION 4] Saved 10 bids from page 41
[2026-02-12 14:11:19] [SESSION 4] Processing page 42
[2026-02-12 14:11:19] [SESSION 4] Saved 10 bids from page 42
[2026-02-12 14:11:21] [SESSION 4] Processing page 43
[2026-02-12 14:11:21] [SESSION 4] Saved 4 bids from page 43
[2026-02-12 14:11:23] [SESSION 4] Processing page 44
[2026-02-12 14:11:23] [SESSION 4] Saved 10 bids from page 44
[2026-02-12 14:11:25] [SESSION 4] Processing page 45
[2026-02-12 14:11:26] [SESSION 4] Saved 9 bids from page 45
[2026-02-12 14:11:27] [SESSION 4] Processing page 46
[2026-02-12 14:11:28] [SESSION 4] Saved 8 bids from page 46
[2026-02-12 14:11:29] [SESSION 4] Processing page 47
[2026-02-12 14:11:30] [SESSION 4] Saved 10 bids from page 47
[2026-02-12 14:11:31] [SESSION 4] Processing page 48
[2026-02-12 14:11:31] [SESSION 4] Saved 10 bids from page 48
[2026-02-12 14:11:33] [SESSION 4] Processing page 49
[2026-02-12 14:11:33] [SESSION 4] Saved 7 bids from page 49
[2026-02-12 14:11:35] [SESSION 4] Processing page 50
[2026-02-12 14:11:35] [SESSION 4] Saved 10 bids from page 50
[2026-02-12 14:11:37] [SESSION 4] Processing page 51
[2026-02-12 14:11:37] [SESSION 4] Saved 10 bids from page 51
[2026-02-12 14:11:39] [SESSION 4] Processing page 52
[2026-02-12 14:11:39] [SESSION 4] Saved 9 bids from page 52
[2026-02-12 14:11:41] [SESSION 4] Processing page 53
[2026-02-12 14:11:41] [SESSION 4] Saved 10 bids from page 53
[2026-02-12 14:11:43] [SESSION 4] Processing page 54
[2026-02-12 14:11:43] [SESSION 4] Saved 9 bids from page 54
[2026-02-12 14:11:45] [SESSION 4] Processing page 55
[2026-02-12 14:11:45] [SESSION 4] Saved 10 bids from page 55
[2026-02-12 14:11:47] [SESSION 4] Processing page 56
[2026-02-12 14:11:47] [SESSION 4] Saved 10 bids from page 56
[2026-02-12 14:11:49] [SESSION 4] Processing page 57
[2026-02-12 14:11:49] [SESSION 4] Saved 10 bids from page 57
[2026-02-12 14:11:51] [SESSION 4] Processing page 58
[2026-02-12 14:11:51] [SESSION 4] Saved 10 bids from page 58
[2026-02-12 14:11:53] [SESSION 4] Processing page 59
[2026-02-12 14:11:53] [SESSION 4] Saved 10 bids from page 59
[2026-02-12 14:11:55] [SESSION 4] Processing page 60
[2026-02-12 14:11:55] [SESSION 4] Saved 10 bids from page 60
[2026-02-12 14:11:57] [SESSION 4] Processing page 61
[2026-02-12 14:11:57] [SESSION 4] Saved 9 bids from page 61
[2026-02-12 14:11:59] [SESSION 4] Processing page 62
[2026-02-12 14:11:59] [SESSION 4] Saved 9 bids from page 62
[2026-02-12 14:12:01] [SESSION 4] Processing page 63
[2026-02-12 14:12:01] [SESSION 4] Saved 10 bids from page 63
[2026-02-12 14:12:03] [SESSION 4] Processing page 64
[2026-02-12 14:12:03] [SESSION 4] Saved 10 bids from page 64
[2026-02-12 14:12:05] [SESSION 4] Processing page 65
[2026-02-12 14:12:05] [SESSION 4] Saved 10 bids from page 65
[2026-02-12 14:12:08] [SESSION 4] Processing page 66
[2026-02-12 14:12:08] [SESSION 4] Saved 10 bids from page 66
[2026-02-12 14:12:10] [SESSION 4] Processing page 67
[2026-02-12 14:12:10] [SESSION 4] Saved 10 bids from page 67
[2026-02-12 14:12:12] [SESSION 4] Processing page 68
[2026-02-12 14:12:12] [SESSION 4] Saved 10 bids from page 68
[2026-02-12 14:12:14] [SESSION 4] Processing page 69
[2026-02-12 14:12:14] [SESSION 4] Saved 10 bids from page 69
[2026-02-12 14:12:16] [SESSION 4] Processing page 70
[2026-02-12 14:12:16] [SESSION 4] Saved 10 bids from page 70
[2026-02-12 14:12:18] [SESSION 4] Processing page 71
[2026-02-12 14:12:18] [SESSION 4] Saved 9 bids from page 71
[2026-02-12 14:12:20] [SESSION 4] Processing page 72
[2026-02-12 14:12:20] [SESSION 4] Saved 10 bids from page 72
[2026-02-12 14:12:22] [SESSION 4] Processing page 73
[2026-02-12 14:12:22] [SESSION 4] Saved 10 bids from page 73
[2026-02-12 14:12:24] [SESSION 4] Processing page 74
[2026-02-12 14:12:24] [SESSION 4] Saved 9 bids from page 74
[2026-02-12 14:12:26] [SESSION 4] Processing page 75
[2026-02-12 14:12:26] [SESSION 4] Saved 10 bids from page 75
[2026-02-12 14:12:28] [SESSION 4] Processing page 76
[2026-02-12 14:12:28] [SESSION 4] Saved 10 bids from page 76
[2026-02-12 14:12:30] [SESSION 4] Processing page 77
[2026-02-12 14:12:30] [SESSION 4] Saved 9 bids from page 77
[2026-02-12 14:12:32] [SESSION 4] Processing page 78
[2026-02-12 14:12:32] [SESSION 4] Saved 10 bids from page 78
[2026-02-12 14:12:34] [SESSION 4] Processing page 79
[2026-02-12 14:12:34] [SESSION 4] Saved 10 bids from page 79
[2026-02-12 14:12:36] [SESSION 4] Processing page 80
[2026-02-12 14:12:36] [SESSION 4] Saved 7 bids from page 80
[2026-02-12 14:12:38] [SESSION 4] Processing page 81
[2026-02-12 14:12:38] [SESSION 4] Saved 10 bids from page 81
[2026-02-12 14:12:40] [SESSION 4] Processing page 82
[2026-02-12 14:12:40] [SESSION 4] Saved 10 bids from page 82
[2026-02-12 14:12:42] [SESSION 4] Processing page 83
[2026-02-12 14:12:42] [SESSION 4] Saved 9 bids from page 83
[2026-02-12 14:12:44] [SESSION 4] Processing page 84
[2026-02-12 14:12:44] [SESSION 4] Saved 10 bids from page 84
[2026-02-12 14:12:46] [SESSION 4] Processing page 85
[2026-02-12 14:12:46] [SESSION 4] Saved 10 bids from page 85
[2026-02-12 14:12:48] [SESSION 4] Processing page 86
[2026-02-12 14:12:48] [SESSION 4] Saved 10 bids from page 86
[2026-02-12 14:12:50] [SESSION 4] Processing page 87
[2026-02-12 14:12:50] [SESSION 4] Saved 10 bids from page 87
[2026-02-12 14:12:52] [SESSION 4] Processing page 88
[2026-02-12 14:12:52] [SESSION 4] Saved 10 bids from page 88
[2026-02-12 14:12:54] [SESSION 4] Processing page 89
[2026-02-12 14:12:54] [SESSION 4] Saved 10 bids from page 89
[2026-02-12 14:12:56] [SESSION 4] Processing page 90
[2026-02-12 14:12:56] [SESSION 4] Saved 10 bids from page 90
[2026-02-12 14:12:58] [SESSION 4] Processing page 91
[2026-02-12 14:12:58] [SESSION 4] Saved 10 bids from page 91
[2026-02-12 14:13:00] [SESSION 4] Processing page 92
[2026-02-12 14:13:00] [SESSION 4] Saved 9 bids from page 92
[2026-02-12 14:13:02] [SESSION 4] Processing page 93
[2026-02-12 14:13:02] [SESSION 4] Saved 10 bids from page 93
[2026-02-12 14:13:04] [SESSION 4] Processing page 94
[2026-02-12 14:13:04] [SESSION 4] Saved 10 bids from page 94
[2026-02-12 14:13:06] [SESSION 4] Processing page 95
[2026-02-12 14:13:06] [SESSION 4] Saved 10 bids from page 95
[2026-02-12 14:13:08] [SESSION 4] Processing page 96
[2026-02-12 14:13:09] [SESSION 4] Saved 10 bids from page 96
[2026-02-12 14:13:10] [SESSION 4] Processing page 97
[2026-02-12 14:13:11] [SESSION 4] Saved 9 bids from page 97
[2026-02-12 14:13:13] [SESSION 4] Processing page 98
[2026-02-12 14:13:13] [SESSION 4] Saved 10 bids from page 98
[2026-02-12 14:13:15] [SESSION 4] Processing page 99
[2026-02-12 14:13:15] [SESSION 4] Saved 10 bids from page 99
[2026-02-12 14:13:17] [SESSION 4] Processing page 100
[2026-02-12 14:13:17] [SESSION 4] Saved 9 bids from page 100
[2026-02-12 14:13:19] [SESSION 4] Processing page 101
[2026-02-12 14:13:19] [SESSION 4] Saved 9 bids from page 101
[2026-02-12 14:13:21] [SESSION 4] Processing page 102
[2026-02-12 14:13:21] [SESSION 4] Saved 9 bids from page 102
[2026-02-12 14:13:23] [SESSION 4] Processing page 103
[2026-02-12 14:13:23] [SESSION 4] Saved 10 bids from page 103
[2026-02-12 14:13:25] [SESSION 4] Processing page 104
[2026-02-12 14:13:25] [SESSION 4] Saved 5 bids from page 104
[2026-02-12 14:13:27] [SESSION 4] Processing page 105
[2026-02-12 14:13:27] [SESSION 4] Saved 0 bids from page 105
[2026-02-12 14:13:27] [SESSION 4] Pagination completed safely.
[2026-02-12 14:13:28] [SESSION 4] Session completed: 32 new bids found, 105 pages processed
[2026-02-12 14:15:37] [SESSION 4] Starting scraper - Keyword: 'batter' | Output: gem_all_bids_session4.csv
[2026-02-12 14:15:45] [SESSION 4] Processing page 1
[2026-02-12 14:15:46] [SESSION 4] Saved 10 bids from page 1
[2026-02-12 14:15:48] [SESSION 4] Processing page 2
[2026-02-12 14:15:48] [SESSION 4] Saved 10 bids from page 2
[2026-02-12 14:15:50] [SESSION 4] Processing page 3
[2026-02-12 14:15:50] [SESSION 4] Saved 10 bids from page 3
[2026-02-12 14:15:52] [SESSION 4] Processing page 4
[2026-02-12 14:15:52] [SESSION 4] Saved 9 bids from page 4
[2026-02-12 14:15:54] [SESSION 4] Processing page 5
[2026-02-12 14:15:55] [SESSION 4] Saved 10 bids from page 5
[2026-02-12 14:15:56] [SESSION 4] Processing page 6
[2026-02-12 14:15:57] [SESSION 4] Saved 10 bids from page 6
[2026-02-12 14:15:58] [SESSION 4] Processing page 7
[2026-02-12 14:15:59] [SESSION 4] Saved 10 bids from page 7
[2026-02-12 14:16:00] [SESSION 4] Processing page 8
[2026-02-12 14:16:01] [SESSION 4] Saved 10 bids from page 8
[2026-02-12 14:16:02] [SESSION 4] Processing page 9
[2026-02-12 14:16:03] [SESSION 4] Saved 10 bids from page 9
[2026-02-12 14:16:05] [SESSION 4] Processing page 10
[2026-02-12 14:16:05] [SESSION 4] Saved 9 bids from page 10
[2026-02-12 14:16:07] [SESSION 4] Processing page 11
[2026-02-12 14:16:07] [SESSION 4] Saved 10 bids from page 11
[2026-02-12 14:16:09] [SESSION 4] Processing page 12
[2026-02-12 14:16:09] [SESSION 4] Saved 10 bids from page 12
[2026-02-12 14:16:11] [SESSION 4] Processing page 13
[2026-02-12 14:16:12] [SESSION 4] Saved 10 bids from page 13
[2026-02-12 14:16:13] [SESSION 4] Processing page 14
[2026-02-12 14:16:14] [SESSION 4] Saved 9 bids from page 14
[2026-02-12 14:16:15] [SESSION 4] Processing page 15
[2026-02-12 14:16:16] [SESSION 4] Saved 8 bids from page 15
[2026-02-12 14:16:18] [SESSION 4] Processing page 16
[2026-02-12 14:16:18] [SESSION 4] Saved 10 bids from page 16
[2026-02-12 14:16:20] [SESSION 4] Processing page 17
[2026-02-12 14:16:20] [SESSION 4] Saved 10 bids from page 17
[2026-02-12 14:16:22] [SESSION 4] Processing page 18
[2026-02-12 14:16:22] [SESSION 4] Saved 10 bids from page 18
[2026-02-12 14:16:24] [SESSION 4] Processing page 19
[2026-02-12 14:16:24] [SESSION 4] Saved 10 bids from page 19
[2026-02-12 14:16:26] [SESSION 4] Processing page 20
[2026-02-12 14:16:27] [SESSION 4] Saved 10 bids from page 20
[2026-02-12 14:16:28] [SESSION 4] Processing page 21
[2026-02-12 14:16:29] [SESSION 4] Saved 10 bids from page 21
[2026-02-12 14:16:30] [SESSION 4] Processing page 22
[2026-02-12 14:16:31] [SESSION 4] Saved 10 bids from page 22
[2026-02-12 14:16:32] [SESSION 4] Processing page 23
[2026-02-12 14:16:33] [SESSION 4] Saved 10 bids from page 23
[2026-02-12 14:16:35] [SESSION 4] Processing page 24
[2026-02-12 14:16:35] [SESSION 4] Saved 10 bids from page 24
[2026-02-12 14:16:37] [SESSION 4] Processing page 25
[2026-02-12 14:16:37] [SESSION 4] Saved 10 bids from page 25
[2026-02-12 14:16:39] [SESSION 4] Processing page 26
[2026-02-12 14:16:39] [SESSION 4] Saved 10 bids from page 26
[2026-02-12 14:16:41] [SESSION 4] Processing page 27
[2026-02-12 14:16:41] [SESSION 4] Saved 10 bids from page 27
[2026-02-12 14:16:43] [SESSION 4] Processing page 28
[2026-02-12 14:16:44] [SESSION 4] Saved 10 bids from page 28
[2026-02-12 14:16:45] [SESSION 4] Processing page 29
[2026-02-12 14:16:46] [SESSION 4] Saved 10 bids from page 29
[2026-02-12 14:16:47] [SESSION 4] Processing page 30
[2026-02-12 14:16:48] [SESSION 4] Saved 10 bids from page 30
[2026-02-12 14:16:49] [SESSION 4] Processing page 31
[2026-02-12 14:16:50] [SESSION 4] Saved 10 bids from page 31
[2026-02-12 14:16:51] [SESSION 4] Processing page 32
[2026-02-12 14:16:52] [SESSION 4] Saved 10 bids from page 32
[2026-02-12 14:16:53] [SESSION 4] Processing page 33
[2026-02-12 14:16:54] [SESSION 4] Saved 10 bids from page 33
[2026-02-12 14:16:55] [SESSION 4] Processing page 34
[2026-02-12 14:16:56] [SESSION 4] Saved 9 bids from page 34
[2026-02-12 14:16:58] [SESSION 4] Processing page 35
[2026-02-12 14:16:58] [SESSION 4] Saved 8 bids from page 35
[2026-02-12 14:17:00] [SESSION 4] Processing page 36
[2026-02-12 14:17:00] [SESSION 4] Saved 7 bids from page 36
[2026-02-12 14:17:02] [SESSION 4] Processing page 37
[2026-02-12 14:17:02] [SESSION 4] Saved 9 bids from page 37
[2026-02-12 14:17:04] [SESSION 4] Processing page 38
[2026-02-12 14:17:04] [SESSION 4] Saved 6 bids from page 38
[2026-02-12 14:17:06] [SESSION 4] Processing page 39
[2026-02-12 14:17:06] [SESSION 4] Saved 10 bids from page 39
[2026-02-12 14:17:08] [SESSION 4] Processing page 40
[2026-02-12 14:17:08] [SESSION 4] Saved 10 bids from page 40
[2026-02-12 14:17:11] [SESSION 4] Processing page 41
[2026-02-12 14:17:11] [SESSION 4] Saved 10 bids from page 41
[2026-02-12 14:17:13] [SESSION 4] Processing page 42
[2026-02-12 14:17:13] [SESSION 4] Saved 9 bids from page 42
[2026-02-12 14:17:15] [SESSION 4] Processing page 43
[2026-02-12 14:17:15] [SESSION 4] Saved 10 bids from page 43
[2026-02-12 14:17:17] [SESSION 4] Processing page 44
[2026-02-12 14:17:17] [SESSION 4] Saved 10 bids from page 44
[2026-02-12 14:17:19] [SESSION 4] Processing page 45
[2026-02-12 14:17:19] [SESSION 4] Saved 10 bids from page 45
[2026-02-12 14:17:21] [SESSION 4] Processing page 46
[2026-02-12 14:17:22] [SESSION 4] Saved 10 bids from page 46
[2026-02-12 14:17:23] [SESSION 4] Processing page 47
[2026-02-12 14:17:24] [SESSION 4] Saved 9 bids from page 47
[2026-02-12 14:17:25] [SESSION 4] Processing page 48
[2026-02-12 14:17:26] [SESSION 4] Saved 10 bids from page 48
[2026-02-12 14:17:27] [SESSION 4] Processing page 49
[2026-02-12 14:17:28] [SESSION 4] Saved 10 bids from page 49
[2026-02-12 14:17:29] [SESSION 4] Processing page 50
[2026-02-12 14:17:30] [SESSION 4] Saved 10 bids from page 50
[2026-02-12 14:17:31] [SESSION 4] Processing page 51
[2026-02-12 14:17:32] [SESSION 4] Saved 8 bids from page 51
[2026-02-12 14:17:33] [SESSION 4] Processing page 52
[2026-02-12 14:17:34] [SESSION 4] Saved 9 bids from page 52
[2026-02-12 14:17:35] [SESSION 4] Processing page 53
[2026-02-12 14:17:36] [SESSION 4] Saved 10 bids from page 53
[2026-02-12 14:17:37] [SESSION 4] Processing page 54
[2026-02-12 14:17:38] [SESSION 4] Saved 10 bids from page 54
[2026-02-12 14:17:40] [SESSION 4] Processing page 55
[2026-02-12 14:17:40] [SESSION 4] Saved 10 bids from page 55
[2026-02-12 14:17:42] [SESSION 4] Processing page 56
[2026-02-12 14:17:42] [SESSION 4] Saved 9 bids from page 56
[2026-02-12 14:17:44] [SESSION 4] Processing page 57
[2026-02-12 14:17:44] [SESSION 4] Saved 10 bids from page 57
[2026-02-12 14:17:46] [SESSION 4] Processing page 58
[2026-02-12 14:17:47] [SESSION 4] Saved 10 bids from page 58
[2026-02-12 14:17:48] [SESSION 4] Processing page 59
[2026-02-12 14:17:49] [SESSION 4] Saved 10 bids from page 59
[2026-02-12 14:17:50] [SESSION 4] Processing page 60
[2026-02-12 14:17:51] [SESSION 4] Saved 10 bids from page 60
[2026-02-12 14:17:52] [SESSION 4] Processing page 61
[2026-02-12 14:17:53] [SESSION 4] Saved 10 bids from page 61
[2026-02-12 14:17:54] [SESSION 4] Processing page 62
[2026-02-12 14:17:55] [SESSION 4] Saved 7 bids from page 62
[2026-02-12 14:17:56] [SESSION 4] Processing page 63
[2026-02-12 14:17:57] [SESSION 4] Saved 10 bids from page 63
[2026-02-12 14:17:58] [SESSION 4] Processing page 64
[2026-02-12 14:17:59] [SESSION 4] Saved 9 bids from page 64
[2026-02-12 14:18:00] [SESSION 4] Processing page 65
[2026-02-12 14:18:01] [SESSION 4] Saved 10 bids from page 65
[2026-02-12 14:18:02] [SESSION 4] Processing page 66
[2026-02-12 14:18:03] [SESSION 4] Saved 10 bids from page 66
[2026-02-12 14:18:04] [SESSION 4] Processing page 67
[2026-02-12 14:18:05] [SESSION 4] Saved 10 bids from page 67
[2026-02-12 14:18:06] [SESSION 4] Processing page 68
[2026-02-12 14:18:06] [SESSION 4] Saved 8 bids from page 68
[2026-02-12 14:18:08] [SESSION 4] Processing page 69
[2026-02-12 14:18:09] [SESSION 4] Saved 9 bids from page 69
[2026-02-12 14:18:10] [SESSION 4] Processing page 70
[2026-02-12 14:18:11] [SESSION 4] Saved 10 bids from page 70
[2026-02-12 14:18:12] [SESSION 4] Processing page 71
[2026-02-12 14:18:13] [SESSION 4] Saved 10 bids from page 71
[2026-02-12 14:18:14] [SESSION 4] Processing page 72
[2026-02-12 14:18:15] [SESSION 4] Saved 10 bids from page 72
[2026-02-12 14:18:16] [SESSION 4] Processing page 73
[2026-02-12 14:18:17] [SESSION 4] Saved 10 bids from page 73
[2026-02-12 14:18:19] [SESSION 4] Processing page 74
[2026-02-12 14:18:19] [SESSION 4] Saved 10 bids from page 74
[2026-02-12 14:18:21] [SESSION 4] Processing page 75
[2026-02-12 14:18:21] [SESSION 4] Saved 10 bids from page 75
[2026-02-12 14:18:23] [SESSION 4] Processing page 76
[2026-02-12 14:18:23] [SESSION 4] Saved 9 bids from page 76
[2026-02-12 14:18:25] [SESSION 4] Processing page 77
[2026-02-12 14:18:25] [SESSION 4] Saved 10 bids from page 77
[2026-02-12 14:18:27] [SESSION 4] Processing page 78
[2026-02-12 14:18:27] [SESSION 4] Saved 10 bids from page 78
[2026-02-12 14:18:29] [SESSION 4] Processing page 79
[2026-02-12 14:18:30] [SESSION 4] Saved 9 bids from page 79
[2026-02-12 14:18:31] [SESSION 4] Processing page 80
[2026-02-12 14:18:32] [SESSION 4] Saved 10 bids from page 80
[2026-02-12 14:18:33] [SESSION 4] Processing page 81
[2026-02-12 14:18:34] [SESSION 4] Saved 10 bids from page 81
[2026-02-12 14:18:35] [SESSION 4] Processing page 82
[2026-02-12 14:18:36] [SESSION 4] Saved 10 bids from page 82
[2026-02-12 14:18:37] [SESSION 4] Processing page 83
[2026-02-12 14:18:38] [SESSION 4] Saved 10 bids from page 83
[2026-02-12 14:18:40] [SESSION 4] Processing page 84
[2026-02-12 14:18:40] [SESSION 4] Saved 10 bids from page 84
[2026-02-12 14:18:42] [SESSION 4] Processing page 85
[2026-02-12 14:18:43] [SESSION 4] Saved 10 bids from page 85
[2026-02-12 14:18:44] [SESSION 4] Processing page 86
[2026-02-12 14:18:45] [SESSION 4] Saved 10 bids from page 86
[2026-02-12 14:18:46] [SESSION 4] Processing page 87
[2026-02-12 14:18:47] [SESSION 4] Saved 10 bids from page 87
[2026-02-12 14:18:48] [SESSION 4] Processing page 88
[2026-02-12 14:18:49] [SESSION 4] Saved 10 bids from page 88
[2026-02-12 14:18:50] [SESSION 4] Processing page 89
[2026-02-12 14:18:51] [SESSION 4] Saved 10 bids from page 89
[2026-02-12 14:18:52] [SESSION 4] Processing page 90
[2026-02-12 14:18:53] [SESSION 4] Saved 10 bids from page 90
[2026-02-12 14:18:54] [SESSION 4] Processing page 91
[2026-02-12 14:18:55] [SESSION 4] Saved 9 bids from page 91
[2026-02-12 14:18:56] [SESSION 4] Processing page 92
[2026-02-12 14:18:57] [SESSION 4] Saved 10 bids from page 92
[2026-02-12 14:18:58] [SESSION 4] Processing page 93
[2026-02-12 14:18:59] [SESSION 4] Saved 10 bids from page 93
[2026-02-12 14:19:00] [SESSION 4] Processing page 94
[2026-02-12 14:19:01] [SESSION 4] Saved 10 bids from page 94
[2026-02-12 14:19:03] [SESSION 4] Processing page 95
[2026-02-12 14:19:03] [SESSION 4] Saved 10 bids from page 95
[2026-02-12 14:19:05] [SESSION 4] Processing page 96
[2026-02-12 14:19:05] [SESSION 4] Saved 10 bids from page 96
[2026-02-12 14:19:07] [SESSION 4] Processing page 97
[2026-02-12 14:19:07] [SESSION 4] Saved 10 bids from page 97
[2026-02-12 14:19:09] [SESSION 4] Processing page 98
[2026-02-12 14:19:09] [SESSION 4] Saved 10 bids from page 98
[2026-02-12 14:19:11] [SESSION 4] Processing page 99
[2026-02-12 14:19:11] [SESSION 4] Saved 10 bids from page 99
[2026-02-12 14:19:13] [SESSION 4] Processing page 100
[2026-02-12 14:19:13] [SESSION 4] Saved 10 bids from page 100
[2026-02-12 14:19:15] [SESSION 4] Processing page 101
[2026-02-12 14:19:15] [SESSION 4] Saved 9 bids from page 101
[2026-02-12 14:19:16] [SESSION 4] Processing page 102
[2026-02-12 14:19:17] [SESSION 4] Saved 10 bids from page 102
[2026-02-12 14:19:18] [SESSION 4] Processing page 103
[2026-02-12 14:19:19] [SESSION 4] Saved 10 bids from page 103
[2026-02-12 14:19:20] [SESSION 4] Processing page 104
[2026-02-12 14:19:20] [SESSION 4] Saved 5 bids from page 104
[2026-02-12 14:19:22] [SESSION 4] Processing page 105
[2026-02-12 14:19:23] [SESSION 4] Saved 0 bids from page 105
[2026-02-12 14:19:23] [SESSION 4] Pagination completed safely.
[2026-02-12 14:19:23] [SESSION 4] Session completed: 4 new bids found, 105 pages processed
[2026-02-12 14:37:56] [SESSION 4] Starting scraper - Keyword: 'batter' | Output: gem_all_bids_session4.csv
[2026-02-12 14:38:06] [SESSION 4] Processing page 1
[2026-02-12 14:38:06] [SESSION 4] Saved 10 bids from page 1
[2026-02-12 14:38:08] [SESSION 4] Processing page 2
[2026-02-12 14:38:08] [SESSION 4] Saved 8 bids from page 2
[2026-02-12 14:38:10] [SESSION 4] Processing page 3
[2026-02-12 14:38:10] [SESSION 4] Saved 10 bids from page 3
[2026-02-12 14:38:12] [SESSION 4] Processing page 4
[2026-02-12 14:38:12] [SESSION 4] Saved 10 bids from page 4
[2026-02-12 14:38:14] [SESSION 4] Processing page 5
[2026-02-12 14:38:14] [SESSION 4] Saved 9 bids from page 5
[2026-02-12 14:38:16] [SESSION 4] Processing page 6
[2026-02-12 14:38:16] [SESSION 4] Saved 10 bids from page 6
[2026-02-12 14:38:18] [SESSION 4] Processing page 7
[2026-02-12 14:38:18] [SESSION 4] Saved 10 bids from page 7
[2026-02-12 14:38:20] [SESSION 4] Processing page 8
[2026-02-12 14:38:20] [SESSION 4] Saved 10 bids from page 8
[2026-02-12 14:38:22] [SESSION 4] Processing page 9
[2026-02-12 14:38:22] [SESSION 4] Saved 10 bids from page 9
[2026-02-12 14:38:24] [SESSION 4] Processing page 10
[2026-02-12 14:38:24] [SESSION 4] Saved 9 bids from page 10
[2026-02-12 14:38:26] [SESSION 4] Processing page 11
[2026-02-12 14:38:26] [SESSION 4] Saved 9 bids from page 11
[2026-02-12 14:38:28] [SESSION 4] Processing page 12
[2026-02-12 14:38:28] [SESSION 4] Saved 8 bids from page 12
[2026-02-12 14:38:30] [SESSION 4] Processing page 13
[2026-02-12 14:38:31] [SESSION 4] Saved 8 bids from page 13
[2026-02-12 14:38:32] [SESSION 4] Processing page 14
[2026-02-12 14:38:33] [SESSION 4] Saved 8 bids from page 14
[2026-02-12 14:38:34] [SESSION 4] Processing page 15
[2026-02-12 14:38:35] [SESSION 4] Saved 8 bids from page 15
[2026-02-12 14:38:36] [SESSION 4] Processing page 16
[2026-02-12 14:38:37] [SESSION 4] Saved 10 bids from page 16
[2026-02-12 14:38:38] [SESSION 4] Processing page 17
[2026-02-12 14:38:39] [SESSION 4] Saved 8 bids from page 17
[2026-02-12 14:38:41] [SESSION 4] Processing page 18
[2026-02-12 14:38:41] [SESSION 4] Saved 10 bids from page 18
[2026-02-12 14:38:43] [SESSION 4] Processing page 19
[2026-02-12 14:38:43] [SESSION 4] Saved 9 bids from page 19
[2026-02-12 14:38:45] [SESSION 4] Processing page 20
[2026-02-12 14:38:45] [SESSION 4] Saved 9 bids from page 20
[2026-02-12 14:38:47] [SESSION 4] Processing page 21
[2026-02-12 14:38:48] [SESSION 4] Saved 10 bids from page 21
[2026-02-12 14:38:49] [SESSION 4] Processing page 22
[2026-02-12 14:38:50] [SESSION 4] Saved 10 bids from page 22
[2026-02-12 14:38:51] [SESSION 4] Processing page 23
[2026-02-12 14:38:52] [SESSION 4] Saved 10 bids from page 23
[2026-02-12 14:38:53] [SESSION 4] Processing page 24
[2026-02-12 14:38:54] [SESSION 4] Saved 10 bids from page 24
[2026-02-12 14:38:56] [SESSION 4] Processing page 25
[2026-02-12 14:38:56] [SESSION 4] Saved 10 bids from page 25
[2026-02-12 14:38:58] [SESSION 4] Processing page 26
[2026-02-12 14:38:58] [SESSION 4] Saved 10 bids from page 26
[2026-02-12 14:39:00] [SESSION 4] Processing page 27
[2026-02-12 14:39:01] [SESSION 4] Saved 10 bids from page 27
[2026-02-12 14:39:02] [SESSION 4] Processing page 28
[2026-02-12 14:39:03] [SESSION 4] Saved 8 bids from page 28
[2026-02-12 14:39:06] [SESSION 4] Processing page 29
[2026-02-12 14:39:06] [SESSION 4] Saved 10 bids from page 29
[2026-02-12 14:39:09] [SESSION 4] Processing page 30
[2026-02-12 14:39:09] [SESSION 4] Saved 9 bids from page 30
[2026-02-12 14:39:12] [SESSION 4] Processing page 31
[2026-02-12 14:39:13] [SESSION 4] Saved 10 bids from page 31
[2026-02-12 14:39:16] [SESSION 4] Processing page 32
[2026-02-12 14:39:17] [SESSION 4] Saved 8 bids from page 32
[2026-02-12 14:39:20] [SESSION 4] Processing page 33
[2026-02-12 14:39:21] [SESSION 4] Saved 10 bids from page 33
[2026-02-12 14:39:24] [SESSION 4] Processing page 34
[2026-02-12 14:39:25] [SESSION 4] Saved 10 bids from page 34
[2026-02-12 14:39:28] [SESSION 4] Processing page 35
[2026-02-12 14:39:29] [SESSION 4] Saved 9 bids from page 35
[2026-02-12 14:39:32] [SESSION 4] Processing page 36
[2026-02-12 14:39:33] [SESSION 4] Saved 6 bids from page 36
[2026-02-12 14:39:36] [SESSION 4] Processing page 37
[2026-02-12 14:39:36] [SESSION 4] Saved 8 bids from page 37
[2026-02-12 14:39:39] [SESSION 4] Processing page 38
[2026-02-12 14:39:40] [SESSION 4] Saved 10 bids from page 38
[2026-02-12 14:39:43] [SESSION 4] Processing page 39
[2026-02-12 14:39:44] [SESSION 4] Saved 9 bids from page 39
[2026-02-12 14:39:47] [SESSION 4] Processing page 40
[2026-02-12 14:39:48] [SESSION 4] Saved 6 bids from page 40
[2026-02-12 14:39:51] [SESSION 4] Processing page 41
[2026-02-12 14:39:52] [SESSION 4] Saved 10 bids from page 41
[2026-02-12 14:39:55] [SESSION 4] Processing page 42
[2026-02-12 14:39:56] [SESSION 4] Saved 10 bids from page 42
[2026-02-12 14:39:59] [SESSION 4] Processing page 43
[2026-02-12 14:40:00] [SESSION 4] Saved 10 bids from page 43
[2026-02-12 14:40:03] [SESSION 4] Processing page 44
[2026-02-12 14:40:04] [SESSION 4] Saved 10 bids from page 44
[2026-02-12 14:40:07] [SESSION 4] Processing page 45
[2026-02-12 14:40:08] [SESSION 4] Saved 9 bids from page 45
[2026-02-12 14:40:11] [SESSION 4] Processing page 46
[2026-02-12 14:40:12] [SESSION 4] Saved 8 bids from page 46
[2026-02-12 14:40:15] [SESSION 4] Processing page 47
[2026-02-12 14:40:16] [SESSION 4] Saved 10 bids from page 47
[2026-02-12 14:40:19] [SESSION 4] Processing page 48
[2026-02-12 14:40:20] [SESSION 4] Saved 10 bids from page 48
[2026-02-12 14:40:22] [SESSION 4] Processing page 49
[2026-02-12 14:40:23] [SESSION 4] Saved 8 bids from page 49
[2026-02-12 14:40:25] [SESSION 4] Processing page 50
[2026-02-12 14:40:26] [SESSION 4] Saved 10 bids from page 50
[2026-02-12 14:40:29] [SESSION 4] Processing page 51
[2026-02-12 14:40:30] [SESSION 4] Saved 8 bids from page 51
[2026-02-12 14:40:33] [SESSION 4] Processing page 52
[2026-02-12 14:40:34] [SESSION 4] Saved 9 bids from page 52
[2026-02-12 14:40:37] [SESSION 4] Processing page 53
[2026-02-12 14:40:38] [SESSION 4] Saved 10 bids from page 53
[2026-02-12 14:40:41] [SESSION 4] Processing page 54
[2026-02-12 14:40:42] [SESSION 4] Saved 10 bids from page 54
[2026-02-12 14:40:45] [SESSION 4] Processing page 55
[2026-02-12 14:40:46] [SESSION 4] Saved 10 bids from page 55
[2026-02-12 14:40:48] [SESSION 4] Processing page 56
[2026-02-12 14:40:49] [SESSION 4] Saved 10 bids from page 56
[2026-02-12 14:40:51] [SESSION 4] Processing page 57
[2026-02-12 14:40:52] [SESSION 4] Saved 9 bids from page 57
[2026-02-12 14:40:55] [SESSION 4] Processing page 58
[2026-02-12 14:40:56] [SESSION 4] Saved 10 bids from page 58
[2026-02-12 14:40:59] [SESSION 4] Processing page 59
[2026-02-12 14:41:00] [SESSION 4] Saved 9 bids from page 59
[2026-02-12 14:41:03] [SESSION 4] Processing page 60
[2026-02-12 14:41:04] [SESSION 4] Saved 10 bids from page 60
[2026-02-12 14:41:07] [SESSION 4] Processing page 61
[2026-02-12 14:41:08] [SESSION 4] Saved 10 bids from page 61
[2026-02-12 14:41:11] [SESSION 4] Processing page 62
[2026-02-12 14:41:12] [SESSION 4] Saved 10 bids from page 62
[2026-02-12 14:41:15] [SESSION 4] Processing page 63
[2026-02-12 14:41:16] [SESSION 4] Saved 10 bids from page 63
[2026-02-12 14:41:18] [SESSION 4] Processing page 64
[2026-02-12 14:41:19] [SESSION 4] Saved 9 bids from page 64
[2026-02-12 14:41:22] [SESSION 4] Processing page 65
[2026-02-12 14:41:23] [SESSION 4] Saved 10 bids from page 65
[2026-02-12 14:41:26] [SESSION 4] Processing page 66
[2026-02-12 14:41:27] [SESSION 4] Saved 10 bids from page 66
[2026-02-12 14:41:29] [SESSION 4] Processing page 67
[2026-02-12 14:41:30] [SESSION 4] Saved 10 bids from page 67
[2026-02-12 14:41:33] [SESSION 4] Processing page 68
[2026-02-12 14:41:34] [SESSION 4] Saved 9 bids from page 68
[2026-02-12 14:41:37] [SESSION 4] Processing page 69
[2026-02-12 14:41:38] [SESSION 4] Saved 10 bids from page 69
[2026-02-12 14:41:40] [SESSION 4] Processing page 70
[2026-02-12 14:41:41] [SESSION 4] Saved 10 bids from page 70
[2026-02-12 14:41:44] [SESSION 4] Processing page 71
[2026-02-12 14:41:45] [SESSION 4] Saved 10 bids from page 71
[2026-02-12 14:41:47] [SESSION 4] Processing page 72
[2026-02-12 14:41:48] [SESSION 4] Saved 10 bids from page 72
[2026-02-12 14:41:52] [SESSION 4] Processing page 73
[2026-02-12 14:41:52] [SESSION 4] Saved 10 bids from page 73
[2026-02-12 14:41:56] [SESSION 4] Processing page 74
[2026-02-12 14:41:56] [SESSION 4] Saved 9 bids from page 74
[2026-02-12 14:42:00] [SESSION 4] Processing page 75
[2026-02-12 14:42:00] [SESSION 4] Saved 10 bids from page 75
[2026-02-12 14:42:03] [SESSION 4] Processing page 76
[2026-02-12 14:42:03] [SESSION 4] Saved 10 bids from page 76
[2026-02-12 14:42:06] [SESSION 4] Processing page 77
[2026-02-12 14:42:06] [SESSION 4] Saved 9 bids from page 77
[2026-02-12 14:42:09] [SESSION 4] Processing page 78
[2026-02-12 14:42:09] [SESSION 4] Saved 10 bids from page 78
[2026-02-12 14:42:12] [SESSION 4] Processing page 79
[2026-02-12 14:42:12] [SESSION 4] Saved 10 bids from page 79
[2026-02-12 14:42:16] [SESSION 4] Processing page 80
[2026-02-12 14:42:16] [SESSION 4] Saved 10 bids from page 80
[2026-02-12 14:42:20] [SESSION 4] Processing page 81
[2026-02-12 14:42:20] [SESSION 4] Saved 10 bids from page 81
[2026-02-12 14:42:24] [SESSION 4] Processing page 82
[2026-02-12 14:42:24] [SESSION 4] Saved 10 bids from page 82
[2026-02-12 14:42:28] [SESSION 4] Processing page 83
[2026-02-12 14:42:28] [SESSION 4] Saved 10 bids from page 83
[2026-02-12 14:42:32] [SESSION 4] Processing page 84
[2026-02-12 14:42:32] [SESSION 4] Saved 9 bids from page 84
[2026-02-12 14:42:36] [SESSION 4] Processing page 85
[2026-02-12 14:42:36] [SESSION 4] Saved 10 bids from page 85
[2026-02-12 14:42:40] [SESSION 4] Processing page 86
[2026-02-12 14:42:40] [SESSION 4] Saved 10 bids from page 86
[2026-02-12 14:42:43] [SESSION 4] Processing page 87
[2026-02-12 14:42:43] [SESSION 4] Saved 10 bids from page 87
[2026-02-12 14:42:47] [SESSION 4] Processing page 88
[2026-02-12 14:42:47] [SESSION 4] Saved 10 bids from page 88
[2026-02-12 14:42:51] [SESSION 4] Processing page 89
[2026-02-12 14:42:52] [SESSION 4] Saved 9 bids from page 89
[2026-02-12 14:42:55] [SESSION 4] Processing page 90
[2026-02-12 14:42:55] [SESSION 4] Saved 10 bids from page 90
[2026-02-12 14:42:59] [SESSION 4] Processing page 91
[2026-02-12 14:42:59] [SESSION 4] Saved 10 bids from page 91
[2026-02-12 14:43:03] [SESSION 4] Processing page 92
[2026-02-12 14:43:03] [SESSION 4] Saved 10 bids from page 92
[2026-02-12 14:43:06] [SESSION 4] Processing page 93
[2026-02-12 14:43:06] [SESSION 4] Saved 10 bids from page 93
[2026-02-12 14:43:10] [SESSION 4] Processing page 94
[2026-02-12 14:43:10] [SESSION 4] Saved 10 bids from page 94
[2026-02-12 14:43:13] [SESSION 4] Processing page 95
[2026-02-12 14:43:13] [SESSION 4] Saved 10 bids from page 95
[2026-02-12 14:43:16] [SESSION 4] Processing page 96
[2026-02-12 14:43:16] [SESSION 4] Saved 10 bids from page 96
[2026-02-12 14:43:20] [SESSION 4] Processing page 97
[2026-02-12 14:43:20] [SESSION 4] Saved 9 bids from page 97
[2026-02-12 14:43:24] [SESSION 4] Processing page 98
[2026-02-12 14:43:24] [SESSION 4] Saved 10 bids from page 98
[2026-02-12 14:43:27] [SESSION 4] Processing page 99
[2026-02-12 14:43:27] [SESSION 4] Saved 10 bids from page 99
[2026-02-12 14:43:30] [SESSION 4] Processing page 100
[2026-02-12 14:43:30] [SESSION 4] Saved 9 bids from page 100
[2026-02-12 14:43:33] [SESSION 4] Processing page 101
[2026-02-12 14:43:33] [SESSION 4] Saved 10 bids from page 101
[2026-02-12 14:43:36] [SESSION 4] Processing page 102
[2026-02-12 14:43:36] [SESSION 4] Saved 10 bids from page 102
[2026-02-12 14:43:39] [SESSION 4] Processing page 103
[2026-02-12 14:43:39] [SESSION 4] Saved 10 bids from page 103
[2026-02-12 14:43:42] [SESSION 4] Processing page 104
[2026-02-12 14:43:42] [SESSION 4] Saved 9 bids from page 104
[2026-02-12 14:43:44] [SESSION 4] Processing page 105
[2026-02-12 14:43:44] [SESSION 4] Saved 0 bids from page 105
[2026-02-12 14:43:44] [SESSION 4] Pagination completed safely.
[2026-02-12 14:43:45] [SESSION 4] Session completed: 3 new bids found, 105 pages processed
[2026-02-14 13:02:25] [SESSION 4] Starting scraper - Keyword: 'batter' | Output: gem_all_bids_session4.csv
[2026-02-14 13:02:42] [SESSION 4] Processing page 1
[2026-02-14 13:02:43] [SESSION 4] Saved 10 bids from page 1
[2026-02-14 13:02:45] [SESSION 4] Processing page 2
[2026-02-14 13:02:46] [SESSION 4] Saved 10 bids from page 2
[2026-02-14 13:02:47] [SESSION 4] Processing page 3
[2026-02-14 13:02:48] [SESSION 4] Saved 10 bids from page 3
[2026-02-14 13:02:50] [SESSION 4] Processing page 4
[2026-02-14 13:02:50] [SESSION 4] Saved 9 bids from page 4
[2026-02-14 13:02:52] [SESSION 4] Processing page 5
[2026-02-14 13:02:53] [SESSION 4] Saved 10 bids from page 5
[2026-02-14 13:02:55] [SESSION 4] Processing page 6
[2026-02-14 13:02:55] [SESSION 4] Saved 10 bids from page 6
[2026-02-14 13:02:57] [SESSION 4] Processing page 7
[2026-02-14 13:02:57] [SESSION 4] Saved 10 bids from page 7
[2026-02-14 13:02:59] [SESSION 4] Processing page 8
[2026-02-14 13:03:00] [SESSION 4] Saved 10 bids from page 8
[2026-02-14 13:03:01] [SESSION 4] Processing page 9
[2026-02-14 13:03:02] [SESSION 4] Saved 10 bids from page 9
[2026-02-14 13:03:03] [SESSION 4] Processing page 10
[2026-02-14 13:03:04] [SESSION 4] Saved 7 bids from page 10
[2026-02-14 13:03:05] [SESSION 4] Processing page 11
[2026-02-14 13:03:06] [SESSION 4] Saved 10 bids from page 11
[2026-02-14 13:03:08] [SESSION 4] Processing page 12
[2026-02-14 13:03:09] [SESSION 4] Saved 8 bids from page 12
[2026-02-14 13:03:10] [SESSION 4] Processing page 13
[2026-02-14 13:03:11] [SESSION 4] Saved 10 bids from page 13
[2026-02-14 13:03:13] [SESSION 4] Processing page 14
[2026-02-14 13:03:13] [SESSION 4] Saved 6 bids from page 14
[2026-02-14 13:03:15] [SESSION 4] Processing page 15
[2026-02-14 13:03:16] [SESSION 4] Saved 10 bids from page 15
[2026-02-14 13:03:17] [SESSION 4] Processing page 16
[2026-02-14 13:03:18] [SESSION 4] Saved 8 bids from page 16
[2026-02-14 13:03:20] [SESSION 4] Processing page 17
[2026-02-14 13:03:20] [SESSION 4] Saved 9 bids from page 17
[2026-02-14 13:03:22] [SESSION 4] Processing page 18
[2026-02-14 13:03:23] [SESSION 4] Saved 9 bids from page 18
[2026-02-14 13:03:24] [SESSION 4] Processing page 19
[2026-02-14 13:03:25] [SESSION 4] Saved 7 bids from page 19
[2026-02-14 13:03:27] [SESSION 4] Processing page 20
[2026-02-14 13:03:27] [SESSION 4] Saved 10 bids from page 20
[2026-02-14 13:03:29] [SESSION 4] Processing page 21
[2026-02-14 13:03:30] [SESSION 4] Saved 10 bids from page 21
[2026-02-14 13:03:31] [SESSION 4] Processing page 22
[2026-02-14 13:03:32] [SESSION 4] Saved 10 bids from page 22
[2026-02-14 13:03:34] [SESSION 4] Processing page 23
[2026-02-14 13:03:36] [SESSION 4] Saved 10 bids from page 23
[2026-02-14 13:03:38] [SESSION 4] Processing page 24
[2026-02-14 13:03:39] [SESSION 4] Saved 10 bids from page 24
[2026-02-14 13:03:41] [SESSION 4] Processing page 25
[2026-02-14 13:03:43] [SESSION 4] Saved 10 bids from page 25
[2026-02-14 13:03:46] [SESSION 4] Processing page 26
[2026-02-14 13:03:47] [SESSION 4] Saved 10 bids from page 26
[2026-02-14 13:03:49] [SESSION 4] Processing page 27
[2026-02-14 13:03:50] [SESSION 4] Saved 10 bids from page 27
[2026-02-14 13:03:51] [SESSION 4] Processing page 28
[2026-02-14 13:03:53] [SESSION 4] Saved 10 bids from page 28
[2026-02-14 13:03:54] [SESSION 4] Processing page 29
[2026-02-14 13:03:55] [SESSION 4] Saved 10 bids from page 29
[2026-02-14 13:03:57] [SESSION 4] Processing page 30
[2026-02-14 13:03:57] [SESSION 4] Saved 9 bids from page 30
[2026-02-14 13:03:59] [SESSION 4] Processing page 31
[2026-02-14 13:04:00] [SESSION 4] Saved 10 bids from page 31
[2026-02-14 13:04:01] [SESSION 4] Processing page 32
[2026-02-14 13:04:02] [SESSION 4] Saved 10 bids from page 32
[2026-02-14 13:04:04] [SESSION 4] Processing page 33
[2026-02-14 13:04:05] [SESSION 4] Saved 10 bids from page 33
[2026-02-14 13:04:07] [SESSION 4] Processing page 34
[2026-02-14 13:04:08] [SESSION 4] Saved 7 bids from page 34
[2026-02-14 13:04:10] [SESSION 4] Processing page 35
[2026-02-14 13:04:10] [SESSION 4] Saved 10 bids from page 35
[2026-02-14 13:04:12] [SESSION 4] Processing page 36
[2026-02-14 13:04:14] [SESSION 4] Saved 8 bids from page 36
[2026-02-14 13:04:15] [SESSION 4] Processing page 37
[2026-02-14 13:04:16] [SESSION 4] Saved 9 bids from page 37
[2026-02-14 13:04:18] [SESSION 4] Processing page 38
[2026-02-14 13:04:19] [SESSION 4] Saved 10 bids from page 38
[2026-02-14 13:04:20] [SESSION 4] Processing page 39
[2026-02-14 13:04:21] [SESSION 4] Saved 10 bids from page 39
[2026-02-14 13:04:23] [SESSION 4] Processing page 40
[2026-02-14 13:04:24] [SESSION 4] Saved 10 bids from page 40
[2026-02-14 13:04:25] [SESSION 4] Processing page 41
[2026-02-14 13:04:27] [SESSION 4] Saved 10 bids from page 41
[2026-02-14 13:04:29] [SESSION 4] Processing page 42
[2026-02-14 13:04:30] [SESSION 4] Saved 10 bids from page 42
[2026-02-14 13:04:32] [SESSION 4] Processing page 43
[2026-02-14 13:04:33] [SESSION 4] Saved 9 bids from page 43
[2026-02-14 13:04:34] [SESSION 4] Processing page 44
[2026-02-14 13:04:36] [SESSION 4] Saved 10 bids from page 44
[2026-02-14 13:04:38] [SESSION 4] Processing page 45
[2026-02-14 13:04:39] [SESSION 4] Saved 10 bids from page 45
[2026-02-14 13:04:41] [SESSION 4] Processing page 46
[2026-02-14 13:04:42] [SESSION 4] Saved 10 bids from page 46
[2026-02-14 13:04:44] [SESSION 4] Processing page 47
[2026-02-14 13:04:45] [SESSION 4] Saved 10 bids from page 47
[2026-02-14 13:04:46] [SESSION 4] Processing page 48
[2026-02-14 13:04:47] [SESSION 4] Saved 10 bids from page 48
[2026-02-14 13:04:49] [SESSION 4] Processing page 49
[2026-02-14 13:04:50] [SESSION 4] Saved 10 bids from page 49
[2026-02-14 13:04:51] [SESSION 4] Processing page 50
[2026-02-14 13:04:52] [SESSION 4] Saved 10 bids from page 50
[2026-02-14 13:04:54] [SESSION 4] Processing page 51
[2026-02-14 13:04:54] [SESSION 4] Saved 10 bids from page 51
[2026-02-14 13:05:28] [SESSION 4] Processing page 52
[2026-02-14 13:05:30] [SESSION 4] Saved 10 bids from page 52
[2026-02-14 13:05:34] [SESSION 4] Processing page 53
[2026-02-14 13:05:35] [SESSION 4] Saved 10 bids from page 53
[2026-02-14 13:05:36] [SESSION 4] Processing page 54
[2026-02-14 13:05:37] [SESSION 4] Saved 9 bids from page 54
[2026-02-14 13:05:38] [SESSION 4] Processing page 55
[2026-02-14 13:05:39] [SESSION 4] Saved 10 bids from page 55
[2026-02-14 13:05:41] [SESSION 4] Processing page 56
[2026-02-14 13:05:41] [SESSION 4] Saved 10 bids from page 56
[2026-02-14 13:05:56] [SESSION 4] Processing page 57
[2026-02-14 13:05:56] [SESSION 4] Saved 9 bids from page 57
[2026-02-14 13:05:58] [SESSION 4] Processing page 58
[2026-02-14 13:05:59] [SESSION 4] Saved 10 bids from page 58
[2026-02-14 13:06:00] [SESSION 4] Processing page 59
[2026-02-14 13:06:01] [SESSION 4] Saved 10 bids from page 59
[2026-02-14 13:06:06] [SESSION 4] Processing page 60
[2026-02-14 13:06:06] [SESSION 4] Saved 10 bids from page 60
[2026-02-14 13:06:08] [SESSION 4] Processing page 61
[2026-02-14 13:06:08] [SESSION 4] Saved 10 bids from page 61
[2026-02-14 13:06:10] [SESSION 4] Processing page 62
[2026-02-14 13:06:11] [SESSION 4] Saved 10 bids from page 62
[2026-02-14 13:06:13] [SESSION 4] Processing page 63
[2026-02-14 13:06:13] [SESSION 4] Saved 9 bids from page 63
[2026-02-14 13:06:15] [SESSION 4] Processing page 64
[2026-02-14 13:06:15] [SESSION 4] Saved 6 bids from page 64
[2026-02-14 13:06:17] [SESSION 4] Processing page 65
[2026-02-14 13:06:17] [SESSION 4] Saved 10 bids from page 65
[2026-02-14 13:06:19] [SESSION 4] Processing page 66
[2026-02-14 13:06:20] [SESSION 4] Saved 10 bids from page 66
[2026-02-14 13:06:21] [SESSION 4] Processing page 67
[2026-02-14 13:06:22] [SESSION 4] Saved 9 bids from page 67
[2026-02-14 13:06:23] [SESSION 4] Processing page 68
[2026-02-14 13:06:24] [SESSION 4] Saved 10 bids from page 68
[2026-02-14 13:06:25] [SESSION 4] Processing page 69
[2026-02-14 13:06:26] [SESSION 4] Saved 9 bids from page 69
[2026-02-14 13:06:27] [SESSION 4] Processing page 70
[2026-02-14 13:06:28] [SESSION 4] Saved 10 bids from page 70
[2026-02-14 13:06:30] [SESSION 4] Processing page 71
[2026-02-14 13:06:30] [SESSION 4] Saved 10 bids from page 71
[2026-02-14 13:06:32] [SESSION 4] Processing page 72
[2026-02-14 13:06:33] [SESSION 4] Saved 10 bids from page 72
[2026-02-14 13:06:34] [SESSION 4] Processing page 73
[2026-02-14 13:06:35] [SESSION 4] Saved 10 bids from page 73
[2026-02-14 13:06:36] [SESSION 4] Processing page 74
[2026-02-14 13:06:37] [SESSION 4] Saved 10 bids from page 74
[2026-02-14 13:06:39] [SESSION 4] Processing page 75
[2026-02-14 13:06:39] [SESSION 4] Saved 10 bids from page 75
[2026-02-14 13:06:41] [SESSION 4] Processing page 76
[2026-02-14 13:06:41] [SESSION 4] Saved 10 bids from page 76
[2026-02-14 13:06:43] [SESSION 4] Processing page 77
[2026-02-14 13:06:43] [SESSION 4] Saved 10 bids from page 77
[2026-02-14 13:06:45] [SESSION 4] Processing page 78
[2026-02-14 13:06:45] [SESSION 4] Saved 7 bids from page 78
[2026-02-14 13:06:47] [SESSION 4] Processing page 79
[2026-02-14 13:06:47] [SESSION 4] Saved 10 bids from page 79
[2026-02-14 13:06:49] [SESSION 4] Processing page 80
[2026-02-14 13:06:49] [SESSION 4] Saved 10 bids from page 80
[2026-02-14 13:06:51] [SESSION 4] Processing page 81
[2026-02-14 13:06:51] [SESSION 4] Saved 10 bids from page 81
[2026-02-14 13:06:53] [SESSION 4] Processing page 82
[2026-02-14 13:06:54] [SESSION 4] Saved 9 bids from page 82
[2026-02-14 13:06:55] [SESSION 4] Processing page 83
[2026-02-14 13:06:56] [SESSION 4] Saved 10 bids from page 83
[2026-02-14 13:06:57] [SESSION 4] Processing page 84
[2026-02-14 13:06:58] [SESSION 4] Saved 10 bids from page 84
[2026-02-14 13:06:59] [SESSION 4] Processing page 85
[2026-02-14 13:07:00] [SESSION 4] Saved 10 bids from page 85
[2026-02-14 13:07:01] [SESSION 4] Processing page 86
[2026-02-14 13:07:02] [SESSION 4] Saved 10 bids from page 86
[2026-02-14 13:07:03] [SESSION 4] Processing page 87
[2026-02-14 13:07:04] [SESSION 4] Saved 10 bids from page 87
[2026-02-14 13:07:05] [SESSION 4] Processing page 88
[2026-02-14 13:07:06] [SESSION 4] Saved 9 bids from page 88
[2026-02-14 13:07:08] [SESSION 4] Processing page 89
[2026-02-14 13:07:09] [SESSION 4] Saved 10 bids from page 89
[2026-02-14 13:07:10] [SESSION 4] Processing page 90
[2026-02-14 13:07:11] [SESSION 4] Saved 10 bids from page 90
[2026-02-14 13:07:12] [SESSION 4] Processing page 91
[2026-02-14 13:07:13] [SESSION 4] Saved 10 bids from page 91
[2026-02-14 13:07:14] [SESSION 4] Processing page 92
[2026-02-14 13:07:15] [SESSION 4] Saved 10 bids from page 92
[2026-02-14 13:07:16] [SESSION 4] Processing page 93
[2026-02-14 13:07:17] [SESSION 4] Saved 10 bids from page 93
[2026-02-14 13:07:18] [SESSION 4] Processing page 94
[2026-02-14 13:07:19] [SESSION 4] Saved 9 bids from page 94
[2026-02-14 13:07:20] [SESSION 4] Processing page 95
[2026-02-14 13:07:21] [SESSION 4] Saved 10 bids from page 95
[2026-02-14 13:07:22] [SESSION 4] Processing page 96
[2026-02-14 13:07:23] [SESSION 4] Saved 10 bids from page 96
[2026-02-14 13:07:24] [SESSION 4] Processing page 97
[2026-02-14 13:07:25] [SESSION 4] Saved 10 bids from page 97
[2026-02-14 13:07:27] [SESSION 4] Processing page 98
[2026-02-14 13:07:27] [SESSION 4] Saved 10 bids from page 98
[2026-02-14 13:07:29] [SESSION 4] Processing page 99
[2026-02-14 13:07:29] [SESSION 4] Saved 10 bids from page 99
[2026-02-14 13:07:31] [SESSION 4] Processing page 100
[2026-02-14 13:07:31] [SESSION 4] Saved 10 bids from page 100
[2026-02-14 13:07:33] [SESSION 4] Processing page 101
[2026-02-14 13:07:34] [SESSION 4] Saved 9 bids from page 101
[2026-02-14 13:07:35] [SESSION 4] Processing page 102
[2026-02-14 13:07:36] [SESSION 4] Saved 9 bids from page 102
[2026-02-14 13:07:37] [SESSION 4] Processing page 103
[2026-02-14 13:07:38] [SESSION 4] Saved 10 bids from page 103
[2026-02-14 13:07:39] [SESSION 4] Processing page 104
[2026-02-14 13:07:40] [SESSION 4] Saved 10 bids from page 104
[2026-02-14 13:07:41] [SESSION 4] Processing page 105
[2026-02-14 13:07:42] [SESSION 4] Saved 10 bids from page 105
[2026-02-14 13:07:44] [SESSION 4] Processing page 106
[2026-02-14 13:07:44] [SESSION 4] Saved 10 bids from page 106
[2026-02-14 13:07:46] [SESSION 4] Processing page 107
[2026-02-14 13:07:47] [SESSION 4] Saved 10 bids from page 107
[2026-02-14 13:07:49] [SESSION 4] Processing page 108
[2026-02-14 13:07:49] [SESSION 4] Saved 9 bids from page 108
[2026-02-14 13:07:51] [SESSION 4] Processing page 109
[2026-02-14 13:07:51] [SESSION 4] Saved 10 bids from page 109
[2026-02-14 13:07:53] [SESSION 4] Processing page 110
[2026-02-14 13:07:53] [SESSION 4] Saved 10 bids from page 110
[2026-02-14 13:07:55] [SESSION 4] Processing page 111
[2026-02-14 13:07:55] [SESSION 4] Saved 10 bids from page 111
[2026-02-14 13:07:57] [SESSION 4] Processing page 112
[2026-02-14 13:07:57] [SESSION 4] Saved 10 bids from page 112
[2026-02-14 13:07:59] [SESSION 4] Processing page 113
[2026-02-14 13:07:59] [SESSION 4] Saved 10 bids from page 113
[2026-02-14 13:08:01] [SESSION 4] Processing page 114
[2026-02-14 13:08:01] [SESSION 4] Saved 10 bids from page 114
[2026-02-14 13:08:03] [SESSION 4] Processing page 115
[2026-02-14 13:08:03] [SESSION 4] Saved 3 bids from page 115
[2026-02-14 13:08:05] [SESSION 4] Processing page 116
[2026-02-14 13:08:05] [SESSION 4] Saved 0 bids from page 116
[2026-02-14 13:08:05] [SESSION 4] Pagination completed safely.
[2026-02-14 13:08:06] [SESSION 4] Session completed: 252 new bids found, 116 pages processed
[2026-02-14 16:23:43] [SESSION 4] Starting scraper - Keyword: 'batter' | Output: gem_all_bids_session4.csv
[2026-02-14 16:23:50] [SESSION 4] Processing page 1
[2026-02-14 16:23:51] [SESSION 4] Saved 10 bids from page 1
[2026-02-14 16:23:52] [SESSION 4] Processing page 2
[2026-02-14 16:23:53] [SESSION 4] Saved 9 bids from page 2
[2026-02-14 16:23:55] [SESSION 4] Processing page 3
[2026-02-14 16:23:55] [SESSION 4] Saved 9 bids from page 3
[2026-02-14 16:23:57] [SESSION 4] Processing page 4
[2026-02-14 16:23:58] [SESSION 4] Saved 10 bids from page 4
[2026-02-14 16:23:59] [SESSION 4] Processing page 5
[2026-02-14 16:24:00] [SESSION 4] Saved 9 bids from page 5
[2026-02-14 16:24:01] [SESSION 4] Processing page 6
[2026-02-14 16:24:02] [SESSION 4] Saved 10 bids from page 6
[2026-02-14 16:24:04] [SESSION 4] Processing page 7
[2026-02-14 16:24:04] [SESSION 4] Saved 7 bids from page 7
[2026-02-14 16:24:06] [SESSION 4] Processing page 8
[2026-02-14 16:24:06] [SESSION 4] Saved 10 bids from page 8
[2026-02-14 16:24:08] [SESSION 4] Processing page 9
[2026-02-14 16:24:08] [SESSION 4] Saved 8 bids from page 9
[2026-02-14 16:24:10] [SESSION 4] Processing page 10
[2026-02-14 16:24:11] [SESSION 4] Saved 10 bids from page 10
[2026-02-14 16:25:12] [SESSION 4] Pagination stalled. Retrying.
[2026-02-14 16:25:12] [SESSION 4] Processing page 11
[2026-02-14 16:25:13] [SESSION 4] Saved 6 bids from page 11
[2026-02-14 16:25:14] [SESSION 4] Processing page 12
[2026-02-14 16:25:15] [SESSION 4] Saved 10 bids from page 12
[2026-02-14 16:25:17] [SESSION 4] Processing page 13
[2026-02-14 16:25:20] [SESSION 4] Saved 8 bids from page 13
[2026-02-14 16:25:23] [SESSION 4] Processing page 14
[2026-02-14 16:25:25] [SESSION 4] Saved 9 bids from page 14
[2026-02-14 16:25:26] [SESSION 4] Processing page 15
[2026-02-14 16:25:28] [SESSION 4] Saved 10 bids from page 15
[2026-02-14 16:25:29] [SESSION 4] Processing page 16
[2026-02-14 16:25:31] [SESSION 4] Saved 10 bids from page 16
[2026-02-14 16:25:33] [SESSION 4] Processing page 17
[2026-02-14 16:25:34] [SESSION 4] Saved 9 bids from page 17
[2026-02-14 16:25:36] [SESSION 4] Processing page 18
[2026-02-14 16:25:37] [SESSION 4] Saved 10 bids from page 18
[2026-02-14 16:25:38] [SESSION 4] Processing page 19
[2026-02-14 16:25:39] [SESSION 4] Saved 10 bids from page 19
[2026-02-14 16:25:41] [SESSION 4] Processing page 20
[2026-02-14 16:25:42] [SESSION 4] Saved 10 bids from page 20
[2026-02-14 16:25:43] [SESSION 4] Processing page 21
[2026-02-14 16:25:44] [SESSION 4] Saved 10 bids from page 21
[2026-02-14 16:25:46] [SESSION 4] Processing page 22
[2026-02-14 16:25:48] [SESSION 4] Saved 10 bids from page 22
[2026-02-14 16:25:50] [SESSION 4] Processing page 23
[2026-02-14 16:25:51] [SESSION 4] Saved 10 bids from page 23
[2026-02-14 16:25:53] [SESSION 4] Processing page 24
[2026-02-14 16:25:54] [SESSION 4] Saved 10 bids from page 24
[2026-02-14 16:25:55] [SESSION 4] Processing page 25
[2026-02-14 16:25:56] [SESSION 4] Saved 9 bids from page 25
[2026-02-14 16:25:57] [SESSION 4] Processing page 26
[2026-02-14 16:25:59] [SESSION 4] Saved 10 bids from page 26
[2026-02-14 16:26:01] [SESSION 4] Processing page 27
[2026-02-14 16:26:01] [SESSION 4] Saved 6 bids from page 27
[2026-02-14 16:26:03] [SESSION 4] Processing page 28
[2026-02-14 16:26:03] [SESSION 4] Saved 10 bids from page 28
[2026-02-14 16:26:05] [SESSION 4] Processing page 29
[2026-02-14 16:26:05] [SESSION 4] Saved 10 bids from page 29
[2026-02-14 16:26:07] [SESSION 4] Processing page 30
[2026-02-14 16:26:08] [SESSION 4] Saved 10 bids from page 30
[2026-02-14 16:26:09] [SESSION 4] Processing page 31
[2026-02-14 16:26:10] [SESSION 4] Saved 8 bids from page 31
[2026-02-14 16:26:11] [SESSION 4] Processing page 32
[2026-02-14 16:26:12] [SESSION 4] Saved 10 bids from page 32
[2026-02-14 16:26:13] [SESSION 4] Processing page 33
[2026-02-14 16:26:14] [SESSION 4] Saved 8 bids from page 33
[2026-02-14 16:26:15] [SESSION 4] Processing page 34
[2026-02-14 16:26:16] [SESSION 4] Saved 9 bids from page 34
[2026-02-14 16:26:18] [SESSION 4] Processing page 35
[2026-02-14 16:26:18] [SESSION 4] Saved 10 bids from page 35
[2026-02-14 16:26:20] [SESSION 4] Processing page 36
[2026-02-14 16:26:20] [SESSION 4] Saved 10 bids from page 36
[2026-02-14 16:26:22] [SESSION 4] Processing page 37
[2026-02-14 16:26:22] [SESSION 4] Saved 10 bids from page 37
[2026-02-14 16:26:24] [SESSION 4] Processing page 38
[2026-02-14 16:26:24] [SESSION 4] Saved 10 bids from page 38
[2026-02-14 16:26:26] [SESSION 4] Processing page 39
[2026-02-14 16:26:26] [SESSION 4] Saved 9 bids from page 39
[2026-02-14 16:26:28] [SESSION 4] Processing page 40
[2026-02-14 16:26:28] [SESSION 4] Saved 10 bids from page 40
[2026-02-14 16:26:30] [SESSION 4] Processing page 41
[2026-02-14 16:26:30] [SESSION 4] Saved 10 bids from page 41
[2026-02-14 16:26:32] [SESSION 4] Processing page 42
[2026-02-14 16:26:32] [SESSION 4] Saved 10 bids from page 42
[2026-02-14 16:26:33] [SESSION 4] Processing page 43
[2026-02-14 16:26:34] [SESSION 4] Saved 10 bids from page 43
[2026-02-14 16:26:35] [SESSION 4] Processing page 44
[2026-02-14 16:26:36] [SESSION 4] Saved 10 bids from page 44
[2026-02-14 16:26:37] [SESSION 4] Processing page 45
[2026-02-14 16:26:38] [SESSION 4] Saved 10 bids from page 45
[2026-02-14 16:26:39] [SESSION 4] Processing page 46
[2026-02-14 16:26:40] [SESSION 4] Saved 10 bids from page 46
[2026-02-14 16:26:41] [SESSION 4] Processing page 47
[2026-02-14 16:26:42] [SESSION 4] Saved 10 bids from page 47
[2026-02-14 16:26:43] [SESSION 4] Processing page 48
[2026-02-14 16:26:44] [SESSION 4] Saved 10 bids from page 48
[2026-02-14 16:26:45] [SESSION 4] Processing page 49
[2026-02-14 16:26:46] [SESSION 4] Saved 9 bids from page 49
[2026-02-14 16:26:47] [SESSION 4] Processing page 50
[2026-02-14 16:26:48] [SESSION 4] Saved 10 bids from page 50
[2026-02-14 16:26:50] [SESSION 4] Processing page 51
[2026-02-14 16:26:50] [SESSION 4] Saved 9 bids from page 51
[2026-02-14 16:26:52] [SESSION 4] Processing page 52
[2026-02-14 16:26:52] [SESSION 4] Saved 10 bids from page 52
[2026-02-14 16:26:54] [SESSION 4] Processing page 53
[2026-02-14 16:26:54] [SESSION 4] Saved 10 bids from page 53
[2026-02-14 16:26:56] [SESSION 4] Processing page 54
[2026-02-14 16:26:56] [SESSION 4] Saved 10 bids from page 54
[2026-02-14 16:26:58] [SESSION 4] Processing page 55
[2026-02-14 16:26:58] [SESSION 4] Saved 9 bids from page 55
[2026-02-14 16:27:00] [SESSION 4] Processing page 56
[2026-02-14 16:27:00] [SESSION 4] Saved 10 bids from page 56
[2026-02-14 16:27:02] [SESSION 4] Processing page 57
[2026-02-14 16:27:02] [SESSION 4] Saved 10 bids from page 57
[2026-02-14 16:27:04] [SESSION 4] Processing page 58
[2026-02-14 16:27:04] [SESSION 4] Saved 10 bids from page 58
[2026-02-14 16:27:06] [SESSION 4] Processing page 59
[2026-02-14 16:27:06] [SESSION 4] Saved 9 bids from page 59
[2026-02-14 16:27:08] [SESSION 4] Processing page 60
[2026-02-14 16:27:08] [SESSION 4] Saved 10 bids from page 60
[2026-02-14 16:27:10] [SESSION 4] Processing page 61
[2026-02-14 16:27:10] [SESSION 4] Saved 10 bids from page 61
[2026-02-14 16:27:12] [SESSION 4] Processing page 62
[2026-02-14 16:27:12] [SESSION 4] Saved 9 bids from page 62
[2026-02-14 16:27:14] [SESSION 4] Processing page 63
[2026-02-14 16:27:14] [SESSION 4] Saved 9 bids from page 63
[2026-02-14 16:27:16] [SESSION 4] Processing page 64
[2026-02-14 16:27:16] [SESSION 4] Saved 10 bids from page 64
[2026-02-14 16:27:18] [SESSION 4] Processing page 65
[2026-02-14 16:27:18] [SESSION 4] Saved 9 bids from page 65
[2026-02-14 16:27:20] [SESSION 4] Processing page 66
[2026-02-14 16:27:20] [SESSION 4] Saved 10 bids from page 66
[2026-02-14 16:27:22] [SESSION 4] Processing page 67
[2026-02-14 16:27:22] [SESSION 4] Saved 10 bids from page 67
[2026-02-14 16:27:24] [SESSION 4] Processing page 68
[2026-02-14 16:27:24] [SESSION 4] Saved 8 bids from page 68
[2026-02-14 16:27:26] [SESSION 4] Processing page 69
[2026-02-14 16:27:26] [SESSION 4] Saved 10 bids from page 69
[2026-02-14 16:27:28] [SESSION 4] Processing page 70
[2026-02-14 16:27:28] [SESSION 4] Saved 10 bids from page 70
[2026-02-14 16:27:30] [SESSION 4] Processing page 71
[2026-02-14 16:27:30] [SESSION 4] Saved 10 bids from page 71
[2026-02-14 16:27:32] [SESSION 4] Processing page 72
[2026-02-14 16:27:32] [SESSION 4] Saved 10 bids from page 72
[2026-02-14 16:27:34] [SESSION 4] Processing page 73
[2026-02-14 16:27:34] [SESSION 4] Saved 10 bids from page 73
[2026-02-14 16:27:36] [SESSION 4] Processing page 74
[2026-02-14 16:27:36] [SESSION 4] Saved 6 bids from page 74
[2026-02-14 16:27:38] [SESSION 4] Processing page 75
[2026-02-14 16:27:38] [SESSION 4] Saved 10 bids from page 75
[2026-02-14 16:27:40] [SESSION 4] Processing page 76
[2026-02-14 16:27:40] [SESSION 4] Saved 10 bids from page 76
[2026-02-14 16:27:42] [SESSION 4] Processing page 77
[2026-02-14 16:27:42] [SESSION 4] Saved 10 bids from page 77
[2026-02-14 16:27:44] [SESSION 4] Processing page 78
[2026-02-14 16:27:44] [SESSION 4] Saved 10 bids from page 78
[2026-02-14 16:27:46] [SESSION 4] Processing page 79
[2026-02-14 16:27:46] [SESSION 4] Saved 10 bids from page 79
[2026-02-14 16:27:48] [SESSION 4] Processing page 80
[2026-02-14 16:27:48] [SESSION 4] Saved 9 bids from page 80
[2026-02-14 16:27:50] [SESSION 4] Processing page 81
[2026-02-14 16:27:50] [SESSION 4] Saved 10 bids from page 81
[2026-02-14 16:27:52] [SESSION 4] Processing page 82
[2026-02-14 16:27:52] [SESSION 4] Saved 10 bids from page 82
[2026-02-14 16:27:54] [SESSION 4] Processing page 83
[2026-02-14 16:27:54] [SESSION 4] Saved 10 bids from page 83
[2026-02-14 16:27:56] [SESSION 4] Processing page 84
[2026-02-14 16:27:56] [SESSION 4] Saved 9 bids from page 84
[2026-02-14 16:27:58] [SESSION 4] Processing page 85
[2026-02-14 16:27:58] [SESSION 4] Saved 8 bids from page 85
[2026-02-14 16:28:00] [SESSION 4] Processing page 86
[2026-02-14 16:28:00] [SESSION 4] Saved 10 bids from page 86
[2026-02-14 16:28:02] [SESSION 4] Processing page 87
[2026-02-14 16:28:02] [SESSION 4] Saved 9 bids from page 87
[2026-02-14 16:28:03] [SESSION 4] Processing page 88
[2026-02-14 16:28:04] [SESSION 4] Saved 10 bids from page 88
[2026-02-14 16:28:06] [SESSION 4] Processing page 89
[2026-02-14 16:28:06] [SESSION 4] Saved 10 bids from page 89
[2026-02-14 16:28:08] [SESSION 4] Processing page 90
[2026-02-14 16:28:08] [SESSION 4] Saved 10 bids from page 90
[2026-02-14 16:28:10] [SESSION 4] Processing page 91
[2026-02-14 16:28:10] [SESSION 4] Saved 10 bids from page 91
[2026-02-14 16:28:12] [SESSION 4] Processing page 92
[2026-02-14 16:28:12] [SESSION 4] Saved 10 bids from page 92
[2026-02-14 16:28:14] [SESSION 4] Processing page 93
[2026-02-14 16:28:14] [SESSION 4] Saved 10 bids from page 93
[2026-02-14 16:28:15] [SESSION 4] Processing page 94
[2026-02-14 16:28:16] [SESSION 4] Saved 10 bids from page 94
[2026-02-14 16:28:17] [SESSION 4] Processing page 95
[2026-02-14 16:28:18] [SESSION 4] Saved 10 bids from page 95
[2026-02-14 16:28:19] [SESSION 4] Processing page 96
[2026-02-14 16:28:20] [SESSION 4] Saved 10 bids from page 96
[2026-02-14 16:28:21] [SESSION 4] Processing page 97
[2026-02-14 16:28:22] [SESSION 4] Saved 10 bids from page 97
[2026-02-14 16:28:24] [SESSION 4] Processing page 98
[2026-02-14 16:28:24] [SESSION 4] Saved 9 bids from page 98
[2026-02-14 16:28:25] [SESSION 4] Processing page 99
[2026-02-14 16:28:26] [SESSION 4] Saved 10 bids from page 99
[2026-02-14 16:28:27] [SESSION 4] Processing page 100
[2026-02-14 16:28:28] [SESSION 4] Saved 10 bids from page 100
[2026-02-14 16:28:29] [SESSION 4] Processing page 101
[2026-02-14 16:28:30] [SESSION 4] Saved 10 bids from page 101
[2026-02-14 16:28:31] [SESSION 4] Processing page 102
[2026-02-14 16:28:32] [SESSION 4] Saved 10 bids from page 102
[2026-02-14 16:28:33] [SESSION 4] Processing page 103
[2026-02-14 16:28:34] [SESSION 4] Saved 10 bids from page 103
[2026-02-14 16:28:35] [SESSION 4] Processing page 104
[2026-02-14 16:28:36] [SESSION 4] Saved 9 bids from page 104
[2026-02-14 16:28:37] [SESSION 4] Processing page 105
[2026-02-14 16:28:38] [SESSION 4] Saved 10 bids from page 105
[2026-02-14 16:28:39] [SESSION 4] Processing page 106
[2026-02-14 16:28:39] [SESSION 4] Saved 10 bids from page 106
[2026-02-14 16:28:41] [SESSION 4] Processing page 107
[2026-02-14 16:28:41] [SESSION 4] Saved 10 bids from page 107
[2026-02-14 16:28:43] [SESSION 4] Processing page 108
[2026-02-14 16:28:43] [SESSION 4] Saved 10 bids from page 108
[2026-02-14 16:28:45] [SESSION 4] Processing page 109
[2026-02-14 16:28:45] [SESSION 4] Saved 10 bids from page 109
[2026-02-14 16:28:47] [SESSION 4] Processing page 110
[2026-02-14 16:28:47] [SESSION 4] Saved 10 bids from page 110
[2026-02-14 16:28:49] [SESSION 4] Processing page 111
[2026-02-14 16:28:49] [SESSION 4] Saved 10 bids from page 111
[2026-02-14 16:28:51] [SESSION 4] Processing page 112
[2026-02-14 16:28:51] [SESSION 4] Saved 10 bids from page 112
[2026-02-14 16:28:53] [SESSION 4] Processing page 113
[2026-02-14 16:28:53] [SESSION 4] Saved 10 bids from page 113
[2026-02-14 16:28:55] [SESSION 4] Processing page 114
[2026-02-14 16:28:55] [SESSION 4] Saved 8 bids from page 114
[2026-02-14 16:28:57] [SESSION 4] Processing page 115
[2026-02-14 16:28:58] [SESSION 4] Saved 0 bids from page 115
[2026-02-14 16:28:58] [SESSION 4] Pagination completed safely.
[2026-02-14 16:28:59] [SESSION 4] Session completed: 27 new bids found, 115 pages processed
[2026-02-16 11:02:58] [SESSION 4] Starting scraper - Keyword: 'batter' | Output: gem_all_bids_session4.csv
[2026-02-16 11:03:08] [SESSION 4] Processing page 1
[2026-02-16 11:03:09] [SESSION 4] Saved 10 bids from page 1
[2026-02-16 11:03:11] [SESSION 4] Processing page 2
[2026-02-16 11:03:12] [SESSION 4] Saved 10 bids from page 2
[2026-02-16 11:03:13] [SESSION 4] Processing page 3
[2026-02-16 11:03:14] [SESSION 4] Saved 10 bids from page 3
[2026-02-16 11:03:16] [SESSION 4] Processing page 4
[2026-02-16 11:03:17] [SESSION 4] Saved 7 bids from page 4
[2026-02-16 11:03:18] [SESSION 4] Processing page 5
[2026-02-16 11:03:19] [SESSION 4] Saved 10 bids from page 5
[2026-02-16 11:03:20] [SESSION 4] Processing page 6
[2026-02-16 11:03:21] [SESSION 4] Saved 10 bids from page 6
[2026-02-16 11:03:23] [SESSION 4] Processing page 7
[2026-02-16 11:03:23] [SESSION 4] Saved 10 bids from page 7
[2026-02-16 11:03:25] [SESSION 4] Processing page 8
[2026-02-16 11:03:26] [SESSION 4] Saved 10 bids from page 8
[2026-02-16 11:03:27] [SESSION 4] Processing page 9
[2026-02-16 11:03:28] [SESSION 4] Saved 10 bids from page 9
[2026-02-16 11:03:29] [SESSION 4] Processing page 10
[2026-02-16 11:03:30] [SESSION 4] Saved 10 bids from page 10
[2026-02-16 11:03:31] [SESSION 4] Processing page 11
[2026-02-16 11:03:32] [SESSION 4] Saved 10 bids from page 11
[2026-02-16 11:03:34] [SESSION 4] Processing page 12
[2026-02-16 11:03:34] [SESSION 4] Saved 10 bids from page 12
[2026-02-16 11:03:36] [SESSION 4] Processing page 13
[2026-02-16 11:03:36] [SESSION 4] Saved 9 bids from page 13
[2026-02-16 11:03:38] [SESSION 4] Processing page 14
[2026-02-16 11:03:39] [SESSION 4] Saved 9 bids from page 14
[2026-02-16 11:03:40] [SESSION 4] Processing page 15
[2026-02-16 11:03:41] [SESSION 4] Saved 10 bids from page 15
[2026-02-16 11:03:42] [SESSION 4] Processing page 16
[2026-02-16 11:03:43] [SESSION 4] Saved 10 bids from page 16
[2026-02-16 11:03:44] [SESSION 4] Processing page 17
[2026-02-16 11:03:45] [SESSION 4] Saved 6 bids from page 17
[2026-02-16 11:03:46] [SESSION 4] Processing page 18
[2026-02-16 11:03:47] [SESSION 4] Saved 9 bids from page 18
[2026-02-16 11:03:48] [SESSION 4] Processing page 19
[2026-02-16 11:03:49] [SESSION 4] Saved 10 bids from page 19
[2026-02-16 11:03:50] [SESSION 4] Processing page 20
[2026-02-16 11:03:51] [SESSION 4] Saved 10 bids from page 20
[2026-02-16 11:03:52] [SESSION 4] Processing page 21
[2026-02-16 11:03:53] [SESSION 4] Saved 10 bids from page 21
[2026-02-16 11:03:55] [SESSION 4] Processing page 22
[2026-02-16 11:03:55] [SESSION 4] Saved 9 bids from page 22
[2026-02-16 11:03:57] [SESSION 4] Processing page 23
[2026-02-16 11:03:57] [SESSION 4] Saved 10 bids from page 23
[2026-02-16 11:03:59] [SESSION 4] Processing page 24
[2026-02-16 11:03:59] [SESSION 4] Saved 9 bids from page 24
[2026-02-16 11:04:01] [SESSION 4] Processing page 25
[2026-02-16 11:04:01] [SESSION 4] Saved 10 bids from page 25
[2026-02-16 11:04:03] [SESSION 4] Processing page 26
[2026-02-16 11:04:03] [SESSION 4] Saved 8 bids from page 26
[2026-02-16 11:04:05] [SESSION 4] Processing page 27
[2026-02-16 11:04:05] [SESSION 4] Saved 10 bids from page 27
[2026-02-16 11:04:07] [SESSION 4] Processing page 28
[2026-02-16 11:04:07] [SESSION 4] Saved 10 bids from page 28
[2026-02-16 11:04:09] [SESSION 4] Processing page 29
[2026-02-16 11:04:09] [SESSION 4] Saved 9 bids from page 29
[2026-02-16 11:04:11] [SESSION 4] Processing page 30
[2026-02-16 11:04:11] [SESSION 4] Saved 10 bids from page 30
[2026-02-16 11:04:13] [SESSION 4] Processing page 31
[2026-02-16 11:04:13] [SESSION 4] Saved 9 bids from page 31
[2026-02-16 11:04:15] [SESSION 4] Processing page 32
[2026-02-16 11:04:15] [SESSION 4] Saved 10 bids from page 32
[2026-02-16 11:04:17] [SESSION 4] Processing page 33
[2026-02-16 11:04:18] [SESSION 4] Saved 10 bids from page 33
[2026-02-16 11:04:19] [SESSION 4] Processing page 34
[2026-02-16 11:04:20] [SESSION 4] Saved 10 bids from page 34
[2026-02-16 11:04:22] [SESSION 4] Processing page 35
[2026-02-16 11:04:23] [SESSION 4] Saved 10 bids from page 35
[2026-02-16 11:04:27] [SESSION 4] Processing page 36
[2026-02-16 11:04:29] [SESSION 4] Saved 10 bids from page 36
[2026-02-16 11:04:32] [SESSION 4] Processing page 37
[2026-02-16 11:04:32] [SESSION 4] Saved 10 bids from page 37
[2026-02-16 11:04:36] [SESSION 4] Processing page 38
[2026-02-16 11:04:37] [SESSION 4] Saved 10 bids from page 38
[2026-02-16 11:04:40] [SESSION 4] Processing page 39
[2026-02-16 11:04:41] [SESSION 4] Saved 10 bids from page 39
[2026-02-16 11:04:44] [SESSION 4] Processing page 40
[2026-02-16 11:04:45] [SESSION 4] Saved 10 bids from page 40
[2026-02-16 11:04:48] [SESSION 4] Processing page 41
[2026-02-16 11:04:51] [SESSION 4] Saved 10 bids from page 41
[2026-02-16 11:04:56] [SESSION 4] Processing page 42
[2026-02-16 11:05:00] [SESSION 4] Saved 10 bids from page 42
[2026-02-16 11:05:03] [SESSION 4] Processing page 43
[2026-02-16 11:05:05] [SESSION 4] Saved 10 bids from page 43
[2026-02-16 11:05:08] [SESSION 4] Processing page 44
[2026-02-16 11:05:09] [SESSION 4] Saved 10 bids from page 44
[2026-02-16 11:05:12] [SESSION 4] Processing page 45
[2026-02-16 11:05:13] [SESSION 4] Saved 9 bids from page 45
[2026-02-16 11:05:16] [SESSION 4] Processing page 46
[2026-02-16 11:05:16] [SESSION 4] Saved 10 bids from page 46
[2026-02-16 11:05:19] [SESSION 4] Processing page 47
[2026-02-16 11:05:21] [SESSION 4] Saved 8 bids from page 47
[2026-02-16 11:05:24] [SESSION 4] Processing page 48
[2026-02-16 11:05:25] [SESSION 4] Saved 10 bids from page 48
[2026-02-16 11:05:32] [SESSION 4] Processing page 49
[2026-02-16 11:05:33] [SESSION 4] Saved 10 bids from page 49
[2026-02-16 11:05:40] [SESSION 4] Processing page 50
[2026-02-16 11:05:41] [SESSION 4] Saved 10 bids from page 50
[2026-02-16 11:05:48] [SESSION 4] Processing page 51
[2026-02-16 11:05:49] [SESSION 4] Saved 10 bids from page 51
[2026-02-16 11:05:51] [SESSION 4] Processing page 52
[2026-02-16 11:05:52] [SESSION 4] Saved 10 bids from page 52
[2026-02-16 11:05:55] [SESSION 4] Processing page 53
[2026-02-16 11:05:57] [SESSION 4] Saved 10 bids from page 53
[2026-02-16 11:05:59] [SESSION 4] Processing page 54
[2026-02-16 11:06:00] [SESSION 4] Saved 9 bids from page 54
[2026-02-16 11:06:03] [SESSION 4] Processing page 55
[2026-02-16 11:06:04] [SESSION 4] Saved 10 bids from page 55
[2026-02-16 11:06:07] [SESSION 4] Processing page 56
[2026-02-16 11:06:08] [SESSION 4] Saved 10 bids from page 56
[2026-02-16 11:06:11] [SESSION 4] Processing page 57
[2026-02-16 11:06:12] [SESSION 4] Saved 10 bids from page 57
[2026-02-16 11:06:15] [SESSION 4] Processing page 58
[2026-02-16 11:06:16] [SESSION 4] Saved 10 bids from page 58
[2026-02-16 11:06:20] [SESSION 4] Processing page 59
[2026-02-16 11:06:21] [SESSION 4] Saved 10 bids from page 59
[2026-02-16 11:06:25] [SESSION 4] Processing page 60
[2026-02-16 11:06:36] [SESSION 4] Saved 9 bids from page 60
[2026-02-16 11:06:40] [SESSION 4] Processing page 61
[2026-02-16 11:06:41] [SESSION 4] Saved 10 bids from page 61
[2026-02-16 11:06:44] [SESSION 4] Processing page 62
[2026-02-16 11:06:45] [SESSION 4] Saved 10 bids from page 62
[2026-02-16 11:06:48] [SESSION 4] Processing page 63
[2026-02-16 11:06:49] [SESSION 4] Saved 8 bids from page 63
[2026-02-16 11:06:52] [SESSION 4] Processing page 64
[2026-02-16 11:06:54] [SESSION 4] Saved 10 bids from page 64
[2026-02-16 11:06:57] [SESSION 4] Processing page 65
[2026-02-16 11:06:57] [SESSION 4] Saved 9 bids from page 65
[2026-02-16 11:07:02] [SESSION 4] Processing page 66
[2026-02-16 11:07:07] [SESSION 4] Saved 9 bids from page 66
[2026-02-16 11:07:11] [SESSION 4] Processing page 67
[2026-02-16 11:07:18] [SESSION 4] Saved 10 bids from page 67
[2026-02-16 11:07:21] [SESSION 4] Processing page 68
[2026-02-16 11:07:22] [SESSION 4] Saved 10 bids from page 68
[2026-02-16 11:07:26] [SESSION 4] Processing page 69
[2026-02-16 11:07:27] [SESSION 4] Saved 6 bids from page 69
[2026-02-16 11:07:30] [SESSION 4] Processing page 70
[2026-02-16 11:07:30] [SESSION 4] Saved 10 bids from page 70
[2026-02-16 11:07:34] [SESSION 4] Processing page 71
[2026-02-16 11:07:34] [SESSION 4] Saved 10 bids from page 71
[2026-02-16 11:07:38] [SESSION 4] Processing page 72
[2026-02-16 11:07:38] [SESSION 4] Saved 10 bids from page 72
[2026-02-16 11:07:42] [SESSION 4] Processing page 73
[2026-02-16 11:07:42] [SESSION 4] Saved 10 bids from page 73
[2026-02-16 11:07:46] [SESSION 4] Processing page 74
[2026-02-16 11:07:47] [SESSION 4] Saved 7 bids from page 74
[2026-02-16 11:07:50] [SESSION 4] Processing page 75
[2026-02-16 11:07:51] [SESSION 4] Saved 10 bids from page 75
[2026-02-16 11:07:54] [SESSION 4] Processing page 76
[2026-02-16 11:07:55] [SESSION 4] Saved 10 bids from page 76
[2026-02-16 11:07:58] [SESSION 4] Processing page 77
[2026-02-16 11:07:59] [SESSION 4] Saved 9 bids from page 77
[2026-02-16 11:08:02] [SESSION 4] Processing page 78
[2026-02-16 11:08:03] [SESSION 4] Saved 8 bids from page 78
[2026-02-16 11:08:06] [SESSION 4] Processing page 79
[2026-02-16 11:08:07] [SESSION 4] Saved 9 bids from page 79
[2026-02-16 11:08:10] [SESSION 4] Processing page 80
[2026-02-16 11:08:10] [SESSION 4] Saved 10 bids from page 80
[2026-02-16 11:08:14] [SESSION 4] Processing page 81
[2026-02-16 11:08:14] [SESSION 4] Saved 10 bids from page 81
[2026-02-16 11:08:18] [SESSION 4] Processing page 82
[2026-02-16 11:08:18] [SESSION 4] Saved 10 bids from page 82
[2026-02-16 11:08:21] [SESSION 4] Processing page 83
[2026-02-16 11:08:21] [SESSION 4] Saved 6 bids from page 83
[2026-02-16 11:08:26] [SESSION 4] Processing page 84
[2026-02-16 11:08:26] [SESSION 4] Saved 10 bids from page 84
[2026-02-16 11:08:29] [SESSION 4] Processing page 85
[2026-02-16 11:08:30] [SESSION 4] Saved 10 bids from page 85
[2026-02-16 11:08:33] [SESSION 4] Processing page 86
[2026-02-16 11:08:33] [SESSION 4] Saved 10 bids from page 86
[2026-02-16 11:08:36] [SESSION 4] Processing page 87
[2026-02-16 11:08:37] [SESSION 4] Saved 9 bids from page 87
[2026-02-16 11:08:39] [SESSION 4] Processing page 88
[2026-02-16 11:08:40] [SESSION 4] Saved 9 bids from page 88
[2026-02-16 11:08:43] [SESSION 4] Processing page 89
[2026-02-16 11:08:43] [SESSION 4] Saved 6 bids from page 89
[2026-02-16 11:08:46] [SESSION 4] Processing page 90
[2026-02-16 11:08:46] [SESSION 4] Saved 10 bids from page 90
[2026-02-16 11:08:49] [SESSION 4] Processing page 91
[2026-02-16 11:08:49] [SESSION 4] Saved 10 bids from page 91
[2026-02-16 11:08:52] [SESSION 4] Processing page 92
[2026-02-16 11:08:53] [SESSION 4] Saved 10 bids from page 92
[2026-02-16 11:08:56] [SESSION 4] Processing page 93
[2026-02-16 11:08:57] [SESSION 4] Saved 10 bids from page 93
[2026-02-16 11:08:59] [SESSION 4] Processing page 94
[2026-02-16 11:09:00] [SESSION 4] Saved 10 bids from page 94
[2026-02-16 11:09:02] [SESSION 4] Processing page 95
[2026-02-16 11:09:03] [SESSION 4] Saved 10 bids from page 95
[2026-02-16 11:09:06] [SESSION 4] Processing page 96
[2026-02-16 11:09:07] [SESSION 4] Saved 10 bids from page 96
[2026-02-16 11:09:10] [SESSION 4] Processing page 97
[2026-02-16 11:09:11] [SESSION 4] Saved 10 bids from page 97
[2026-02-16 11:09:15] [SESSION 4] Processing page 98
[2026-02-16 11:09:15] [SESSION 4] Saved 10 bids from page 98
[2026-02-16 11:09:18] [SESSION 4] Processing page 99
[2026-02-16 11:09:19] [SESSION 4] Saved 8 bids from page 99
[2026-02-16 11:09:22] [SESSION 4] Processing page 100
[2026-02-16 11:09:23] [SESSION 4] Saved 10 bids from page 100
[2026-02-16 11:09:26] [SESSION 4] Processing page 101
[2026-02-16 11:09:27] [SESSION 4] Saved 9 bids from page 101
[2026-02-16 11:09:30] [SESSION 4] Processing page 102
[2026-02-16 11:09:31] [SESSION 4] Saved 10 bids from page 102
[2026-02-16 11:09:34] [SESSION 4] Processing page 103
[2026-02-16 11:09:35] [SESSION 4] Saved 10 bids from page 103
[2026-02-16 11:09:38] [SESSION 4] Processing page 104
[2026-02-16 11:09:39] [SESSION 4] Saved 10 bids from page 104
[2026-02-16 11:09:41] [SESSION 4] Processing page 105
[2026-02-16 11:09:42] [SESSION 4] Saved 10 bids from page 105
[2026-02-16 11:09:45] [SESSION 4] Processing page 106
[2026-02-16 11:09:46] [SESSION 4] Saved 9 bids from page 106
[2026-02-16 11:09:48] [SESSION 4] Processing page 107
[2026-02-16 11:09:49] [SESSION 4] Saved 10 bids from page 107
[2026-02-16 11:09:52] [SESSION 4] Processing page 108
[2026-02-16 11:09:53] [SESSION 4] Saved 10 bids from page 108
[2026-02-16 11:09:56] [SESSION 4] Processing page 109
[2026-02-16 11:09:57] [SESSION 4] Saved 10 bids from page 109
[2026-02-16 11:09:59] [SESSION 4] Processing page 110
[2026-02-16 11:10:00] [SESSION 4] Saved 9 bids from page 110
[2026-02-16 11:10:02] [SESSION 4] Processing page 111
[2026-02-16 11:10:03] [SESSION 4] Saved 10 bids from page 111
[2026-02-16 11:10:06] [SESSION 4] Processing page 112
[2026-02-16 11:10:07] [SESSION 4] Saved 10 bids from page 112
[2026-02-16 11:10:10] [SESSION 4] Processing page 113
[2026-02-16 11:10:10] [SESSION 4] Saved 1 bids from page 113
[2026-02-16 11:10:12] [SESSION 4] Processing page 114
[2026-02-16 11:10:12] [SESSION 4] Saved 0 bids from page 114
[2026-02-16 11:10:12] [SESSION 4] Pagination completed safely.
[2026-02-16 11:10:13] [SESSION 4] Session completed: 56 new bids found, 114 pages processed
[2026-02-16 11:21:11] [SESSION 4] Starting scraper - Keyword: 'batter' | Output: gem_all_bids_session4.csv
[2026-02-16 11:21:19] [SESSION 4] Processing page 1
[2026-02-16 11:21:20] [SESSION 4] Saved 10 bids from page 1
[2026-02-16 11:21:21] [SESSION 4] Processing page 2
[2026-02-16 11:21:22] [SESSION 4] Saved 10 bids from page 2
[2026-02-16 11:21:24] [SESSION 4] Processing page 3
[2026-02-16 11:21:25] [SESSION 4] Saved 7 bids from page 3
[2026-02-16 11:21:26] [SESSION 4] Processing page 4
[2026-02-16 11:21:27] [SESSION 4] Saved 10 bids from page 4
[2026-02-16 11:21:28] [SESSION 4] Processing page 5
[2026-02-16 11:21:29] [SESSION 4] Saved 9 bids from page 5
[2026-02-16 11:21:30] [SESSION 4] Processing page 6
[2026-02-16 11:21:31] [SESSION 4] Saved 10 bids from page 6
[2026-02-16 11:21:32] [SESSION 4] Processing page 7
[2026-02-16 11:21:33] [SESSION 4] Saved 10 bids from page 7
[2026-02-16 11:21:35] [SESSION 4] Processing page 8
[2026-02-16 11:21:35] [SESSION 4] Saved 10 bids from page 8
[2026-02-16 11:21:37] [SESSION 4] Processing page 9
[2026-02-16 11:21:37] [SESSION 4] Saved 10 bids from page 9
[2026-02-16 11:21:39] [SESSION 4] Processing page 10
[2026-02-16 11:21:40] [SESSION 4] Saved 10 bids from page 10
[2026-02-16 11:21:41] [SESSION 4] Processing page 11
[2026-02-16 11:21:42] [SESSION 4] Saved 8 bids from page 11
[2026-02-16 11:21:43] [SESSION 4] Processing page 12
[2026-02-16 11:21:44] [SESSION 4] Saved 10 bids from page 12
[2026-02-16 11:22:45] [SESSION 4] Pagination stalled. Retrying.
[2026-02-16 11:22:45] [SESSION 4] Processing page 13
[2026-02-16 11:22:46] [SESSION 4] Saved 0 bids from page 13
[2026-02-16 11:22:48] [SESSION 4] Processing page 14
[2026-02-16 11:22:48] [SESSION 4] Saved 10 bids from page 14
[2026-02-16 11:22:50] [SESSION 4] Processing page 15
[2026-02-16 11:22:50] [SESSION 4] Saved 8 bids from page 15
[2026-02-16 11:22:52] [SESSION 4] Processing page 16
[2026-02-16 11:22:52] [SESSION 4] Saved 6 bids from page 16
[2026-02-16 11:22:54] [SESSION 4] Processing page 17
[2026-02-16 11:22:54] [SESSION 4] Saved 10 bids from page 17
[2026-02-16 11:22:56] [SESSION 4] Processing page 18
[2026-02-16 11:22:56] [SESSION 4] Saved 9 bids from page 18
[2026-02-16 11:22:58] [SESSION 4] Processing page 19
[2026-02-16 11:22:59] [SESSION 4] Saved 10 bids from page 19
[2026-02-16 11:23:00] [SESSION 4] Processing page 20
[2026-02-16 11:23:01] [SESSION 4] Saved 10 bids from page 20
[2026-02-16 11:23:02] [SESSION 4] Processing page 21
[2026-02-16 11:23:03] [SESSION 4] Saved 9 bids from page 21
[2026-02-16 11:23:04] [SESSION 4] Processing page 22
[2026-02-16 11:23:05] [SESSION 4] Saved 10 bids from page 22
[2026-02-16 11:23:06] [SESSION 4] Processing page 23
[2026-02-16 11:23:07] [SESSION 4] Saved 10 bids from page 23
[2026-02-16 11:23:09] [SESSION 4] Processing page 24
[2026-02-16 11:23:09] [SESSION 4] Saved 10 bids from page 24
[2026-02-16 11:23:11] [SESSION 4] Processing page 25
[2026-02-16 11:23:11] [SESSION 4] Saved 10 bids from page 25
[2026-02-16 11:23:13] [SESSION 4] Processing page 26
[2026-02-16 11:23:13] [SESSION 4] Saved 8 bids from page 26
[2026-02-16 11:23:15] [SESSION 4] Processing page 27
[2026-02-16 11:23:15] [SESSION 4] Saved 10 bids from page 27
[2026-02-16 11:23:17] [SESSION 4] Processing page 28
[2026-02-16 11:23:17] [SESSION 4] Saved 10 bids from page 28
[2026-02-16 11:23:19] [SESSION 4] Processing page 29
[2026-02-16 11:23:20] [SESSION 4] Saved 9 bids from page 29
[2026-02-16 11:23:21] [SESSION 4] Processing page 30
[2026-02-16 11:23:22] [SESSION 4] Saved 10 bids from page 30
[2026-02-16 11:23:23] [SESSION 4] Processing page 31
[2026-02-16 11:23:24] [SESSION 4] Saved 10 bids from page 31
[2026-02-16 11:23:25] [SESSION 4] Processing page 32
[2026-02-16 11:23:26] [SESSION 4] Saved 10 bids from page 32
[2026-02-16 11:23:27] [SESSION 4] Processing page 33
[2026-02-16 11:23:28] [SESSION 4] Saved 9 bids from page 33
[2026-02-16 11:23:30] [SESSION 4] Processing page 34
[2026-02-16 11:23:30] [SESSION 4] Saved 10 bids from page 34
[2026-02-16 11:23:32] [SESSION 4] Processing page 35
[2026-02-16 11:23:32] [SESSION 4] Saved 9 bids from page 35
[2026-02-16 11:23:34] [SESSION 4] Processing page 36
[2026-02-16 11:23:34] [SESSION 4] Saved 10 bids from page 36
[2026-02-16 11:23:36] [SESSION 4] Processing page 37
[2026-02-16 11:23:37] [SESSION 4] Saved 10 bids from page 37
[2026-02-16 11:23:38] [SESSION 4] Processing page 38
[2026-02-16 11:23:39] [SESSION 4] Saved 10 bids from page 38
[2026-02-16 11:23:40] [SESSION 4] Processing page 39
[2026-02-16 11:23:41] [SESSION 4] Saved 9 bids from page 39
[2026-02-16 11:23:43] [SESSION 4] Processing page 40
[2026-02-16 11:23:43] [SESSION 4] Saved 9 bids from page 40
[2026-02-16 11:23:45] [SESSION 4] Processing page 41
[2026-02-16 11:23:45] [SESSION 4] Saved 9 bids from page 41
[2026-02-16 11:23:47] [SESSION 4] Processing page 42
[2026-02-16 11:23:49] [SESSION 4] Saved 10 bids from page 42
[2026-02-16 11:23:51] [SESSION 4] Processing page 43
[2026-02-16 11:23:52] [SESSION 4] Saved 10 bids from page 43
[2026-02-16 11:23:53] [SESSION 4] Processing page 44
[2026-02-16 11:23:55] [SESSION 4] Saved 10 bids from page 44
[2026-02-16 11:23:57] [SESSION 4] Processing page 45
[2026-02-16 11:23:57] [SESSION 4] Saved 9 bids from page 45
[2026-02-16 11:23:59] [SESSION 4] Processing page 46
[2026-02-16 11:24:00] [SESSION 4] Saved 10 bids from page 46
[2026-02-16 11:24:01] [SESSION 4] Processing page 47
[2026-02-16 11:24:02] [SESSION 4] Saved 9 bids from page 47
[2026-02-16 11:24:03] [SESSION 4] Processing page 48
[2026-02-16 11:24:04] [SESSION 4] Saved 9 bids from page 48
[2026-02-16 11:24:05] [SESSION 4] Processing page 49
[2026-02-16 11:24:06] [SESSION 4] Saved 9 bids from page 49
[2026-02-16 11:24:08] [SESSION 4] Processing page 50
[2026-02-16 11:24:08] [SESSION 4] Saved 10 bids from page 50
[2026-02-16 11:24:10] [SESSION 4] Processing page 51
[2026-02-16 11:24:11] [SESSION 4] Saved 10 bids from page 51
[2026-02-16 11:24:13] [SESSION 4] Processing page 52
[2026-02-16 11:24:14] [SESSION 4] Saved 10 bids from page 52
[2026-02-16 11:24:15] [SESSION 4] Processing page 53
[2026-02-16 11:24:16] [SESSION 4] Saved 10 bids from page 53
[2026-02-16 11:24:18] [SESSION 4] Processing page 54
[2026-02-16 11:24:18] [SESSION 4] Saved 10 bids from page 54
[2026-02-16 11:24:20] [SESSION 4] Processing page 55
[2026-02-16 11:24:20] [SESSION 4] Saved 9 bids from page 55
[2026-02-16 11:24:22] [SESSION 4] Processing page 56
[2026-02-16 11:24:22] [SESSION 4] Saved 10 bids from page 56
[2026-02-16 11:24:24] [SESSION 4] Processing page 57
[2026-02-16 11:24:24] [SESSION 4] Saved 10 bids from page 57
[2026-02-16 11:24:26] [SESSION 4] Processing page 58
[2026-02-16 11:24:26] [SESSION 4] Saved 10 bids from page 58
[2026-02-16 11:24:28] [SESSION 4] Processing page 59
[2026-02-16 11:24:29] [SESSION 4] Saved 10 bids from page 59
[2026-02-16 11:24:30] [SESSION 4] Processing page 60
[2026-02-16 11:24:31] [SESSION 4] Saved 10 bids from page 60
[2026-02-16 11:24:32] [SESSION 4] Processing page 61
[2026-02-16 11:24:33] [SESSION 4] Saved 9 bids from page 61
[2026-02-16 11:24:34] [SESSION 4] Processing page 62
[2026-02-16 11:24:35] [SESSION 4] Saved 8 bids from page 62
[2026-02-16 11:24:37] [SESSION 4] Processing page 63
[2026-02-16 11:24:37] [SESSION 4] Saved 9 bids from page 63
[2026-02-16 11:24:39] [SESSION 4] Processing page 64
[2026-02-16 11:24:40] [SESSION 4] Saved 10 bids from page 64
[2026-02-16 11:24:41] [SESSION 4] Processing page 65
[2026-02-16 11:24:42] [SESSION 4] Saved 10 bids from page 65
[2026-02-16 11:24:44] [SESSION 4] Processing page 66
[2026-02-16 11:24:44] [SESSION 4] Saved 10 bids from page 66
[2026-02-16 11:24:46] [SESSION 4] Processing page 67
[2026-02-16 11:24:47] [SESSION 4] Saved 10 bids from page 67
[2026-02-16 11:24:48] [SESSION 4] Processing page 68
[2026-02-16 11:24:49] [SESSION 4] Saved 8 bids from page 68
[2026-02-16 11:24:50] [SESSION 4] Processing page 69
[2026-02-16 11:24:51] [SESSION 4] Saved 7 bids from page 69
[2026-02-16 11:24:53] [SESSION 4] Processing page 70
[2026-02-16 11:24:53] [SESSION 4] Saved 9 bids from page 70
[2026-02-16 11:24:55] [SESSION 4] Processing page 71
[2026-02-16 11:24:56] [SESSION 4] Saved 8 bids from page 71
[2026-02-16 11:24:57] [SESSION 4] Processing page 72
[2026-02-16 11:24:58] [SESSION 4] Saved 7 bids from page 72
[2026-02-16 11:25:00] [SESSION 4] Processing page 73
[2026-02-16 11:25:01] [SESSION 4] Saved 8 bids from page 73
[2026-02-16 11:25:02] [SESSION 4] Processing page 74
[2026-02-16 11:25:03] [SESSION 4] Saved 9 bids from page 74
[2026-02-16 11:25:04] [SESSION 4] Processing page 75
[2026-02-16 11:25:05] [SESSION 4] Saved 9 bids from page 75
[2026-02-16 11:25:07] [SESSION 4] Processing page 76
[2026-02-16 11:25:07] [SESSION 4] Saved 9 bids from page 76
[2026-02-16 11:25:09] [SESSION 4] Processing page 77
[2026-02-16 11:25:09] [SESSION 4] Saved 10 bids from page 77
[2026-02-16 11:25:11] [SESSION 4] Processing page 78
[2026-02-16 11:25:11] [SESSION 4] Saved 10 bids from page 78
[2026-02-16 11:25:13] [SESSION 4] Processing page 79
[2026-02-16 11:25:13] [SESSION 4] Saved 10 bids from page 79
[2026-02-16 11:25:15] [SESSION 4] Processing page 80
[2026-02-16 11:25:15] [SESSION 4] Saved 9 bids from page 80
[2026-02-16 11:25:17] [SESSION 4] Processing page 81
[2026-02-16 11:25:17] [SESSION 4] Saved 10 bids from page 81
[2026-02-16 11:25:19] [SESSION 4] Processing page 82
[2026-02-16 11:25:19] [SESSION 4] Saved 10 bids from page 82
[2026-02-16 11:25:20] [SESSION 4] Processing page 83
[2026-02-16 11:25:21] [SESSION 4] Saved 10 bids from page 83
[2026-02-16 11:25:22] [SESSION 4] Processing page 84
[2026-02-16 11:25:23] [SESSION 4] Saved 10 bids from page 84
[2026-02-16 11:25:24] [SESSION 4] Processing page 85
[2026-02-16 11:25:25] [SESSION 4] Saved 10 bids from page 85
[2026-02-16 11:25:27] [SESSION 4] Processing page 86
[2026-02-16 11:25:27] [SESSION 4] Saved 10 bids from page 86
[2026-02-16 11:25:29] [SESSION 4] Processing page 87
[2026-02-16 11:25:29] [SESSION 4] Saved 10 bids from page 87
[2026-02-16 11:25:31] [SESSION 4] Processing page 88
[2026-02-16 11:25:31] [SESSION 4] Saved 9 bids from page 88
[2026-02-16 11:25:33] [SESSION 4] Processing page 89
[2026-02-16 11:25:33] [SESSION 4] Saved 8 bids from page 89
[2026-02-16 11:25:34] [SESSION 4] Processing page 90
[2026-02-16 11:25:35] [SESSION 4] Saved 9 bids from page 90
[2026-02-16 11:25:36] [SESSION 4] Processing page 91
[2026-02-16 11:25:37] [SESSION 4] Saved 10 bids from page 91
[2026-02-16 11:25:38] [SESSION 4] Processing page 92
[2026-02-16 11:25:39] [SESSION 4] Saved 10 bids from page 92
[2026-02-16 11:25:40] [SESSION 4] Processing page 93
[2026-02-16 11:25:41] [SESSION 4] Saved 10 bids from page 93
[2026-02-16 11:25:43] [SESSION 4] Processing page 94
[2026-02-16 11:25:43] [SESSION 4] Saved 10 bids from page 94
[2026-02-16 11:25:45] [SESSION 4] Processing page 95
[2026-02-16 11:25:45] [SESSION 4] Saved 10 bids from page 95
[2026-02-16 11:25:47] [SESSION 4] Processing page 96
[2026-02-16 11:25:47] [SESSION 4] Saved 9 bids from page 96
[2026-02-16 11:25:49] [SESSION 4] Processing page 97
[2026-02-16 11:25:49] [SESSION 4] Saved 10 bids from page 97
[2026-02-16 11:25:51] [SESSION 4] Processing page 98
[2026-02-16 11:25:51] [SESSION 4] Saved 9 bids from page 98
[2026-02-16 11:25:53] [SESSION 4] Processing page 99
[2026-02-16 11:25:53] [SESSION 4] Saved 9 bids from page 99
[2026-02-16 11:25:55] [SESSION 4] Processing page 100
[2026-02-16 11:25:55] [SESSION 4] Saved 10 bids from page 100
[2026-02-16 11:25:57] [SESSION 4] Processing page 101
[2026-02-16 11:25:57] [SESSION 4] Saved 10 bids from page 101
[2026-02-16 11:25:58] [SESSION 4] Processing page 102
[2026-02-16 11:25:59] [SESSION 4] Saved 10 bids from page 102
[2026-02-16 11:26:00] [SESSION 4] Processing page 103
[2026-02-16 11:26:01] [SESSION 4] Saved 10 bids from page 103
[2026-02-16 11:26:02] [SESSION 4] Processing page 104
[2026-02-16 11:26:03] [SESSION 4] Saved 10 bids from page 104
[2026-02-16 11:26:04] [SESSION 4] Processing page 105
[2026-02-16 11:26:04] [SESSION 4] Saved 10 bids from page 105
[2026-02-16 11:26:06] [SESSION 4] Processing page 106
[2026-02-16 11:26:06] [SESSION 4] Saved 10 bids from page 106
[2026-02-16 11:26:08] [SESSION 4] Processing page 107
[2026-02-16 11:26:08] [SESSION 4] Saved 10 bids from page 107
[2026-02-16 11:26:10] [SESSION 4] Processing page 108
[2026-02-16 11:26:10] [SESSION 4] Saved 10 bids from page 108
[2026-02-16 11:26:12] [SESSION 4] Processing page 109
[2026-02-16 11:26:12] [SESSION 4] Saved 10 bids from page 109
[2026-02-16 11:26:14] [SESSION 4] Processing page 110
[2026-02-16 11:26:14] [SESSION 4] Saved 10 bids from page 110
[2026-02-16 11:26:16] [SESSION 4] Processing page 111
[2026-02-16 11:26:16] [SESSION 4] Saved 10 bids from page 111
[2026-02-16 11:26:18] [SESSION 4] Processing page 112
[2026-02-16 11:26:18] [SESSION 4] Saved 10 bids from page 112
[2026-02-16 11:26:19] [SESSION 4] Processing page 113
[2026-02-16 11:26:20] [SESSION 4] Saved 5 bids from page 113
[2026-02-16 11:26:22] [SESSION 4] Processing page 114
[2026-02-16 11:26:22] [SESSION 4] Saved 0 bids from page 114
[2026-02-16 11:26:22] [SESSION 4] Pagination completed safely.
[2026-02-16 11:26:22] [SESSION 4] Session completed: 4 new bids found, 114 pages processed
[2026-02-16 11:30:59] [SESSION 4] Starting scraper - Keyword: 'batter' | Output: gem_all_bids_session4.csv
[2026-02-16 11:31:08] [SESSION 4] Processing page 1
[2026-02-16 11:31:09] [SESSION 4] Saved 10 bids from page 1
[2026-02-16 11:31:11] [SESSION 4] Processing page 2
[2026-02-16 11:31:11] [SESSION 4] Saved 4 bids from page 2
[2026-02-16 11:31:13] [SESSION 4] Processing page 3
[2026-02-16 11:31:14] [SESSION 4] Saved 9 bids from page 3
[2026-02-16 11:31:15] [SESSION 4] Processing page 4
[2026-02-16 11:31:16] [SESSION 4] Saved 10 bids from page 4
[2026-02-16 11:31:17] [SESSION 4] Processing page 5
[2026-02-16 11:31:18] [SESSION 4] Saved 10 bids from page 5
[2026-02-16 11:31:20] [SESSION 4] Processing page 6
[2026-02-16 11:31:21] [SESSION 4] Saved 9 bids from page 6
[2026-02-16 11:31:22] [SESSION 4] Processing page 7
[2026-02-16 11:31:23] [SESSION 4] Saved 10 bids from page 7
[2026-02-16 11:31:24] [SESSION 4] Processing page 8
[2026-02-16 11:31:25] [SESSION 4] Saved 10 bids from page 8
[2026-02-16 11:31:26] [SESSION 4] Processing page 9
[2026-02-16 11:31:27] [SESSION 4] Saved 10 bids from page 9
[2026-02-16 11:31:29] [SESSION 4] Processing page 10
[2026-02-16 11:31:29] [SESSION 4] Saved 5 bids from page 10
[2026-02-16 11:31:31] [SESSION 4] Processing page 11
[2026-02-16 11:31:32] [SESSION 4] Saved 10 bids from page 11
[2026-02-16 11:31:34] [SESSION 4] Processing page 12
[2026-02-16 11:31:34] [SESSION 4] Saved 10 bids from page 12
[2026-02-16 11:31:36] [SESSION 4] Processing page 13
[2026-02-16 11:31:37] [SESSION 4] Saved 10 bids from page 13
[2026-02-16 11:31:39] [SESSION 4] Processing page 14
[2026-02-16 11:31:39] [SESSION 4] Saved 10 bids from page 14
[2026-02-16 11:31:41] [SESSION 4] Processing page 15
[2026-02-16 11:31:41] [SESSION 4] Saved 10 bids from page 15
[2026-02-16 11:31:43] [SESSION 4] Processing page 16
[2026-02-16 11:31:43] [SESSION 4] Saved 10 bids from page 16
[2026-02-16 11:31:45] [SESSION 4] Processing page 17
[2026-02-16 11:31:45] [SESSION 4] Saved 5 bids from page 17
[2026-02-16 11:31:47] [SESSION 4] Processing page 18
[2026-02-16 11:31:47] [SESSION 4] Saved 8 bids from page 18
[2026-02-16 11:31:49] [SESSION 4] Processing page 19
[2026-02-16 11:31:50] [SESSION 4] Saved 9 bids from page 19
[2026-02-16 11:31:51] [SESSION 4] Processing page 20
[2026-02-16 11:31:52] [SESSION 4] Saved 8 bids from page 20
[2026-02-16 11:31:54] [SESSION 4] Processing page 21
[2026-02-16 11:31:54] [SESSION 4] Saved 10 bids from page 21
[2026-02-16 11:31:56] [SESSION 4] Processing page 22
[2026-02-16 11:31:56] [SESSION 4] Saved 9 bids from page 22
[2026-02-16 11:31:58] [SESSION 4] Processing page 23
[2026-02-16 11:31:58] [SESSION 4] Saved 10 bids from page 23
[2026-02-16 11:32:00] [SESSION 4] Processing page 24
[2026-02-16 11:32:00] [SESSION 4] Saved 10 bids from page 24
[2026-02-16 11:32:02] [SESSION 4] Processing page 25
[2026-02-16 11:32:03] [SESSION 4] Saved 10 bids from page 25
[2026-02-16 11:32:04] [SESSION 4] Processing page 26
[2026-02-16 11:32:05] [SESSION 4] Saved 7 bids from page 26
[2026-02-16 11:32:06] [SESSION 4] Processing page 27
[2026-02-16 11:32:07] [SESSION 4] Saved 10 bids from page 27
[2026-02-16 11:32:08] [SESSION 4] Processing page 28
[2026-02-16 11:32:09] [SESSION 4] Saved 10 bids from page 28
[2026-02-16 11:32:11] [SESSION 4] Processing page 29
[2026-02-16 11:32:12] [SESSION 4] Saved 10 bids from page 29
[2026-02-16 11:32:14] [SESSION 4] Processing page 30
[2026-02-16 11:32:17] [SESSION 4] Saved 10 bids from page 30
[2026-02-16 11:32:19] [SESSION 4] Processing page 31
[2026-02-16 11:32:20] [SESSION 4] Saved 10 bids from page 31
[2026-02-16 11:32:22] [SESSION 4] Processing page 32
[2026-02-16 11:32:23] [SESSION 4] Saved 9 bids from page 32
[2026-02-16 11:32:25] [SESSION 4] Processing page 33
[2026-02-16 11:32:26] [SESSION 4] Saved 10 bids from page 33
[2026-02-16 11:32:27] [SESSION 4] Processing page 34
[2026-02-16 11:32:28] [SESSION 4] Saved 10 bids from page 34
[2026-02-16 11:32:30] [SESSION 4] Processing page 35
[2026-02-16 11:32:30] [SESSION 4] Saved 10 bids from page 35
[2026-02-16 11:32:32] [SESSION 4] Processing page 36
[2026-02-16 11:32:33] [SESSION 4] Saved 10 bids from page 36
[2026-02-16 11:32:35] [SESSION 4] Processing page 37
[2026-02-16 11:32:35] [SESSION 4] Saved 10 bids from page 37
[2026-02-16 11:32:37] [SESSION 4] Processing page 38
[2026-02-16 11:32:37] [SESSION 4] Saved 10 bids from page 38
[2026-02-16 11:32:39] [SESSION 4] Processing page 39
[2026-02-16 11:32:39] [SESSION 4] Saved 10 bids from page 39
[2026-02-16 11:32:41] [SESSION 4] Processing page 40
[2026-02-16 11:32:42] [SESSION 4] Saved 9 bids from page 40
[2026-02-16 11:32:43] [SESSION 4] Processing page 41
[2026-02-16 11:32:44] [SESSION 4] Saved 10 bids from page 41
[2026-02-16 11:32:46] [SESSION 4] Processing page 42
[2026-02-16 11:32:46] [SESSION 4] Saved 10 bids from page 42
[2026-02-16 11:32:48] [SESSION 4] Processing page 43
[2026-02-16 11:32:49] [SESSION 4] Saved 10 bids from page 43
[2026-02-16 11:32:51] [SESSION 4] Processing page 44
[2026-02-16 11:32:52] [SESSION 4] Saved 9 bids from page 44
[2026-02-16 11:32:53] [SESSION 4] Processing page 45
[2026-02-16 11:32:54] [SESSION 4] Saved 10 bids from page 45
[2026-02-16 11:32:56] [SESSION 4] Processing page 46
[2026-02-16 11:32:56] [SESSION 4] Saved 10 bids from page 46
[2026-02-16 11:32:58] [SESSION 4] Processing page 47
[2026-02-16 11:32:58] [SESSION 4] Saved 9 bids from page 47
[2026-02-16 11:33:00] [SESSION 4] Processing page 48
[2026-02-16 11:33:00] [SESSION 4] Saved 10 bids from page 48
[2026-02-16 11:33:02] [SESSION 4] Processing page 49
[2026-02-16 11:33:02] [SESSION 4] Saved 10 bids from page 49
[2026-02-16 11:33:04] [SESSION 4] Processing page 50
[2026-02-16 11:33:05] [SESSION 4] Saved 10 bids from page 50
[2026-02-16 11:33:06] [SESSION 4] Processing page 51
[2026-02-16 11:33:07] [SESSION 4] Saved 10 bids from page 51
[2026-02-16 11:33:09] [SESSION 4] Processing page 52
[2026-02-16 11:33:10] [SESSION 4] Saved 10 bids from page 52
[2026-02-16 11:33:12] [SESSION 4] Processing page 53
[2026-02-16 11:33:12] [SESSION 4] Saved 10 bids from page 53
[2026-02-16 11:33:14] [SESSION 4] Processing page 54
[2026-02-16 11:33:15] [SESSION 4] Saved 10 bids from page 54
[2026-02-16 11:34:16] [SESSION 4] Pagination stalled. Retrying.
[2026-02-16 11:34:16] [SESSION 4] Processing page 55
[2026-02-16 11:34:18] [SESSION 4] Saved 9 bids from page 55
[2026-02-16 11:34:20] [SESSION 4] Processing page 56
[2026-02-16 11:34:22] [SESSION 4] Saved 10 bids from page 56
[2026-02-16 11:34:25] [SESSION 4] Processing page 57
[2026-02-16 11:34:27] [SESSION 4] Saved 10 bids from page 57
[2026-02-16 11:34:29] [SESSION 4] Processing page 58
[2026-02-16 11:34:30] [SESSION 4] Saved 10 bids from page 58
[2026-02-16 11:34:32] [SESSION 4] Processing page 59
[2026-02-16 11:34:33] [SESSION 4] Saved 10 bids from page 59
[2026-02-16 11:34:35] [SESSION 4] Processing page 60
[2026-02-16 11:34:35] [SESSION 4] Saved 10 bids from page 60
[2026-02-16 11:34:37] [SESSION 4] Processing page 61
[2026-02-16 11:34:37] [SESSION 4] Saved 7 bids from page 61
[2026-02-16 11:34:39] [SESSION 4] Processing page 62
[2026-02-16 11:34:40] [SESSION 4] Saved 9 bids from page 62
[2026-02-16 11:34:41] [SESSION 4] Processing page 63
[2026-02-16 11:34:43] [SESSION 4] Saved 9 bids from page 63
[2026-02-16 11:34:44] [SESSION 4] Processing page 64
[2026-02-16 11:34:45] [SESSION 4] Saved 10 bids from page 64
[2026-02-16 11:34:47] [SESSION 4] Processing page 65
[2026-02-16 11:34:47] [SESSION 4] Saved 10 bids from page 65
[2026-02-16 11:34:49] [SESSION 4] Processing page 66
[2026-02-16 11:34:49] [SESSION 4] Saved 10 bids from page 66
[2026-02-16 11:34:51] [SESSION 4] Processing page 67
[2026-02-16 11:34:51] [SESSION 4] Saved 7 bids from page 67
[2026-02-16 11:34:53] [SESSION 4] Processing page 68
[2026-02-16 11:34:54] [SESSION 4] Saved 10 bids from page 68
[2026-02-16 11:34:56] [SESSION 4] Processing page 69
[2026-02-16 11:34:56] [SESSION 4] Saved 8 bids from page 69
[2026-02-16 11:34:58] [SESSION 4] Processing page 70
[2026-02-16 11:34:58] [SESSION 4] Saved 10 bids from page 70
[2026-02-16 11:35:00] [SESSION 4] Processing page 71
[2026-02-16 11:35:00] [SESSION 4] Saved 10 bids from page 71
[2026-02-16 11:35:02] [SESSION 4] Processing page 72
[2026-02-16 11:35:02] [SESSION 4] Saved 10 bids from page 72
[2026-02-16 11:35:04] [SESSION 4] Processing page 73
[2026-02-16 11:35:05] [SESSION 4] Saved 10 bids from page 73
[2026-02-16 11:35:07] [SESSION 4] Processing page 74
[2026-02-16 11:35:07] [SESSION 4] Saved 10 bids from page 74
[2026-02-16 11:35:09] [SESSION 4] Processing page 75
[2026-02-16 11:35:10] [SESSION 4] Saved 10 bids from page 75
[2026-02-16 11:35:11] [SESSION 4] Processing page 76
[2026-02-16 11:35:12] [SESSION 4] Saved 3 bids from page 76
[2026-02-16 11:35:13] [SESSION 4] Processing page 77
[2026-02-16 11:35:14] [SESSION 4] Saved 9 bids from page 77
[2026-02-16 11:35:15] [SESSION 4] Processing page 78
[2026-02-16 11:35:16] [SESSION 4] Saved 10 bids from page 78
[2026-02-16 11:35:17] [SESSION 4] Processing page 79
[2026-02-16 11:35:18] [SESSION 4] Saved 10 bids from page 79
[2026-02-16 11:35:20] [SESSION 4] Processing page 80
[2026-02-16 11:35:20] [SESSION 4] Saved 9 bids from page 80
[2026-02-16 11:35:22] [SESSION 4] Processing page 81
[2026-02-16 11:35:22] [SESSION 4] Saved 10 bids from page 81
[2026-02-16 11:35:24] [SESSION 4] Processing page 82
[2026-02-16 11:35:24] [SESSION 4] Saved 10 bids from page 82
[2026-02-16 11:35:26] [SESSION 4] Processing page 83
[2026-02-16 11:35:26] [SESSION 4] Saved 9 bids from page 83
[2026-02-16 11:35:28] [SESSION 4] Processing page 84
[2026-02-16 11:35:28] [SESSION 4] Saved 10 bids from page 84
[2026-02-16 11:35:30] [SESSION 4] Processing page 85
[2026-02-16 11:35:30] [SESSION 4] Saved 9 bids from page 85
[2026-02-16 11:35:32] [SESSION 4] Processing page 86
[2026-02-16 11:35:32] [SESSION 4] Saved 10 bids from page 86
[2026-02-16 11:35:34] [SESSION 4] Processing page 87
[2026-02-16 11:35:34] [SESSION 4] Saved 10 bids from page 87
[2026-02-16 11:35:36] [SESSION 4] Processing page 88
[2026-02-16 11:35:36] [SESSION 4] Saved 9 bids from page 88
[2026-02-16 11:35:38] [SESSION 4] Processing page 89
[2026-02-16 11:35:38] [SESSION 4] Saved 7 bids from page 89
[2026-02-16 11:35:40] [SESSION 4] Processing page 90
[2026-02-16 11:35:40] [SESSION 4] Saved 10 bids from page 90
[2026-02-16 11:35:42] [SESSION 4] Processing page 91
[2026-02-16 11:35:43] [SESSION 4] Saved 10 bids from page 91
[2026-02-16 11:35:44] [SESSION 4] Processing page 92
[2026-02-16 11:35:45] [SESSION 4] Saved 10 bids from page 92
[2026-02-16 11:35:46] [SESSION 4] Processing page 93
[2026-02-16 11:35:47] [SESSION 4] Saved 10 bids from page 93
[2026-02-16 11:35:49] [SESSION 4] Processing page 94
[2026-02-16 11:35:50] [SESSION 4] Saved 10 bids from page 94
[2026-02-16 11:35:52] [SESSION 4] Processing page 95
[2026-02-16 11:35:53] [SESSION 4] Saved 10 bids from page 95
[2026-02-16 11:35:54] [SESSION 4] Processing page 96
[2026-02-16 11:35:55] [SESSION 4] Saved 10 bids from page 96
[2026-02-16 11:35:57] [SESSION 4] Processing page 97
[2026-02-16 11:35:59] [SESSION 4] Saved 10 bids from page 97
[2026-02-16 11:36:01] [SESSION 4] Processing page 98
[2026-02-16 11:36:01] [SESSION 4] Saved 10 bids from page 98
[2026-02-16 11:36:03] [SESSION 4] Processing page 99
[2026-02-16 11:36:03] [SESSION 4] Saved 10 bids from page 99
[2026-02-16 11:36:05] [SESSION 4] Processing page 100
[2026-02-16 11:36:05] [SESSION 4] Saved 10 bids from page 100
[2026-02-16 11:36:07] [SESSION 4] Processing page 101
[2026-02-16 11:36:08] [SESSION 4] Saved 10 bids from page 101
[2026-02-16 11:36:10] [SESSION 4] Processing page 102
[2026-02-16 11:36:10] [SESSION 4] Saved 10 bids from page 102
[2026-02-16 11:36:12] [SESSION 4] Processing page 103
[2026-02-16 11:36:13] [SESSION 4] Saved 9 bids from page 103
[2026-02-16 11:36:15] [SESSION 4] Processing page 104
[2026-02-16 11:36:15] [SESSION 4] Saved 10 bids from page 104
[2026-02-16 11:36:17] [SESSION 4] Processing page 105
[2026-02-16 11:36:17] [SESSION 4] Saved 9 bids from page 105
[2026-02-16 11:36:19] [SESSION 4] Processing page 106
[2026-02-16 11:36:19] [SESSION 4] Saved 10 bids from page 106
[2026-02-16 11:36:21] [SESSION 4] Processing page 107
[2026-02-16 11:36:22] [SESSION 4] Saved 10 bids from page 107
[2026-02-16 11:36:23] [SESSION 4] Processing page 108
[2026-02-16 11:36:24] [SESSION 4] Saved 10 bids from page 108
[2026-02-16 11:36:25] [SESSION 4] Processing page 109
[2026-02-16 11:36:26] [SESSION 4] Saved 10 bids from page 109
[2026-02-16 11:36:27] [SESSION 4] Processing page 110
[2026-02-16 11:36:28] [SESSION 4] Saved 10 bids from page 110
[2026-02-16 11:36:29] [SESSION 4] Processing page 111
[2026-02-16 11:36:30] [SESSION 4] Saved 10 bids from page 111
[2026-02-16 11:36:31] [SESSION 4] Processing page 112
[2026-02-16 11:36:32] [SESSION 4] Saved 10 bids from page 112
[2026-02-16 11:36:33] [SESSION 4] Processing page 113
[2026-02-16 11:36:34] [SESSION 4] Saved 6 bids from page 113
[2026-02-16 11:36:36] [SESSION 4] Processing page 114
[2026-02-16 11:36:36] [SESSION 4] Saved 0 bids from page 114
[2026-02-16 11:36:36] [SESSION 4] Pagination completed safely.
[2026-02-16 11:36:37] [SESSION 4] Session completed: 4 new bids found, 114 pages processed
[2026-02-16 11:48:49] [SESSION 4] Starting scraper - Keyword: 'batter' | Output: gem_all_bids_session4.csv
[2026-02-16 11:48:56] [SESSION 4] Processing page 1
[2026-02-16 11:48:57] [SESSION 4] Saved 10 bids from page 1
[2026-02-16 11:48:59] [SESSION 4] Processing page 2
[2026-02-16 11:48:59] [SESSION 4] Saved 10 bids from page 2
[2026-02-16 11:49:01] [SESSION 4] Processing page 3
[2026-02-16 11:49:02] [SESSION 4] Saved 10 bids from page 3
[2026-02-16 11:49:03] [SESSION 4] Processing page 4
[2026-02-16 11:49:04] [SESSION 4] Saved 6 bids from page 4
[2026-02-16 11:49:05] [SESSION 4] Processing page 5
[2026-02-16 11:49:06] [SESSION 4] Saved 10 bids from page 5
[2026-02-16 11:49:07] [SESSION 4] Processing page 6
[2026-02-16 11:49:08] [SESSION 4] Saved 9 bids from page 6
[2026-02-16 11:49:10] [SESSION 4] Processing page 7
[2026-02-16 11:49:10] [SESSION 4] Saved 10 bids from page 7
[2026-02-16 11:49:12] [SESSION 4] Processing page 8
[2026-02-16 11:49:12] [SESSION 4] Saved 10 bids from page 8
[2026-02-16 11:49:14] [SESSION 4] Processing page 9
[2026-02-16 11:49:14] [SESSION 4] Saved 10 bids from page 9
[2026-02-16 11:49:16] [SESSION 4] Processing page 10
[2026-02-16 11:49:16] [SESSION 4] Saved 6 bids from page 10
[2026-02-16 11:49:18] [SESSION 4] Processing page 11
[2026-02-16 11:49:19] [SESSION 4] Saved 9 bids from page 11
[2026-02-16 11:49:20] [SESSION 4] Processing page 12
[2026-02-16 11:49:21] [SESSION 4] Saved 9 bids from page 12
[2026-02-16 11:49:22] [SESSION 4] Processing page 13
[2026-02-16 11:49:23] [SESSION 4] Saved 10 bids from page 13
[2026-02-16 11:49:24] [SESSION 4] Processing page 14
[2026-02-16 11:49:25] [SESSION 4] Saved 9 bids from page 14
[2026-02-16 11:49:27] [SESSION 4] Processing page 15
[2026-02-16 11:49:27] [SESSION 4] Saved 4 bids from page 15
[2026-02-16 11:49:29] [SESSION 4] Processing page 16
[2026-02-16 11:49:29] [SESSION 4] Saved 10 bids from page 16
[2026-02-16 11:49:31] [SESSION 4] Processing page 17
[2026-02-16 11:49:31] [SESSION 4] Saved 10 bids from page 17
[2026-02-16 11:49:33] [SESSION 4] Processing page 18
[2026-02-16 11:49:33] [SESSION 4] Saved 8 bids from page 18
[2026-02-16 11:49:35] [SESSION 4] Processing page 19
[2026-02-16 11:49:35] [SESSION 4] Saved 9 bids from page 19
[2026-02-16 11:49:37] [SESSION 4] Processing page 20
[2026-02-16 11:49:37] [SESSION 4] Saved 9 bids from page 20
[2026-02-16 11:49:39] [SESSION 4] Processing page 21
[2026-02-16 11:49:40] [SESSION 4] Saved 10 bids from page 21
[2026-02-16 11:49:41] [SESSION 4] Processing page 22
[2026-02-16 11:49:42] [SESSION 4] Saved 9 bids from page 22
[2026-02-16 11:49:43] [SESSION 4] Processing page 23
[2026-02-16 11:49:44] [SESSION 4] Saved 10 bids from page 23
[2026-02-16 11:49:45] [SESSION 4] Processing page 24
[2026-02-16 11:49:46] [SESSION 4] Saved 8 bids from page 24
[2026-02-16 11:49:47] [SESSION 4] Processing page 25
[2026-02-16 11:49:48] [SESSION 4] Saved 10 bids from page 25
[2026-02-16 11:49:49] [SESSION 4] Processing page 26
[2026-02-16 11:49:50] [SESSION 4] Saved 10 bids from page 26
[2026-02-16 11:49:51] [SESSION 4] Processing page 27
[2026-02-16 11:49:52] [SESSION 4] Saved 10 bids from page 27
[2026-02-16 11:49:54] [SESSION 4] Processing page 28
[2026-02-16 11:49:54] [SESSION 4] Saved 10 bids from page 28
[2026-02-16 11:49:56] [SESSION 4] Processing page 29
[2026-02-16 11:49:56] [SESSION 4] Saved 10 bids from page 29
[2026-02-16 11:49:58] [SESSION 4] Processing page 30
[2026-02-16 11:49:58] [SESSION 4] Saved 10 bids from page 30
[2026-02-16 11:50:00] [SESSION 4] Processing page 31
[2026-02-16 11:50:00] [SESSION 4] Saved 10 bids from page 31
[2026-02-16 11:50:02] [SESSION 4] Processing page 32
[2026-02-16 11:50:02] [SESSION 4] Saved 9 bids from page 32
[2026-02-16 11:50:04] [SESSION 4] Processing page 33
[2026-02-16 11:50:05] [SESSION 4] Saved 10 bids from page 33
[2026-02-16 11:50:06] [SESSION 4] Processing page 34
[2026-02-16 11:50:07] [SESSION 4] Saved 10 bids from page 34
[2026-02-16 11:50:08] [SESSION 4] Processing page 35
[2026-02-16 11:50:09] [SESSION 4] Saved 9 bids from page 35
[2026-02-16 11:50:11] [SESSION 4] Processing page 36
[2026-02-16 11:50:11] [SESSION 4] Saved 10 bids from page 36
[2026-02-16 11:50:13] [SESSION 4] Processing page 37
[2026-02-16 11:50:13] [SESSION 4] Saved 10 bids from page 37
[2026-02-16 11:50:15] [SESSION 4] Processing page 38
[2026-02-16 11:50:15] [SESSION 4] Saved 10 bids from page 38
[2026-02-16 11:50:17] [SESSION 4] Processing page 39
[2026-02-16 11:50:17] [SESSION 4] Saved 10 bids from page 39
[2026-02-16 11:50:19] [SESSION 4] Processing page 40
[2026-02-16 11:50:19] [SESSION 4] Saved 10 bids from page 40
[2026-02-16 11:50:21] [SESSION 4] Processing page 41
[2026-02-16 11:50:21] [SESSION 4] Saved 9 bids from page 41
[2026-02-16 11:50:23] [SESSION 4] Processing page 42
[2026-02-16 11:50:24] [SESSION 4] Saved 10 bids from page 42
[2026-02-16 11:50:25] [SESSION 4] Processing page 43
[2026-02-16 11:50:26] [SESSION 4] Saved 10 bids from page 43
[2026-02-16 11:50:27] [SESSION 4] Processing page 44
[2026-02-16 11:50:28] [SESSION 4] Saved 10 bids from page 44
[2026-02-16 11:50:30] [SESSION 4] Processing page 45
[2026-02-16 11:50:30] [SESSION 4] Saved 10 bids from page 45
[2026-02-16 11:50:32] [SESSION 4] Processing page 46
[2026-02-16 11:50:32] [SESSION 4] Saved 9 bids from page 46
[2026-02-16 11:50:34] [SESSION 4] Processing page 47
[2026-02-16 11:50:35] [SESSION 4] Saved 9 bids from page 47
[2026-02-16 11:50:37] [SESSION 4] Processing page 48
[2026-02-16 11:50:38] [SESSION 4] Saved 9 bids from page 48
[2026-02-16 11:50:39] [SESSION 4] Processing page 49
[2026-02-16 11:50:40] [SESSION 4] Saved 9 bids from page 49
[2026-02-16 11:50:42] [SESSION 4] Processing page 50
[2026-02-16 11:50:43] [SESSION 4] Saved 10 bids from page 50
[2026-02-16 11:50:44] [SESSION 4] Processing page 51
[2026-02-16 11:50:45] [SESSION 4] Saved 9 bids from page 51
[2026-02-16 11:50:46] [SESSION 4] Processing page 52
[2026-02-16 11:50:47] [SESSION 4] Saved 9 bids from page 52
[2026-02-16 11:50:48] [SESSION 4] Processing page 53
[2026-02-16 11:50:49] [SESSION 4] Saved 10 bids from page 53
[2026-02-16 11:50:50] [SESSION 4] Processing page 54
[2026-02-16 11:50:51] [SESSION 4] Saved 10 bids from page 54
[2026-02-16 11:50:53] [SESSION 4] Processing page 55
[2026-02-16 11:50:53] [SESSION 4] Saved 7 bids from page 55
[2026-02-16 11:50:54] [SESSION 4] Processing page 56
[2026-02-16 11:50:55] [SESSION 4] Saved 8 bids from page 56
[2026-02-16 11:50:57] [SESSION 4] Processing page 57
[2026-02-16 11:50:57] [SESSION 4] Saved 10 bids from page 57
[2026-02-16 11:50:59] [SESSION 4] Processing page 58
[2026-02-16 11:51:01] [SESSION 4] Saved 8 bids from page 58
[2026-02-16 11:51:03] [SESSION 4] Processing page 59
[2026-02-16 11:51:03] [SESSION 4] Saved 10 bids from page 59
[2026-02-16 11:51:05] [SESSION 4] Processing page 60
[2026-02-16 11:51:05] [SESSION 4] Saved 10 bids from page 60
[2026-02-16 11:51:07] [SESSION 4] Processing page 61
[2026-02-16 11:51:07] [SESSION 4] Saved 9 bids from page 61
[2026-02-16 11:51:09] [SESSION 4] Processing page 62
[2026-02-16 11:51:09] [SESSION 4] Saved 8 bids from page 62
[2026-02-16 11:51:11] [SESSION 4] Processing page 63
[2026-02-16 11:51:12] [SESSION 4] Saved 9 bids from page 63
[2026-02-16 11:51:13] [SESSION 4] Processing page 64
[2026-02-16 11:51:14] [SESSION 4] Saved 10 bids from page 64
[2026-02-16 11:51:15] [SESSION 4] Processing page 65
[2026-02-16 11:51:16] [SESSION 4] Saved 8 bids from page 65
[2026-02-16 11:51:18] [SESSION 4] Processing page 66
[2026-02-16 11:51:19] [SESSION 4] Saved 10 bids from page 66
[2026-02-16 11:51:20] [SESSION 4] Processing page 67
[2026-02-16 11:51:21] [SESSION 4] Saved 6 bids from page 67
[2026-02-16 11:51:22] [SESSION 4] Processing page 68
[2026-02-16 11:51:23] [SESSION 4] Saved 8 bids from page 68
[2026-02-16 11:51:24] [SESSION 4] Processing page 69
[2026-02-16 11:51:25] [SESSION 4] Saved 10 bids from page 69
[2026-02-16 11:51:26] [SESSION 4] Processing page 70
[2026-02-16 11:51:27] [SESSION 4] Saved 9 bids from page 70
[2026-02-16 11:51:28] [SESSION 4] Processing page 71
[2026-02-16 11:51:29] [SESSION 4] Saved 10 bids from page 71
[2026-02-16 11:51:30] [SESSION 4] Processing page 72
[2026-02-16 11:51:31] [SESSION 4] Saved 10 bids from page 72
[2026-02-16 11:51:33] [SESSION 4] Processing page 73
[2026-02-16 11:51:33] [SESSION 4] Saved 9 bids from page 73
[2026-02-16 11:51:35] [SESSION 4] Processing page 74
[2026-02-16 11:51:35] [SESSION 4] Saved 7 bids from page 74
[2026-02-16 11:51:37] [SESSION 4] Processing page 75
[2026-02-16 11:51:37] [SESSION 4] Saved 10 bids from page 75
[2026-02-16 11:51:39] [SESSION 4] Processing page 76
[2026-02-16 11:51:40] [SESSION 4] Saved 10 bids from page 76
[2026-02-16 11:51:42] [SESSION 4] Processing page 77
[2026-02-16 11:51:43] [SESSION 4] Saved 10 bids from page 77
[2026-02-16 11:51:44] [SESSION 4] Processing page 78
[2026-02-16 11:51:45] [SESSION 4] Saved 10 bids from page 78
[2026-02-16 11:51:47] [SESSION 4] Processing page 79
[2026-02-16 11:51:47] [SESSION 4] Saved 8 bids from page 79
[2026-02-16 11:51:50] [SESSION 4] Processing page 80
[2026-02-16 11:51:50] [SESSION 4] Saved 9 bids from page 80
[2026-02-16 11:51:51] [SESSION 4] Processing page 81
[2026-02-16 11:51:52] [SESSION 4] Saved 10 bids from page 81
[2026-02-16 11:51:53] [SESSION 4] Processing page 82
[2026-02-16 11:51:54] [SESSION 4] Saved 10 bids from page 82
[2026-02-16 11:51:55] [SESSION 4] Processing page 83
[2026-02-16 11:51:56] [SESSION 4] Saved 7 bids from page 83
[2026-02-16 11:51:57] [SESSION 4] Processing page 84
[2026-02-16 11:51:58] [SESSION 4] Saved 10 bids from page 84
[2026-02-16 11:51:59] [SESSION 4] Processing page 85
[2026-02-16 11:52:00] [SESSION 4] Saved 10 bids from page 85
[2026-02-16 11:52:02] [SESSION 4] Processing page 86
[2026-02-16 11:52:02] [SESSION 4] Saved 10 bids from page 86
[2026-02-16 11:52:04] [SESSION 4] Processing page 87
[2026-02-16 11:52:04] [SESSION 4] Saved 10 bids from page 87
[2026-02-16 11:52:06] [SESSION 4] Processing page 88
[2026-02-16 11:52:06] [SESSION 4] Saved 10 bids from page 88
[2026-02-16 11:52:08] [SESSION 4] Processing page 89
[2026-02-16 11:52:08] [SESSION 4] Saved 9 bids from page 89
[2026-02-16 11:52:10] [SESSION 4] Processing page 90
[2026-02-16 11:52:10] [SESSION 4] Saved 10 bids from page 90
[2026-02-16 11:52:12] [SESSION 4] Processing page 91
[2026-02-16 11:52:12] [SESSION 4] Saved 10 bids from page 91
[2026-02-16 11:52:14] [SESSION 4] Processing page 92
[2026-02-16 11:52:14] [SESSION 4] Saved 10 bids from page 92
[2026-02-16 11:52:16] [SESSION 4] Processing page 93
[2026-02-16 11:52:16] [SESSION 4] Saved 10 bids from page 93
[2026-02-16 11:52:18] [SESSION 4] Processing page 94
[2026-02-16 11:52:19] [SESSION 4] Saved 9 bids from page 94
[2026-02-16 11:52:20] [SESSION 4] Processing page 95
[2026-02-16 11:52:21] [SESSION 4] Saved 10 bids from page 95
[2026-02-16 11:52:22] [SESSION 4] Processing page 96
[2026-02-16 11:52:23] [SESSION 4] Saved 10 bids from page 96
[2026-02-16 11:52:24] [SESSION 4] Processing page 97
[2026-02-16 11:52:25] [SESSION 4] Saved 10 bids from page 97
[2026-02-16 11:52:27] [SESSION 4] Processing page 98
[2026-02-16 11:52:27] [SESSION 4] Saved 10 bids from page 98
[2026-02-16 11:52:29] [SESSION 4] Processing page 99
[2026-02-16 11:52:29] [SESSION 4] Saved 10 bids from page 99
[2026-02-16 11:52:31] [SESSION 4] Processing page 100
[2026-02-16 11:52:31] [SESSION 4] Saved 10 bids from page 100
[2026-02-16 11:52:33] [SESSION 4] Processing page 101
[2026-02-16 11:52:33] [SESSION 4] Saved 10 bids from page 101
[2026-02-16 11:52:35] [SESSION 4] Processing page 102
[2026-02-16 11:52:35] [SESSION 4] Saved 10 bids from page 102
[2026-02-16 11:52:37] [SESSION 4] Processing page 103
[2026-02-16 11:52:37] [SESSION 4] Saved 10 bids from page 103
[2026-02-16 11:52:39] [SESSION 4] Processing page 104
[2026-02-16 11:52:39] [SESSION 4] Saved 9 bids from page 104
[2026-02-16 11:52:41] [SESSION 4] Processing page 105
[2026-02-16 11:52:41] [SESSION 4] Saved 10 bids from page 105
[2026-02-16 11:52:43] [SESSION 4] Processing page 106
[2026-02-16 11:52:43] [SESSION 4] Saved 10 bids from page 106
[2026-02-16 11:52:45] [SESSION 4] Processing page 107
[2026-02-16 11:52:45] [SESSION 4] Saved 10 bids from page 107
[2026-02-16 11:52:47] [SESSION 4] Processing page 108
[2026-02-16 11:52:47] [SESSION 4] Saved 10 bids from page 108
[2026-02-16 11:52:49] [SESSION 4] Processing page 109
[2026-02-16 11:52:49] [SESSION 4] Saved 10 bids from page 109
[2026-02-16 11:52:51] [SESSION 4] Processing page 110
[2026-02-16 11:52:51] [SESSION 4] Saved 10 bids from page 110
[2026-02-16 11:52:53] [SESSION 4] Processing page 111
[2026-02-16 11:52:53] [SESSION 4] Saved 10 bids from page 111
[2026-02-16 11:52:55] [SESSION 4] Processing page 112
[2026-02-16 11:52:55] [SESSION 4] Saved 10 bids from page 112
[2026-02-16 11:52:57] [SESSION 4] Processing page 113
[2026-02-16 11:52:57] [SESSION 4] Saved 9 bids from page 113
[2026-02-16 11:52:59] [SESSION 4] Processing page 114
[2026-02-16 11:53:00] [SESSION 4] Saved 0 bids from page 114
[2026-02-16 11:53:00] [SESSION 4] Pagination completed safely.
[2026-02-16 11:53:01] [SESSION 4] Session completed: 3 new bids found, 114 pages processed
[2026-02-16 12:19:41] [SESSION 4] Starting scraper - Keyword: 'batter' | Output: gem_all_bids_session4.csv
[2026-02-16 12:19:54] [SESSION 4] Processing page 1
[2026-02-16 12:19:55] [SESSION 4] Saved 10 bids from page 1
[2026-02-16 12:19:57] [SESSION 4] Processing page 2
[2026-02-16 12:19:59] [SESSION 4] Saved 7 bids from page 2
[2026-02-16 12:20:01] [SESSION 4] Processing page 3
[2026-02-16 12:20:03] [SESSION 4] Saved 10 bids from page 3
[2026-02-16 12:20:05] [SESSION 4] Processing page 4
[2026-02-16 12:20:06] [SESSION 4] Saved 9 bids from page 4
[2026-02-16 12:20:07] [SESSION 4] Processing page 5
[2026-02-16 12:20:09] [SESSION 4] Saved 6 bids from page 5
[2026-02-16 12:20:11] [SESSION 4] Processing page 6
[2026-02-16 12:20:12] [SESSION 4] Saved 10 bids from page 6
[2026-02-16 12:20:14] [SESSION 4] Processing page 7
[2026-02-16 12:20:15] [SESSION 4] Saved 10 bids from page 7
[2026-02-16 12:20:16] [SESSION 4] Processing page 8
[2026-02-16 12:20:17] [SESSION 4] Saved 6 bids from page 8
[2026-02-16 12:20:19] [SESSION 4] Processing page 9
[2026-02-16 12:20:20] [SESSION 4] Saved 10 bids from page 9
[2026-02-16 12:20:21] [SESSION 4] Processing page 10
[2026-02-16 12:20:21] [SESSION 4] Saved 3 bids from page 10
[2026-02-16 12:20:23] [SESSION 4] Processing page 11
[2026-02-16 12:20:24] [SESSION 4] Saved 7 bids from page 11
[2026-02-16 12:20:25] [SESSION 4] Processing page 12
[2026-02-16 12:20:26] [SESSION 4] Saved 10 bids from page 12
[2026-02-16 12:20:27] [SESSION 4] Processing page 13
[2026-02-16 12:20:28] [SESSION 4] Saved 10 bids from page 13
[2026-02-16 12:20:30] [SESSION 4] Processing page 14
[2026-02-16 12:20:30] [SESSION 4] Saved 8 bids from page 14
[2026-02-16 12:20:32] [SESSION 4] Processing page 15
[2026-02-16 12:20:32] [SESSION 4] Saved 7 bids from page 15
[2026-02-16 12:20:34] [SESSION 4] Processing page 16
[2026-02-16 12:20:35] [SESSION 4] Saved 9 bids from page 16
[2026-02-16 12:20:37] [SESSION 4] Processing page 17
[2026-02-16 12:20:37] [SESSION 4] Saved 8 bids from page 17
[2026-02-16 12:20:39] [SESSION 4] Processing page 18
[2026-02-16 12:20:39] [SESSION 4] Saved 8 bids from page 18
[2026-02-16 12:20:41] [SESSION 4] Processing page 19
[2026-02-16 12:20:41] [SESSION 4] Saved 10 bids from page 19
[2026-02-16 12:20:42] [SESSION 4] Processing page 20
[2026-02-16 12:20:43] [SESSION 4] Saved 9 bids from page 20
[2026-02-16 12:20:45] [SESSION 4] Processing page 21
[2026-02-16 12:20:45] [SESSION 4] Saved 10 bids from page 21
[2026-02-16 12:20:47] [SESSION 4] Processing page 22
[2026-02-16 12:20:48] [SESSION 4] Saved 8 bids from page 22
[2026-02-16 12:20:49] [SESSION 4] Processing page 23
[2026-02-16 12:20:50] [SESSION 4] Saved 10 bids from page 23
[2026-02-16 12:20:52] [SESSION 4] Processing page 24
[2026-02-16 12:20:53] [SESSION 4] Saved 8 bids from page 24
[2026-02-16 12:20:55] [SESSION 4] Processing page 25
[2026-02-16 12:20:55] [SESSION 4] Saved 10 bids from page 25
[2026-02-16 12:20:57] [SESSION 4] Processing page 26
[2026-02-16 12:20:57] [SESSION 4] Saved 10 bids from page 26
[2026-02-16 12:20:59] [SESSION 4] Processing page 27
[2026-02-16 12:20:59] [SESSION 4] Saved 10 bids from page 27
[2026-02-16 12:21:01] [SESSION 4] Processing page 28
[2026-02-16 12:21:01] [SESSION 4] Saved 10 bids from page 28
[2026-02-16 12:21:03] [SESSION 4] Processing page 29
[2026-02-16 12:21:04] [SESSION 4] Saved 10 bids from page 29
[2026-02-16 12:21:06] [SESSION 4] Processing page 30
[2026-02-16 12:21:07] [SESSION 4] Saved 9 bids from page 30
[2026-02-16 12:21:09] [SESSION 4] Processing page 31
[2026-02-16 12:21:09] [SESSION 4] Saved 10 bids from page 31
[2026-02-16 12:21:11] [SESSION 4] Processing page 32
[2026-02-16 12:21:12] [SESSION 4] Saved 10 bids from page 32
[2026-02-16 12:21:13] [SESSION 4] Processing page 33
[2026-02-16 12:21:15] [SESSION 4] Saved 10 bids from page 33
[2026-02-16 12:21:16] [SESSION 4] Processing page 34
[2026-02-16 12:21:17] [SESSION 4] Saved 10 bids from page 34
[2026-02-16 12:21:18] [SESSION 4] Processing page 35
[2026-02-16 12:21:19] [SESSION 4] Saved 10 bids from page 35
[2026-02-16 12:21:21] [SESSION 4] Processing page 36
[2026-02-16 12:21:23] [SESSION 4] Saved 10 bids from page 36
[2026-02-16 12:21:24] [SESSION 4] Processing page 37
[2026-02-16 12:21:25] [SESSION 4] Saved 10 bids from page 37
[2026-02-16 12:21:26] [SESSION 4] Processing page 38
[2026-02-16 12:21:27] [SESSION 4] Saved 10 bids from page 38
[2026-02-16 12:21:28] [SESSION 4] Processing page 39
[2026-02-16 12:21:29] [SESSION 4] Saved 9 bids from page 39
[2026-02-16 12:21:30] [SESSION 4] Processing page 40
[2026-02-16 12:21:31] [SESSION 4] Saved 10 bids from page 40
[2026-02-16 12:21:33] [SESSION 4] Processing page 41
[2026-02-16 12:21:33] [SESSION 4] Saved 10 bids from page 41
[2026-02-16 12:21:35] [SESSION 4] Processing page 42
[2026-02-16 12:21:35] [SESSION 4] Saved 9 bids from page 42
[2026-02-16 12:21:36] [SESSION 4] Processing page 43
[2026-02-16 12:21:37] [SESSION 4] Saved 9 bids from page 43
[2026-02-16 12:21:40] [SESSION 4] Processing page 44
[2026-02-16 12:21:41] [SESSION 4] Saved 10 bids from page 44
[2026-02-16 12:21:43] [SESSION 4] Processing page 45
[2026-02-16 12:21:43] [SESSION 4] Saved 10 bids from page 45
[2026-02-16 12:21:45] [SESSION 4] Processing page 46
[2026-02-16 12:21:46] [SESSION 4] Saved 9 bids from page 46
[2026-02-16 12:21:48] [SESSION 4] Processing page 47
[2026-02-16 12:21:49] [SESSION 4] Saved 10 bids from page 47
[2026-02-16 12:21:51] [SESSION 4] Processing page 48
[2026-02-16 12:21:52] [SESSION 4] Saved 10 bids from page 48
[2026-02-16 12:21:54] [SESSION 4] Processing page 49
[2026-02-16 12:21:56] [SESSION 4] Saved 10 bids from page 49
[2026-02-16 12:21:59] [SESSION 4] Processing page 50
[2026-02-16 12:22:00] [SESSION 4] Saved 8 bids from page 50
[2026-02-16 12:22:01] [SESSION 4] Processing page 51
[2026-02-16 12:22:02] [SESSION 4] Saved 10 bids from page 51
[2026-02-16 12:22:04] [SESSION 4] Processing page 52
[2026-02-16 12:22:04] [SESSION 4] Saved 10 bids from page 52
[2026-02-16 12:22:06] [SESSION 4] Processing page 53
[2026-02-16 12:22:07] [SESSION 4] Saved 6 bids from page 53
[2026-02-16 12:22:09] [SESSION 4] Processing page 54
[2026-02-16 12:22:11] [SESSION 4] Saved 8 bids from page 54
[2026-02-16 12:22:13] [SESSION 4] Processing page 55
[2026-02-16 12:22:14] [SESSION 4] Saved 10 bids from page 55
[2026-02-16 12:22:16] [SESSION 4] Processing page 56
[2026-02-16 12:22:17] [SESSION 4] Saved 9 bids from page 56
[2026-02-16 12:22:18] [SESSION 4] Processing page 57
[2026-02-16 12:22:19] [SESSION 4] Saved 10 bids from page 57
[2026-02-16 12:22:20] [SESSION 4] Processing page 58
[2026-02-16 12:22:21] [SESSION 4] Saved 10 bids from page 58
[2026-02-16 12:22:22] [SESSION 4] Processing page 59
[2026-02-16 12:22:23] [SESSION 4] Saved 8 bids from page 59
[2026-02-16 12:22:24] [SESSION 4] Processing page 60
[2026-02-16 12:22:25] [SESSION 4] Saved 9 bids from page 60
[2026-02-16 12:22:26] [SESSION 4] Processing page 61
[2026-02-16 12:22:27] [SESSION 4] Saved 9 bids from page 61
[2026-02-16 12:22:28] [SESSION 4] Processing page 62
[2026-02-16 12:22:29] [SESSION 4] Saved 9 bids from page 62
[2026-02-16 12:22:30] [SESSION 4] Processing page 63
[2026-02-16 12:22:31] [SESSION 4] Saved 10 bids from page 63
[2026-02-16 12:22:33] [SESSION 4] Processing page 64
[2026-02-16 12:22:34] [SESSION 4] Saved 10 bids from page 64
[2026-02-16 12:22:35] [SESSION 4] Processing page 65
[2026-02-16 12:22:36] [SESSION 4] Saved 6 bids from page 65
[2026-02-16 12:22:37] [SESSION 4] Processing page 66
[2026-02-16 12:22:38] [SESSION 4] Saved 9 bids from page 66
[2026-02-16 12:22:40] [SESSION 4] Processing page 67
[2026-02-16 12:22:41] [SESSION 4] Saved 10 bids from page 67
[2026-02-16 12:22:43] [SESSION 4] Processing page 68
[2026-02-16 12:22:44] [SESSION 4] Saved 10 bids from page 68
[2026-02-16 12:22:46] [SESSION 4] Processing page 69
[2026-02-16 12:22:47] [SESSION 4] Saved 10 bids from page 69
[2026-02-16 12:22:49] [SESSION 4] Processing page 70
[2026-02-16 12:22:49] [SESSION 4] Saved 10 bids from page 70
[2026-02-16 12:22:51] [SESSION 4] Processing page 71
[2026-02-16 12:22:51] [SESSION 4] Saved 10 bids from page 71
[2026-02-16 12:22:53] [SESSION 4] Processing page 72
[2026-02-16 12:22:54] [SESSION 4] Saved 9 bids from page 72
[2026-02-16 12:22:55] [SESSION 4] Processing page 73
[2026-02-16 12:22:56] [SESSION 4] Saved 9 bids from page 73
[2026-02-16 12:22:57] [SESSION 4] Processing page 74
[2026-02-16 12:22:58] [SESSION 4] Saved 8 bids from page 74
[2026-02-16 12:23:00] [SESSION 4] Processing page 75
[2026-02-16 12:23:01] [SESSION 4] Saved 10 bids from page 75
[2026-02-16 12:23:02] [SESSION 4] Processing page 76
[2026-02-16 12:23:03] [SESSION 4] Saved 9 bids from page 76
[2026-02-16 12:23:05] [SESSION 4] Processing page 77
[2026-02-16 12:23:05] [SESSION 4] Saved 9 bids from page 77
[2026-02-16 12:23:07] [SESSION 4] Processing page 78
[2026-02-16 12:23:08] [SESSION 4] Saved 10 bids from page 78
[2026-02-16 12:23:10] [SESSION 4] Processing page 79
[2026-02-16 12:23:10] [SESSION 4] Saved 10 bids from page 79
[2026-02-16 12:23:12] [SESSION 4] Processing page 80
[2026-02-16 12:23:12] [SESSION 4] Saved 10 bids from page 80
[2026-02-16 12:23:14] [SESSION 4] Processing page 81
[2026-02-16 12:23:14] [SESSION 4] Saved 9 bids from page 81
[2026-02-16 12:23:16] [SESSION 4] Processing page 82
[2026-02-16 12:23:17] [SESSION 4] Saved 10 bids from page 82
[2026-02-16 12:23:18] [SESSION 4] Processing page 83
[2026-02-16 12:23:19] [SESSION 4] Saved 9 bids from page 83
[2026-02-16 12:23:21] [SESSION 4] Processing page 84
[2026-02-16 12:23:22] [SESSION 4] Saved 10 bids from page 84
[2026-02-16 12:23:23] [SESSION 4] Processing page 85
[2026-02-16 12:23:24] [SESSION 4] Saved 10 bids from page 85
[2026-02-16 12:23:25] [SESSION 4] Processing page 86
[2026-02-16 12:23:26] [SESSION 4] Saved 9 bids from page 86
[2026-02-16 12:23:27] [SESSION 4] Processing page 87
[2026-02-16 12:23:28] [SESSION 4] Saved 9 bids from page 87
[2026-02-16 12:23:29] [SESSION 4] Processing page 88
[2026-02-16 12:23:30] [SESSION 4] Saved 10 bids from page 88
[2026-02-16 12:23:32] [SESSION 4] Processing page 89
[2026-02-16 12:23:32] [SESSION 4] Saved 10 bids from page 89
[2026-02-16 12:23:34] [SESSION 4] Processing page 90
[2026-02-16 12:23:35] [SESSION 4] Saved 10 bids from page 90
[2026-02-16 12:23:37] [SESSION 4] Processing page 91
[2026-02-16 12:23:38] [SESSION 4] Saved 10 bids from page 91
[2026-02-16 12:23:41] [SESSION 4] Processing page 92
[2026-02-16 12:23:41] [SESSION 4] Saved 10 bids from page 92
[2026-02-16 12:23:43] [SESSION 4] Processing page 93
[2026-02-16 12:23:43] [SESSION 4] Saved 10 bids from page 93
[2026-02-16 12:23:45] [SESSION 4] Processing page 94
[2026-02-16 12:23:45] [SESSION 4] Saved 9 bids from page 94
[2026-02-16 12:23:47] [SESSION 4] Processing page 95
[2026-02-16 12:23:47] [SESSION 4] Saved 10 bids from page 95
[2026-02-16 12:23:49] [SESSION 4] Processing page 96
[2026-02-16 12:23:50] [SESSION 4] Saved 10 bids from page 96
[2026-02-16 12:23:51] [SESSION 4] Processing page 97
[2026-02-16 12:23:53] [SESSION 4] Saved 9 bids from page 97
[2026-02-16 12:23:55] [SESSION 4] Processing page 98
[2026-02-16 12:23:55] [SESSION 4] Saved 9 bids from page 98
[2026-02-16 12:23:57] [SESSION 4] Processing page 99
[2026-02-16 12:23:57] [SESSION 4] Saved 10 bids from page 99
[2026-02-16 12:23:59] [SESSION 4] Processing page 100
[2026-02-16 12:23:59] [SESSION 4] Saved 10 bids from page 100
[2026-02-16 12:24:01] [SESSION 4] Processing page 101
[2026-02-16 12:24:02] [SESSION 4] Saved 9 bids from page 101
[2026-02-16 12:24:03] [SESSION 4] Processing page 102
[2026-02-16 12:24:04] [SESSION 4] Saved 10 bids from page 102
[2026-02-16 12:24:05] [SESSION 4] Processing page 103
[2026-02-16 12:24:06] [SESSION 4] Saved 10 bids from page 103
[2026-02-16 12:24:07] [SESSION 4] Processing page 104
[2026-02-16 12:24:08] [SESSION 4] Saved 10 bids from page 104
[2026-02-16 12:24:10] [SESSION 4] Processing page 105
[2026-02-16 12:24:11] [SESSION 4] Saved 10 bids from page 105
[2026-02-16 12:24:12] [SESSION 4] Processing page 106
[2026-02-16 12:24:13] [SESSION 4] Saved 8 bids from page 106
[2026-02-16 12:24:15] [SESSION 4] Processing page 107
[2026-02-16 12:24:16] [SESSION 4] Saved 10 bids from page 107
[2026-02-16 12:24:18] [SESSION 4] Processing page 108
[2026-02-16 12:24:18] [SESSION 4] Saved 10 bids from page 108
[2026-02-16 12:24:20] [SESSION 4] Processing page 109
[2026-02-16 12:24:21] [SESSION 4] Saved 10 bids from page 109
[2026-02-16 12:24:22] [SESSION 4] Processing page 110
[2026-02-16 12:24:23] [SESSION 4] Saved 10 bids from page 110
[2026-02-16 12:24:25] [SESSION 4] Processing page 111
[2026-02-16 12:24:25] [SESSION 4] Saved 10 bids from page 111
[2026-02-16 12:24:27] [SESSION 4] Processing page 112
[2026-02-16 12:24:27] [SESSION 4] Saved 4 bids from page 112
[2026-02-16 12:24:29] [SESSION 4] Processing page 113
[2026-02-16 12:24:29] [SESSION 4] Saved 0 bids from page 113
[2026-02-16 12:24:29] [SESSION 4] Pagination completed safely.
[2026-02-16 12:24:30] [SESSION 4] Session completed: 3 new bids found, 113 pages processed
[2026-02-16 12:38:22] [SESSION 4] Starting scraper - Keyword: 'batter' | Output: gem_all_bids_session4.csv
[2026-02-16 12:38:30] [SESSION 4] Processing page 1
[2026-02-16 12:38:31] [SESSION 4] Saved 10 bids from page 1
[2026-02-16 12:38:33] [SESSION 4] Processing page 2
[2026-02-16 12:38:33] [SESSION 4] Saved 10 bids from page 2
[2026-02-16 12:38:35] [SESSION 4] Processing page 3
[2026-02-16 12:38:35] [SESSION 4] Saved 9 bids from page 3
[2026-02-16 12:38:37] [SESSION 4] Processing page 4
[2026-02-16 12:38:38] [SESSION 4] Saved 9 bids from page 4
[2026-02-16 12:38:39] [SESSION 4] Processing page 5
[2026-02-16 12:38:40] [SESSION 4] Saved 10 bids from page 5
[2026-02-16 12:38:41] [SESSION 4] Processing page 6
[2026-02-16 12:38:42] [SESSION 4] Saved 10 bids from page 6
[2026-02-16 12:38:44] [SESSION 4] Processing page 7
[2026-02-16 12:38:45] [SESSION 4] Saved 10 bids from page 7
[2026-02-16 12:38:46] [SESSION 4] Processing page 8
[2026-02-16 12:38:47] [SESSION 4] Saved 6 bids from page 8
[2026-02-16 12:38:48] [SESSION 4] Processing page 9
[2026-02-16 12:38:49] [SESSION 4] Saved 10 bids from page 9
[2026-02-16 12:38:51] [SESSION 4] Processing page 10
[2026-02-16 12:38:51] [SESSION 4] Saved 10 bids from page 10
[2026-02-16 12:38:53] [SESSION 4] Processing page 11
[2026-02-16 12:38:53] [SESSION 4] Saved 10 bids from page 11
[2026-02-16 12:38:55] [SESSION 4] Processing page 12
[2026-02-16 12:38:55] [SESSION 4] Saved 10 bids from page 12
[2026-02-16 12:38:57] [SESSION 4] Processing page 13
[2026-02-16 12:38:58] [SESSION 4] Saved 4 bids from page 13
[2026-02-16 12:38:59] [SESSION 4] Processing page 14
[2026-02-16 12:39:00] [SESSION 4] Saved 9 bids from page 14
[2026-02-16 12:39:01] [SESSION 4] Processing page 15
[2026-02-16 12:39:02] [SESSION 4] Saved 7 bids from page 15
[2026-02-16 12:39:04] [SESSION 4] Processing page 16
[2026-02-16 12:39:04] [SESSION 4] Saved 9 bids from page 16
[2026-02-16 12:39:06] [SESSION 4] Processing page 17
[2026-02-16 12:39:06] [SESSION 4] Saved 8 bids from page 17
[2026-02-16 12:39:08] [SESSION 4] Processing page 18
[2026-02-16 12:39:09] [SESSION 4] Saved 8 bids from page 18
[2026-02-16 12:39:10] [SESSION 4] Processing page 19
[2026-02-16 12:39:11] [SESSION 4] Saved 10 bids from page 19
[2026-02-16 12:39:12] [SESSION 4] Processing page 20
[2026-02-16 12:39:13] [SESSION 4] Saved 9 bids from page 20
[2026-02-16 12:39:15] [SESSION 4] Processing page 21
[2026-02-16 12:39:16] [SESSION 4] Saved 10 bids from page 21
[2026-02-16 12:39:17] [SESSION 4] Processing page 22
[2026-02-16 12:39:18] [SESSION 4] Saved 10 bids from page 22
[2026-02-16 12:39:19] [SESSION 4] Processing page 23
[2026-02-16 12:39:20] [SESSION 4] Saved 10 bids from page 23
[2026-02-16 12:39:21] [SESSION 4] Processing page 24
[2026-02-16 12:39:22] [SESSION 4] Saved 10 bids from page 24
[2026-02-16 12:39:24] [SESSION 4] Processing page 25
[2026-02-16 12:39:24] [SESSION 4] Saved 10 bids from page 25
[2026-02-16 12:39:26] [SESSION 4] Processing page 26
[2026-02-16 12:39:26] [SESSION 4] Saved 10 bids from page 26
[2026-02-16 12:39:28] [SESSION 4] Processing page 27
[2026-02-16 12:39:28] [SESSION 4] Saved 10 bids from page 27
[2026-02-16 12:39:30] [SESSION 4] Processing page 28
[2026-02-16 12:39:30] [SESSION 4] Saved 10 bids from page 28
[2026-02-16 12:39:32] [SESSION 4] Processing page 29
[2026-02-16 12:39:32] [SESSION 4] Saved 10 bids from page 29
[2026-02-16 12:39:34] [SESSION 4] Processing page 30
[2026-02-16 12:39:34] [SESSION 4] Saved 10 bids from page 30
[2026-02-16 12:39:36] [SESSION 4] Processing page 31
[2026-02-16 12:39:36] [SESSION 4] Saved 10 bids from page 31
[2026-02-16 12:39:38] [SESSION 4] Processing page 32
[2026-02-16 12:39:38] [SESSION 4] Saved 10 bids from page 32
[2026-02-16 12:39:40] [SESSION 4] Processing page 33
[2026-02-16 12:39:41] [SESSION 4] Saved 10 bids from page 33
[2026-02-16 12:39:42] [SESSION 4] Processing page 34
[2026-02-16 12:39:44] [SESSION 4] Saved 10 bids from page 34
[2026-02-16 12:39:46] [SESSION 4] Processing page 35
[2026-02-16 12:39:47] [SESSION 4] Saved 9 bids from page 35
[2026-02-16 12:39:49] [SESSION 4] Processing page 36
[2026-02-16 12:39:52] [SESSION 4] Saved 10 bids from page 36
[2026-02-16 12:39:54] [SESSION 4] Processing page 37
[2026-02-16 12:39:54] [SESSION 4] Saved 9 bids from page 37
[2026-02-16 12:39:56] [SESSION 4] Processing page 38
[2026-02-16 12:39:57] [SESSION 4] Saved 10 bids from page 38
[2026-02-16 12:39:58] [SESSION 4] Processing page 39
[2026-02-16 12:39:59] [SESSION 4] Saved 10 bids from page 39
[2026-02-16 12:40:00] [SESSION 4] Processing page 40
[2026-02-16 12:40:01] [SESSION 4] Saved 10 bids from page 40
[2026-02-16 12:40:02] [SESSION 4] Processing page 41
[2026-02-16 12:40:03] [SESSION 4] Saved 10 bids from page 41
[2026-02-16 12:40:04] [SESSION 4] Processing page 42
[2026-02-16 12:40:06] [SESSION 4] Saved 10 bids from page 42
[2026-02-16 12:40:07] [SESSION 4] Processing page 43
[2026-02-16 12:40:08] [SESSION 4] Saved 10 bids from page 43
[2026-02-16 12:40:09] [SESSION 4] Processing page 44
[2026-02-16 12:40:10] [SESSION 4] Saved 10 bids from page 44
[2026-02-16 12:40:11] [SESSION 4] Processing page 45
[2026-02-16 12:40:12] [SESSION 4] Saved 10 bids from page 45
[2026-02-16 12:40:13] [SESSION 4] Processing page 46
[2026-02-16 12:40:14] [SESSION 4] Saved 10 bids from page 46
[2026-02-16 12:40:15] [SESSION 4] Processing page 47
[2026-02-16 12:40:16] [SESSION 4] Saved 8 bids from page 47
[2026-02-16 12:40:18] [SESSION 4] Processing page 48
[2026-02-16 12:40:19] [SESSION 4] Saved 10 bids from page 48
[2026-02-16 12:40:20] [SESSION 4] Processing page 49
[2026-02-16 12:40:21] [SESSION 4] Saved 10 bids from page 49
[2026-02-16 12:40:22] [SESSION 4] Processing page 50
[2026-02-16 12:40:23] [SESSION 4] Saved 8 bids from page 50
[2026-02-16 12:40:25] [SESSION 4] Processing page 51
[2026-02-16 12:40:25] [SESSION 4] Saved 9 bids from page 51
[2026-02-16 12:40:27] [SESSION 4] Processing page 52
[2026-02-16 12:40:27] [SESSION 4] Saved 10 bids from page 52
[2026-02-16 12:40:29] [SESSION 4] Processing page 53
[2026-02-16 12:40:29] [SESSION 4] Saved 10 bids from page 53
[2026-02-16 12:40:31] [SESSION 4] Processing page 54
[2026-02-16 12:40:31] [SESSION 4] Saved 10 bids from page 54
[2026-02-16 12:40:33] [SESSION 4] Processing page 55
[2026-02-16 12:40:33] [SESSION 4] Saved 10 bids from page 55
[2026-02-16 12:40:35] [SESSION 4] Processing page 56
[2026-02-16 12:40:35] [SESSION 4] Saved 10 bids from page 56
[2026-02-16 12:40:37] [SESSION 4] Processing page 57
[2026-02-16 12:40:37] [SESSION 4] Saved 10 bids from page 57
[2026-02-16 12:40:39] [SESSION 4] Processing page 58
[2026-02-16 12:40:40] [SESSION 4] Saved 10 bids from page 58
[2026-02-16 12:40:41] [SESSION 4] Processing page 59
[2026-02-16 12:40:41] [SESSION 4] Saved 9 bids from page 59
[2026-02-16 12:40:43] [SESSION 4] Processing page 60
[2026-02-16 12:40:44] [SESSION 4] Saved 10 bids from page 60
[2026-02-16 12:40:45] [SESSION 4] Processing page 61
[2026-02-16 12:40:46] [SESSION 4] Saved 10 bids from page 61
[2026-02-16 12:40:47] [SESSION 4] Processing page 62
[2026-02-16 12:40:48] [SESSION 4] Saved 9 bids from page 62
[2026-02-16 12:40:49] [SESSION 4] Processing page 63
[2026-02-16 12:40:50] [SESSION 4] Saved 10 bids from page 63
[2026-02-16 12:40:52] [SESSION 4] Processing page 64
[2026-02-16 12:40:52] [SESSION 4] Saved 10 bids from page 64
[2026-02-16 12:40:54] [SESSION 4] Processing page 65
[2026-02-16 12:40:55] [SESSION 4] Saved 8 bids from page 65
[2026-02-16 12:40:56] [SESSION 4] Processing page 66
[2026-02-16 12:40:58] [SESSION 4] Saved 10 bids from page 66
[2026-02-16 12:40:59] [SESSION 4] Processing page 67
[2026-02-16 12:41:00] [SESSION 4] Saved 9 bids from page 67
[2026-02-16 12:41:02] [SESSION 4] Processing page 68
[2026-02-16 12:41:03] [SESSION 4] Saved 8 bids from page 68
[2026-02-16 12:41:05] [SESSION 4] Processing page 69
[2026-02-16 12:41:06] [SESSION 4] Saved 9 bids from page 69
[2026-02-16 12:41:07] [SESSION 4] Processing page 70
[2026-02-16 12:41:09] [SESSION 4] Saved 9 bids from page 70
[2026-02-16 12:41:10] [SESSION 4] Processing page 71
[2026-02-16 12:41:12] [SESSION 4] Saved 9 bids from page 71
[2026-02-16 12:41:13] [SESSION 4] Processing page 72
[2026-02-16 12:41:14] [SESSION 4] Saved 10 bids from page 72
[2026-02-16 12:41:17] [SESSION 4] Processing page 73
[2026-02-16 12:41:17] [SESSION 4] Saved 10 bids from page 73
[2026-02-16 12:41:19] [SESSION 4] Processing page 74
[2026-02-16 12:41:19] [SESSION 4] Saved 6 bids from page 74
[2026-02-16 12:41:21] [SESSION 4] Processing page 75
[2026-02-16 12:41:21] [SESSION 4] Saved 10 bids from page 75
[2026-02-16 12:41:23] [SESSION 4] Processing page 76
[2026-02-16 12:41:23] [SESSION 4] Saved 10 bids from page 76
[2026-02-16 12:41:25] [SESSION 4] Processing page 77
[2026-02-16 12:41:25] [SESSION 4] Saved 10 bids from page 77
[2026-02-16 12:41:27] [SESSION 4] Processing page 78
[2026-02-16 12:41:27] [SESSION 4] Saved 10 bids from page 78
[2026-02-16 12:41:28] [SESSION 4] Processing page 79
[2026-02-16 12:41:29] [SESSION 4] Saved 10 bids from page 79
[2026-02-16 12:41:31] [SESSION 4] Processing page 80
[2026-02-16 12:41:31] [SESSION 4] Saved 10 bids from page 80
[2026-02-16 12:41:33] [SESSION 4] Processing page 81
[2026-02-16 12:41:33] [SESSION 4] Saved 10 bids from page 81
[2026-02-16 12:41:35] [SESSION 4] Processing page 82
[2026-02-16 12:41:36] [SESSION 4] Saved 10 bids from page 82
[2026-02-16 12:41:37] [SESSION 4] Processing page 83
[2026-02-16 12:41:38] [SESSION 4] Saved 10 bids from page 83
[2026-02-16 12:41:39] [SESSION 4] Processing page 84
[2026-02-16 12:41:40] [SESSION 4] Saved 10 bids from page 84
[2026-02-16 12:41:42] [SESSION 4] Processing page 85
[2026-02-16 12:41:42] [SESSION 4] Saved 10 bids from page 85
[2026-02-16 12:41:44] [SESSION 4] Processing page 86
[2026-02-16 12:41:44] [SESSION 4] Saved 10 bids from page 86
[2026-02-16 12:41:46] [SESSION 4] Processing page 87
[2026-02-16 12:41:46] [SESSION 4] Saved 10 bids from page 87
[2026-02-16 12:41:48] [SESSION 4] Processing page 88
[2026-02-16 12:41:48] [SESSION 4] Saved 9 bids from page 88
[2026-02-16 12:41:50] [SESSION 4] Processing page 89
[2026-02-16 12:41:50] [SESSION 4] Saved 10 bids from page 89
[2026-02-16 12:41:52] [SESSION 4] Processing page 90
[2026-02-16 12:41:52] [SESSION 4] Saved 10 bids from page 90
[2026-02-16 12:41:54] [SESSION 4] Processing page 91
[2026-02-16 12:41:55] [SESSION 4] Saved 10 bids from page 91
[2026-02-16 12:41:56] [SESSION 4] Processing page 92
[2026-02-16 12:41:58] [SESSION 4] Saved 10 bids from page 92
[2026-02-16 12:42:00] [SESSION 4] Processing page 93
[2026-02-16 12:42:01] [SESSION 4] Saved 10 bids from page 93
[2026-02-16 12:42:02] [SESSION 4] Processing page 94
[2026-02-16 12:42:03] [SESSION 4] Saved 10 bids from page 94
[2026-02-16 12:42:05] [SESSION 4] Processing page 95
[2026-02-16 12:42:06] [SESSION 4] Saved 8 bids from page 95
[2026-02-16 12:42:08] [SESSION 4] Processing page 96
[2026-02-16 12:42:11] [SESSION 4] Saved 10 bids from page 96
[2026-02-16 12:42:12] [SESSION 4] Processing page 97
[2026-02-16 12:42:14] [SESSION 4] Saved 10 bids from page 97
[2026-02-16 12:42:15] [SESSION 4] Processing page 98
[2026-02-16 12:42:16] [SESSION 4] Saved 9 bids from page 98
[2026-02-16 12:42:18] [SESSION 4] Processing page 99
[2026-02-16 12:42:18] [SESSION 4] Saved 9 bids from page 99
[2026-02-16 12:42:20] [SESSION 4] Processing page 100
[2026-02-16 12:42:21] [SESSION 4] Saved 10 bids from page 100
[2026-02-16 12:42:22] [SESSION 4] Processing page 101
[2026-02-16 12:42:23] [SESSION 4] Saved 10 bids from page 101
[2026-02-16 12:42:25] [SESSION 4] Processing page 102
[2026-02-16 12:42:26] [SESSION 4] Saved 9 bids from page 102
[2026-02-16 12:42:27] [SESSION 4] Processing page 103
[2026-02-16 12:42:28] [SESSION 4] Saved 10 bids from page 103
[2026-02-16 12:42:30] [SESSION 4] Processing page 104
[2026-02-16 12:42:30] [SESSION 4] Saved 10 bids from page 104
[2026-02-16 12:42:32] [SESSION 4] Processing page 105
[2026-02-16 12:42:33] [SESSION 4] Saved 9 bids from page 105
[2026-02-16 12:42:35] [SESSION 4] Processing page 106
[2026-02-16 12:42:36] [SESSION 4] Saved 10 bids from page 106
[2026-02-16 12:42:37] [SESSION 4] Processing page 107
[2026-02-16 12:42:38] [SESSION 4] Saved 10 bids from page 107
[2026-02-16 12:42:39] [SESSION 4] Processing page 108
[2026-02-16 12:42:40] [SESSION 4] Saved 10 bids from page 108
[2026-02-16 12:42:41] [SESSION 4] Processing page 109
[2026-02-16 12:42:42] [SESSION 4] Saved 10 bids from page 109
[2026-02-16 12:42:43] [SESSION 4] Processing page 110
[2026-02-16 12:42:44] [SESSION 4] Saved 10 bids from page 110
[2026-02-16 12:42:46] [SESSION 4] Processing page 111
[2026-02-16 12:42:46] [SESSION 4] Saved 10 bids from page 111
[2026-02-16 12:42:48] [SESSION 4] Processing page 112
[2026-02-16 12:42:48] [SESSION 4] Saved 8 bids from page 112
[2026-02-16 12:42:50] [SESSION 4] Processing page 113
[2026-02-16 12:42:50] [SESSION 4] Saved 0 bids from page 113
[2026-02-16 12:42:50] [SESSION 4] Pagination completed safely.
[2026-02-16 12:42:51] [SESSION 4] Session completed: 1 new bids found, 113 pages processed
[2026-02-16 13:37:44] [SESSION 4] Starting scraper - Keyword: 'batter' | Output: gem_all_bids_session4.csv
[2026-02-16 13:37:51] [SESSION 4] Processing page 1
[2026-02-16 13:37:51] [SESSION 4] Saved 10 bids from page 1
[2026-02-16 13:37:53] [SESSION 4] Processing page 2
[2026-02-16 13:37:53] [SESSION 4] Saved 6 bids from page 2
[2026-02-16 13:37:55] [SESSION 4] Processing page 3
[2026-02-16 13:37:56] [SESSION 4] Saved 10 bids from page 3
[2026-02-16 13:37:57] [SESSION 4] Processing page 4
[2026-02-16 13:37:57] [SESSION 4] Saved 9 bids from page 4
[2026-02-16 13:38:00] [SESSION 4] Processing page 5
[2026-02-16 13:38:01] [SESSION 4] Saved 7 bids from page 5
[2026-02-16 13:38:04] [SESSION 4] Processing page 6
[2026-02-16 13:38:05] [SESSION 4] Saved 5 bids from page 6
[2026-02-16 13:38:08] [SESSION 4] Processing page 7
[2026-02-16 13:38:09] [SESSION 4] Saved 8 bids from page 7
[2026-02-16 13:38:12] [SESSION 4] Processing page 8
[2026-02-16 13:38:13] [SESSION 4] Saved 10 bids from page 8
[2026-02-16 13:38:16] [SESSION 4] Processing page 9
[2026-02-16 13:38:17] [SESSION 4] Saved 8 bids from page 9
[2026-02-16 13:38:20] [SESSION 4] Processing page 10
[2026-02-16 13:38:21] [SESSION 4] Saved 6 bids from page 10
[2026-02-16 13:38:25] [SESSION 4] Processing page 11
[2026-02-16 13:38:25] [SESSION 4] Saved 4 bids from page 11
[2026-02-16 13:38:31] [SESSION 4] Processing page 12
[2026-02-16 13:38:32] [SESSION 4] Saved 10 bids from page 12
[2026-02-16 13:38:35] [SESSION 4] Processing page 13
[2026-02-16 13:38:36] [SESSION 4] Saved 10 bids from page 13
[2026-02-16 13:38:39] [SESSION 4] Processing page 14
[2026-02-16 13:38:40] [SESSION 4] Saved 9 bids from page 14
[2026-02-16 13:38:43] [SESSION 4] Processing page 15
[2026-02-16 13:38:44] [SESSION 4] Saved 10 bids from page 15
[2026-02-16 13:38:47] [SESSION 4] Processing page 16
[2026-02-16 13:38:48] [SESSION 4] Saved 10 bids from page 16
[2026-02-16 13:38:51] [SESSION 4] Processing page 17
[2026-02-16 13:38:52] [SESSION 4] Saved 9 bids from page 17
[2026-02-16 13:38:55] [SESSION 4] Processing page 18
[2026-02-16 13:38:56] [SESSION 4] Saved 9 bids from page 18
[2026-02-16 13:38:59] [SESSION 4] Processing page 19
[2026-02-16 13:39:00] [SESSION 4] Saved 10 bids from page 19
[2026-02-16 13:39:03] [SESSION 4] Processing page 20
[2026-02-16 13:39:04] [SESSION 4] Saved 7 bids from page 20
[2026-02-16 13:39:07] [SESSION 4] Processing page 21
[2026-02-16 13:39:08] [SESSION 4] Saved 10 bids from page 21
[2026-02-16 13:39:10] [SESSION 4] Processing page 22
[2026-02-16 13:39:11] [SESSION 4] Saved 9 bids from page 22
[2026-02-16 13:39:13] [SESSION 4] Processing page 23
[2026-02-16 13:39:14] [SESSION 4] Saved 10 bids from page 23
[2026-02-16 13:39:16] [SESSION 4] Processing page 24
[2026-02-16 13:39:17] [SESSION 4] Saved 10 bids from page 24
[2026-02-16 13:39:20] [SESSION 4] Processing page 25
[2026-02-16 13:39:21] [SESSION 4] Saved 10 bids from page 25
[2026-02-16 13:39:24] [SESSION 4] Processing page 26
[2026-02-16 13:39:25] [SESSION 4] Saved 10 bids from page 26
[2026-02-16 13:39:28] [SESSION 4] Processing page 27
[2026-02-16 13:39:29] [SESSION 4] Saved 10 bids from page 27
[2026-02-16 13:39:32] [SESSION 4] Processing page 28
[2026-02-16 13:39:33] [SESSION 4] Saved 10 bids from page 28
[2026-02-16 13:39:36] [SESSION 4] Processing page 29
[2026-02-16 13:39:37] [SESSION 4] Saved 10 bids from page 29
[2026-02-16 13:39:40] [SESSION 4] Processing page 30
[2026-02-16 13:39:41] [SESSION 4] Saved 9 bids from page 30
[2026-02-16 13:39:44] [SESSION 4] Processing page 31
[2026-02-16 13:39:45] [SESSION 4] Saved 10 bids from page 31
[2026-02-16 13:39:48] [SESSION 4] Processing page 32
[2026-02-16 13:39:49] [SESSION 4] Saved 10 bids from page 32
[2026-02-16 13:39:52] [SESSION 4] Processing page 33
[2026-02-16 13:39:53] [SESSION 4] Saved 10 bids from page 33
[2026-02-16 13:39:56] [SESSION 4] Processing page 34
[2026-02-16 13:39:57] [SESSION 4] Saved 10 bids from page 34
[2026-02-16 13:40:00] [SESSION 4] Processing page 35
[2026-02-16 13:40:01] [SESSION 4] Saved 10 bids from page 35
[2026-02-16 13:40:04] [SESSION 4] Processing page 36
[2026-02-16 13:40:05] [SESSION 4] Saved 9 bids from page 36
[2026-02-16 13:40:08] [SESSION 4] Processing page 37
[2026-02-16 13:40:09] [SESSION 4] Saved 10 bids from page 37
[2026-02-16 13:40:12] [SESSION 4] Processing page 38
[2026-02-16 13:40:12] [SESSION 4] Saved 10 bids from page 38
[2026-02-16 13:40:16] [SESSION 4] Processing page 39
[2026-02-16 13:40:16] [SESSION 4] Saved 10 bids from page 39
[2026-02-16 13:40:20] [SESSION 4] Processing page 40
[2026-02-16 13:40:20] [SESSION 4] Saved 10 bids from page 40
[2026-02-16 13:40:24] [SESSION 4] Processing page 41
[2026-02-16 13:40:24] [SESSION 4] Saved 10 bids from page 41
[2026-02-16 13:40:27] [SESSION 4] Processing page 42
[2026-02-16 13:40:27] [SESSION 4] Saved 10 bids from page 42
[2026-02-16 13:40:31] [SESSION 4] Processing page 43
[2026-02-16 13:40:31] [SESSION 4] Saved 10 bids from page 43
[2026-02-16 13:40:35] [SESSION 4] Processing page 44
[2026-02-16 13:40:35] [SESSION 4] Saved 10 bids from page 44
[2026-02-16 13:40:39] [SESSION 4] Processing page 45
[2026-02-16 13:40:39] [SESSION 4] Saved 10 bids from page 45
[2026-02-16 13:40:43] [SESSION 4] Processing page 46
[2026-02-16 13:40:43] [SESSION 4] Saved 10 bids from page 46
[2026-02-16 13:40:46] [SESSION 4] Processing page 47
[2026-02-16 13:40:46] [SESSION 4] Saved 10 bids from page 47
[2026-02-16 13:40:50] [SESSION 4] Processing page 48
[2026-02-16 13:40:51] [SESSION 4] Saved 10 bids from page 48
[2026-02-16 13:40:54] [SESSION 4] Processing page 49
[2026-02-16 13:40:55] [SESSION 4] Saved 10 bids from page 49
[2026-02-16 13:40:59] [SESSION 4] Processing page 50
[2026-02-16 13:40:59] [SESSION 4] Saved 10 bids from page 50
[2026-02-16 13:41:03] [SESSION 4] Processing page 51
[2026-02-16 13:41:03] [SESSION 4] Saved 9 bids from page 51
[2026-02-16 13:41:07] [SESSION 4] Processing page 52
[2026-02-16 13:41:08] [SESSION 4] Saved 10 bids from page 52
[2026-02-16 13:41:11] [SESSION 4] Processing page 53
[2026-02-16 13:41:11] [SESSION 4] Saved 10 bids from page 53
[2026-02-16 13:41:14] [SESSION 4] Processing page 54
[2026-02-16 13:41:14] [SESSION 4] Saved 10 bids from page 54
[2026-02-16 13:41:18] [SESSION 4] Processing page 55
[2026-02-16 13:41:19] [SESSION 4] Saved 10 bids from page 55
[2026-02-16 13:41:22] [SESSION 4] Processing page 56
[2026-02-16 13:41:22] [SESSION 4] Saved 10 bids from page 56
[2026-02-16 13:41:25] [SESSION 4] Processing page 57
[2026-02-16 13:41:25] [SESSION 4] Saved 10 bids from page 57
[2026-02-16 13:41:29] [SESSION 4] Processing page 58
[2026-02-16 13:41:30] [SESSION 4] Saved 10 bids from page 58
[2026-02-16 13:41:33] [SESSION 4] Processing page 59
[2026-02-16 13:41:33] [SESSION 4] Saved 10 bids from page 59
[2026-02-16 13:41:37] [SESSION 4] Processing page 60
[2026-02-16 13:41:37] [SESSION 4] Saved 10 bids from page 60
[2026-02-16 13:41:41] [SESSION 4] Processing page 61
[2026-02-16 13:41:41] [SESSION 4] Saved 10 bids from page 61
[2026-02-16 13:41:45] [SESSION 4] Processing page 62
[2026-02-16 13:41:45] [SESSION 4] Saved 9 bids from page 62
[2026-02-16 13:41:49] [SESSION 4] Processing page 63
[2026-02-16 13:41:49] [SESSION 4] Saved 10 bids from page 63
[2026-02-16 13:41:53] [SESSION 4] Processing page 64
[2026-02-16 13:41:53] [SESSION 4] Saved 10 bids from page 64
[2026-02-16 13:41:57] [SESSION 4] Processing page 65
[2026-02-16 13:41:57] [SESSION 4] Saved 10 bids from page 65
[2026-02-16 13:42:01] [SESSION 4] Processing page 66
[2026-02-16 13:42:01] [SESSION 4] Saved 7 bids from page 66
[2026-02-16 13:42:05] [SESSION 4] Processing page 67
[2026-02-16 13:42:06] [SESSION 4] Saved 10 bids from page 67
[2026-02-16 13:42:09] [SESSION 4] Processing page 68
[2026-02-16 13:42:09] [SESSION 4] Saved 10 bids from page 68
[2026-02-16 13:42:13] [SESSION 4] Processing page 69
[2026-02-16 13:42:14] [SESSION 4] Saved 10 bids from page 69
[2026-02-16 13:42:17] [SESSION 4] Processing page 70
[2026-02-16 13:42:18] [SESSION 4] Saved 10 bids from page 70
[2026-02-16 13:42:21] [SESSION 4] Processing page 71
[2026-02-16 13:42:22] [SESSION 4] Saved 10 bids from page 71
[2026-02-16 13:42:25] [SESSION 4] Processing page 72
[2026-02-16 13:42:26] [SESSION 4] Saved 10 bids from page 72
[2026-02-16 13:42:29] [SESSION 4] Processing page 73
[2026-02-16 13:42:30] [SESSION 4] Saved 5 bids from page 73
[2026-02-16 13:42:33] [SESSION 4] Processing page 74
[2026-02-16 13:42:34] [SESSION 4] Saved 7 bids from page 74
[2026-02-16 13:42:37] [SESSION 4] Processing page 75
[2026-02-16 13:42:38] [SESSION 4] Saved 10 bids from page 75
[2026-02-16 13:42:41] [SESSION 4] Processing page 76
[2026-02-16 13:42:41] [SESSION 4] Saved 10 bids from page 76
[2026-02-16 13:42:45] [SESSION 4] Processing page 77
[2026-02-16 13:42:45] [SESSION 4] Saved 10 bids from page 77
[2026-02-16 13:42:48] [SESSION 4] Processing page 78
[2026-02-16 13:42:49] [SESSION 4] Saved 10 bids from page 78
[2026-02-16 13:42:52] [SESSION 4] Processing page 79
[2026-02-16 13:42:52] [SESSION 4] Saved 10 bids from page 79
[2026-02-16 13:42:55] [SESSION 4] Processing page 80
[2026-02-16 13:42:56] [SESSION 4] Saved 7 bids from page 80
[2026-02-16 13:42:59] [SESSION 4] Processing page 81
[2026-02-16 13:43:00] [SESSION 4] Saved 10 bids from page 81
[2026-02-16 13:43:03] [SESSION 4] Processing page 82
[2026-02-16 13:43:03] [SESSION 4] Saved 8 bids from page 82
[2026-02-16 13:43:06] [SESSION 4] Processing page 83
[2026-02-16 13:43:06] [SESSION 4] Saved 10 bids from page 83
[2026-02-16 13:43:09] [SESSION 4] Processing page 84
[2026-02-16 13:43:10] [SESSION 4] Saved 10 bids from page 84
[2026-02-16 13:43:13] [SESSION 4] Processing page 85
[2026-02-16 13:43:14] [SESSION 4] Saved 10 bids from page 85
[2026-02-16 13:43:17] [SESSION 4] Processing page 86
[2026-02-16 13:43:18] [SESSION 4] Saved 7 bids from page 86
[2026-02-16 13:43:21] [SESSION 4] Processing page 87
[2026-02-16 13:43:22] [SESSION 4] Saved 10 bids from page 87
[2026-02-16 13:43:25] [SESSION 4] Processing page 88
[2026-02-16 13:43:26] [SESSION 4] Saved 10 bids from page 88
[2026-02-16 13:43:29] [SESSION 4] Processing page 89
[2026-02-16 13:43:30] [SESSION 4] Saved 10 bids from page 89
[2026-02-16 13:43:33] [SESSION 4] Processing page 90
[2026-02-16 13:43:34] [SESSION 4] Saved 10 bids from page 90
[2026-02-16 13:43:37] [SESSION 4] Processing page 91
[2026-02-16 13:43:38] [SESSION 4] Saved 10 bids from page 91
[2026-02-16 13:43:41] [SESSION 4] Processing page 92
[2026-02-16 13:43:42] [SESSION 4] Saved 10 bids from page 92
[2026-02-16 13:43:45] [SESSION 4] Processing page 93
[2026-02-16 13:43:46] [SESSION 4] Saved 10 bids from page 93
[2026-02-16 13:43:49] [SESSION 4] Processing page 94
[2026-02-16 13:43:50] [SESSION 4] Saved 8 bids from page 94
[2026-02-16 13:43:53] [SESSION 4] Processing page 95
[2026-02-16 13:43:54] [SESSION 4] Saved 10 bids from page 95
[2026-02-16 13:43:57] [SESSION 4] Processing page 96
[2026-02-16 13:43:58] [SESSION 4] Saved 8 bids from page 96
[2026-02-16 13:44:01] [SESSION 4] Processing page 97
[2026-02-16 13:44:03] [SESSION 4] Saved 10 bids from page 97
[2026-02-16 13:44:05] [SESSION 4] Processing page 98
[2026-02-16 13:44:06] [SESSION 4] Saved 8 bids from page 98
[2026-02-16 13:44:09] [SESSION 4] Processing page 99
[2026-02-16 13:44:10] [SESSION 4] Saved 10 bids from page 99
[2026-02-16 13:44:13] [SESSION 4] Processing page 100
[2026-02-16 13:44:15] [SESSION 4] Saved 10 bids from page 100
[2026-02-16 13:44:17] [SESSION 4] Processing page 101
[2026-02-16 13:44:18] [SESSION 4] Saved 10 bids from page 101
[2026-02-16 13:44:21] [SESSION 4] Processing page 102
[2026-02-16 13:44:22] [SESSION 4] Saved 8 bids from page 102
[2026-02-16 13:44:25] [SESSION 4] Processing page 103
[2026-02-16 13:44:26] [SESSION 4] Saved 10 bids from page 103
[2026-02-16 13:44:29] [SESSION 4] Processing page 104
[2026-02-16 13:44:30] [SESSION 4] Saved 10 bids from page 104
[2026-02-16 13:44:33] [SESSION 4] Processing page 105
[2026-02-16 13:44:34] [SESSION 4] Saved 10 bids from page 105
[2026-02-16 13:44:37] [SESSION 4] Processing page 106
[2026-02-16 13:44:38] [SESSION 4] Saved 10 bids from page 106
[2026-02-16 13:44:41] [SESSION 4] Processing page 107
[2026-02-16 13:44:42] [SESSION 4] Saved 10 bids from page 107
[2026-02-16 13:44:45] [SESSION 4] Processing page 108
[2026-02-16 13:44:46] [SESSION 4] Saved 10 bids from page 108
[2026-02-16 13:44:49] [SESSION 4] Processing page 109
[2026-02-16 13:44:50] [SESSION 4] Saved 10 bids from page 109
[2026-02-16 13:44:53] [SESSION 4] Processing page 110
[2026-02-16 13:44:54] [SESSION 4] Saved 10 bids from page 110
[2026-02-16 13:44:58] [SESSION 4] Processing page 111
[2026-02-16 13:44:58] [SESSION 4] Saved 10 bids from page 111
[2026-02-16 13:45:02] [SESSION 4] Processing page 112
[2026-02-16 13:45:02] [SESSION 4] Saved 2 bids from page 112
[2026-02-16 13:45:04] [SESSION 4] Processing page 113
[2026-02-16 13:45:04] [SESSION 4] Saved 0 bids from page 113
[2026-02-16 13:45:04] [SESSION 4] Pagination completed safely.
[2026-02-16 13:45:05] [SESSION 4] Session completed: 14 new bids found, 113 pages processed
[2026-02-16 15:33:44] [SESSION 4] Starting scraper - Keyword: 'batter' | Output: gem_all_bids_session4.csv
[2026-02-16 15:33:56] [SESSION 4] Processing page 1
[2026-02-16 15:33:57] [SESSION 4] Saved 10 bids from page 1
[2026-02-16 15:33:59] [SESSION 4] Processing page 2
[2026-02-16 15:34:00] [SESSION 4] Saved 6 bids from page 2
[2026-02-16 15:34:01] [SESSION 4] Processing page 3
[2026-02-16 15:34:02] [SESSION 4] Saved 10 bids from page 3
[2026-02-16 15:34:03] [SESSION 4] Processing page 4
[2026-02-16 15:34:04] [SESSION 4] Saved 10 bids from page 4
[2026-02-16 15:34:06] [SESSION 4] Processing page 5
[2026-02-16 15:34:06] [SESSION 4] Saved 10 bids from page 5
[2026-02-16 15:34:08] [SESSION 4] Processing page 6
[2026-02-16 15:34:09] [SESSION 4] Saved 7 bids from page 6
[2026-02-16 15:34:10] [SESSION 4] Processing page 7
[2026-02-16 15:34:11] [SESSION 4] Saved 9 bids from page 7
[2026-02-16 15:34:12] [SESSION 4] Processing page 8
[2026-02-16 15:34:13] [SESSION 4] Saved 6 bids from page 8
[2026-02-16 15:34:14] [SESSION 4] Processing page 9
[2026-02-16 15:34:15] [SESSION 4] Saved 7 bids from page 9
[2026-02-16 15:34:17] [SESSION 4] Processing page 10
[2026-02-16 15:34:17] [SESSION 4] Saved 10 bids from page 10
[2026-02-16 15:34:19] [SESSION 4] Processing page 11
[2026-02-16 15:34:19] [SESSION 4] Saved 10 bids from page 11
[2026-02-16 15:34:21] [SESSION 4] Processing page 12
[2026-02-16 15:34:21] [SESSION 4] Saved 10 bids from page 12
[2026-02-16 15:34:23] [SESSION 4] Processing page 13
[2026-02-16 15:34:23] [SESSION 4] Saved 10 bids from page 13
[2026-02-16 15:34:25] [SESSION 4] Processing page 14
[2026-02-16 15:34:26] [SESSION 4] Saved 10 bids from page 14
[2026-02-16 15:34:27] [SESSION 4] Processing page 15
[2026-02-16 15:34:28] [SESSION 4] Saved 10 bids from page 15
[2026-02-16 15:34:30] [SESSION 4] Processing page 16
[2026-02-16 15:34:30] [SESSION 4] Saved 10 bids from page 16
[2026-02-16 15:34:32] [SESSION 4] Processing page 17
[2026-02-16 15:34:32] [SESSION 4] Saved 9 bids from page 17
[2026-02-16 15:34:34] [SESSION 4] Processing page 18
[2026-02-16 15:34:34] [SESSION 4] Saved 10 bids from page 18
[2026-02-16 15:34:36] [SESSION 4] Processing page 19
[2026-02-16 15:34:36] [SESSION 4] Saved 10 bids from page 19
[2026-02-16 15:34:38] [SESSION 4] Processing page 20
[2026-02-16 15:34:38] [SESSION 4] Saved 9 bids from page 20
[2026-02-16 15:34:40] [SESSION 4] Processing page 21
[2026-02-16 15:34:40] [SESSION 4] Saved 10 bids from page 21
[2026-02-16 15:34:42] [SESSION 4] Processing page 22
[2026-02-16 15:34:43] [SESSION 4] Saved 10 bids from page 22
[2026-02-16 15:34:44] [SESSION 4] Processing page 23
[2026-02-16 15:34:45] [SESSION 4] Saved 10 bids from page 23
[2026-02-16 15:34:46] [SESSION 4] Processing page 24
[2026-02-16 15:34:47] [SESSION 4] Saved 8 bids from page 24
[2026-02-16 15:34:48] [SESSION 4] Processing page 25
[2026-02-16 15:34:49] [SESSION 4] Saved 10 bids from page 25
[2026-02-16 15:34:51] [SESSION 4] Processing page 26
[2026-02-16 15:34:51] [SESSION 4] Saved 10 bids from page 26
[2026-02-16 15:34:53] [SESSION 4] Processing page 27
[2026-02-16 15:34:53] [SESSION 4] Saved 10 bids from page 27
[2026-02-16 15:34:54] [SESSION 4] Processing page 28
[2026-02-16 15:34:55] [SESSION 4] Saved 10 bids from page 28
[2026-02-16 15:34:56] [SESSION 4] Processing page 29
[2026-02-16 15:34:57] [SESSION 4] Saved 10 bids from page 29
[2026-02-16 15:34:58] [SESSION 4] Processing page 30
[2026-02-16 15:34:59] [SESSION 4] Saved 8 bids from page 30
[2026-02-16 15:35:00] [SESSION 4] Processing page 31
[2026-02-16 15:35:01] [SESSION 4] Saved 10 bids from page 31
[2026-02-16 15:35:03] [SESSION 4] Processing page 32
[2026-02-16 15:35:03] [SESSION 4] Saved 10 bids from page 32
[2026-02-16 15:35:05] [SESSION 4] Processing page 33
[2026-02-16 15:35:06] [SESSION 4] Saved 10 bids from page 33
[2026-02-16 15:35:07] [SESSION 4] Processing page 34
[2026-02-16 15:35:08] [SESSION 4] Saved 10 bids from page 34
[2026-02-16 15:35:09] [SESSION 4] Processing page 35
[2026-02-16 15:35:10] [SESSION 4] Saved 10 bids from page 35
[2026-02-16 15:35:11] [SESSION 4] Processing page 36
[2026-02-16 15:35:12] [SESSION 4] Saved 10 bids from page 36
[2026-02-16 15:35:14] [SESSION 4] Processing page 37
[2026-02-16 15:35:14] [SESSION 4] Saved 10 bids from page 37
[2026-02-16 15:35:16] [SESSION 4] Processing page 38
[2026-02-16 15:35:16] [SESSION 4] Saved 9 bids from page 38
[2026-02-16 15:35:18] [SESSION 4] Processing page 39
[2026-02-16 15:35:19] [SESSION 4] Saved 10 bids from page 39
[2026-02-16 15:35:20] [SESSION 4] Processing page 40
[2026-02-16 15:35:21] [SESSION 4] Saved 10 bids from page 40
[2026-02-16 15:36:38] [SESSION 4] Starting scraper - Keyword: 'batter' | Output: gem_all_bids_session4.csv
[2026-02-16 15:36:47] [SESSION 4] Processing page 1
[2026-02-16 15:36:48] [SESSION 4] Saved 10 bids from page 1
[2026-02-16 15:36:50] [SESSION 4] Processing page 2
[2026-02-16 15:36:51] [SESSION 4] Saved 9 bids from page 2
[2026-02-16 15:36:52] [SESSION 4] Processing page 3
[2026-02-16 15:36:53] [SESSION 4] Saved 7 bids from page 3
[2026-02-16 15:36:55] [SESSION 4] Processing page 4
[2026-02-16 15:36:56] [SESSION 4] Saved 10 bids from page 4
[2026-02-16 15:36:57] [SESSION 4] Processing page 5
[2026-02-16 15:36:58] [SESSION 4] Saved 7 bids from page 5
[2026-02-16 15:37:00] [SESSION 4] Processing page 6
[2026-02-16 15:37:00] [SESSION 4] Saved 10 bids from page 6
[2026-02-16 15:37:02] [SESSION 4] Processing page 7
[2026-02-16 15:37:02] [SESSION 4] Saved 10 bids from page 7
[2026-02-16 15:37:04] [SESSION 4] Processing page 8
[2026-02-16 15:37:05] [SESSION 4] Saved 4 bids from page 8
[2026-02-16 15:37:06] [SESSION 4] Processing page 9
[2026-02-16 15:37:07] [SESSION 4] Saved 8 bids from page 9
[2026-02-16 15:37:08] [SESSION 4] Processing page 10
[2026-02-16 15:37:09] [SESSION 4] Saved 9 bids from page 10
[2026-02-16 15:37:11] [SESSION 4] Processing page 11
[2026-02-16 15:37:11] [SESSION 4] Saved 10 bids from page 11
[2026-02-16 15:37:13] [SESSION 4] Processing page 12
[2026-02-16 15:37:14] [SESSION 4] Saved 10 bids from page 12
[2026-02-16 15:37:15] [SESSION 4] Processing page 13
[2026-02-16 15:37:16] [SESSION 4] Saved 10 bids from page 13
[2026-02-16 15:37:18] [SESSION 4] Processing page 14
[2026-02-16 15:37:18] [SESSION 4] Saved 10 bids from page 14
[2026-02-16 15:37:20] [SESSION 4] Processing page 15
[2026-02-16 15:37:21] [SESSION 4] Saved 10 bids from page 15
[2026-02-16 15:37:22] [SESSION 4] Processing page 16
[2026-02-16 15:37:23] [SESSION 4] Saved 10 bids from page 16
[2026-02-16 15:37:25] [SESSION 4] Processing page 17
[2026-02-16 15:37:25] [SESSION 4] Saved 10 bids from page 17
[2026-02-16 15:37:27] [SESSION 4] Processing page 18
[2026-02-16 15:37:28] [SESSION 4] Saved 9 bids from page 18
[2026-02-16 15:37:29] [SESSION 4] Processing page 19
[2026-02-16 15:37:30] [SESSION 4] Saved 10 bids from page 19
[2026-02-16 15:37:31] [SESSION 4] Processing page 20
[2026-02-16 15:37:32] [SESSION 4] Saved 10 bids from page 20
[2026-02-16 15:37:34] [SESSION 4] Processing page 21
[2026-02-16 15:37:34] [SESSION 4] Saved 10 bids from page 21
[2026-02-16 15:37:36] [SESSION 4] Processing page 22
[2026-02-16 15:37:36] [SESSION 4] Saved 9 bids from page 22
[2026-02-16 15:37:39] [SESSION 4] Processing page 23
[2026-02-16 15:37:40] [SESSION 4] Saved 10 bids from page 23
[2026-02-16 15:37:42] [SESSION 4] Processing page 24
[2026-02-16 15:37:42] [SESSION 4] Saved 9 bids from page 24
[2026-02-16 15:37:44] [SESSION 4] Processing page 25
[2026-02-16 15:37:44] [SESSION 4] Saved 10 bids from page 25
[2026-02-16 15:37:46] [SESSION 4] Processing page 26
[2026-02-16 15:37:47] [SESSION 4] Saved 10 bids from page 26
[2026-02-16 15:37:48] [SESSION 4] Processing page 27
[2026-02-16 15:37:49] [SESSION 4] Saved 10 bids from page 27
[2026-02-16 15:37:50] [SESSION 4] Processing page 28
[2026-02-16 15:37:51] [SESSION 4] Saved 9 bids from page 28
[2026-02-16 15:37:53] [SESSION 4] Processing page 29
[2026-02-16 15:37:53] [SESSION 4] Saved 10 bids from page 29
[2026-02-16 15:37:55] [SESSION 4] Processing page 30
[2026-02-16 15:37:55] [SESSION 4] Saved 8 bids from page 30
[2026-02-16 15:37:57] [SESSION 4] Processing page 31
[2026-02-16 15:37:58] [SESSION 4] Saved 10 bids from page 31
[2026-02-16 15:37:59] [SESSION 4] Processing page 32
[2026-02-16 15:38:00] [SESSION 4] Saved 10 bids from page 32
[2026-02-16 15:38:02] [SESSION 4] Processing page 33
[2026-02-16 15:38:03] [SESSION 4] Saved 10 bids from page 33
[2026-02-16 15:38:04] [SESSION 4] Processing page 34
[2026-02-16 15:38:05] [SESSION 4] Saved 10 bids from page 34
[2026-02-16 15:38:06] [SESSION 4] Processing page 35
[2026-02-16 15:38:07] [SESSION 4] Saved 10 bids from page 35
[2026-02-16 15:38:09] [SESSION 4] Processing page 36
[2026-02-16 15:38:09] [SESSION 4] Saved 10 bids from page 36
[2026-02-16 15:38:11] [SESSION 4] Processing page 37
[2026-02-16 15:38:12] [SESSION 4] Saved 9 bids from page 37
[2026-02-16 15:38:13] [SESSION 4] Processing page 38
[2026-02-16 15:38:14] [SESSION 4] Saved 10 bids from page 38
[2026-02-16 15:38:15] [SESSION 4] Processing page 39
[2026-02-16 15:38:16] [SESSION 4] Saved 10 bids from page 39
[2026-02-16 15:38:18] [SESSION 4] Processing page 40
[2026-02-16 15:38:18] [SESSION 4] Saved 10 bids from page 40
[2026-02-16 15:38:20] [SESSION 4] Processing page 41
[2026-02-16 15:38:20] [SESSION 4] Saved 10 bids from page 41
[2026-02-16 15:38:22] [SESSION 4] Processing page 42
[2026-02-16 15:38:22] [SESSION 4] Saved 10 bids from page 42
[2026-02-16 15:38:24] [SESSION 4] Processing page 43
[2026-02-16 15:38:24] [SESSION 4] Saved 10 bids from page 43
[2026-02-16 15:38:26] [SESSION 4] Processing page 44
[2026-02-16 15:38:27] [SESSION 4] Saved 9 bids from page 44
[2026-02-16 15:38:29] [SESSION 4] Processing page 45
[2026-02-16 15:38:29] [SESSION 4] Saved 10 bids from page 45
[2026-02-16 15:38:31] [SESSION 4] Processing page 46
[2026-02-16 15:38:31] [SESSION 4] Saved 8 bids from page 46
[2026-02-16 15:38:33] [SESSION 4] Processing page 47
[2026-02-16 15:38:34] [SESSION 4] Saved 10 bids from page 47
[2026-02-16 15:38:35] [SESSION 4] Processing page 48
[2026-02-16 15:38:36] [SESSION 4] Saved 9 bids from page 48
[2026-02-16 15:38:37] [SESSION 4] Processing page 49
[2026-02-16 15:38:38] [SESSION 4] Saved 10 bids from page 49
[2026-02-16 15:38:39] [SESSION 4] Processing page 50
[2026-02-16 15:38:40] [SESSION 4] Saved 10 bids from page 50
[2026-02-16 15:38:42] [SESSION 4] Processing page 51
[2026-02-16 15:38:42] [SESSION 4] Saved 10 bids from page 51
[2026-02-16 15:38:44] [SESSION 4] Processing page 52
[2026-02-16 15:38:44] [SESSION 4] Saved 9 bids from page 52
[2026-02-16 15:38:46] [SESSION 4] Processing page 53
[2026-02-16 15:38:46] [SESSION 4] Saved 10 bids from page 53
[2026-02-16 15:38:48] [SESSION 4] Processing page 54
[2026-02-16 15:38:48] [SESSION 4] Saved 9 bids from page 54
[2026-02-16 15:38:50] [SESSION 4] Processing page 55
[2026-02-16 15:38:51] [SESSION 4] Saved 6 bids from page 55
[2026-02-16 15:38:52] [SESSION 4] Processing page 56
[2026-02-16 15:38:53] [SESSION 4] Saved 8 bids from page 56
[2026-02-16 15:38:54] [SESSION 4] Processing page 57
[2026-02-16 15:38:55] [SESSION 4] Saved 9 bids from page 57
[2026-02-16 15:38:57] [SESSION 4] Processing page 58
[2026-02-16 15:38:57] [SESSION 4] Saved 10 bids from page 58
[2026-02-16 15:38:59] [SESSION 4] Processing page 59
[2026-02-16 15:38:59] [SESSION 4] Saved 8 bids from page 59
[2026-02-16 15:39:01] [SESSION 4] Processing page 60
[2026-02-16 15:39:02] [SESSION 4] Saved 10 bids from page 60
[2026-02-16 15:39:03] [SESSION 4] Processing page 61
[2026-02-16 15:39:04] [SESSION 4] Saved 6 bids from page 61
[2026-02-16 15:39:06] [SESSION 4] Processing page 62
[2026-02-16 15:39:06] [SESSION 4] Saved 10 bids from page 62
[2026-02-16 15:39:08] [SESSION 4] Processing page 63
[2026-02-16 15:39:08] [SESSION 4] Saved 7 bids from page 63
[2026-02-16 15:39:10] [SESSION 4] Processing page 64
[2026-02-16 15:39:10] [SESSION 4] Saved 10 bids from page 64
[2026-02-16 15:39:12] [SESSION 4] Processing page 65
[2026-02-16 15:39:13] [SESSION 4] Saved 8 bids from page 65
[2026-02-16 15:39:14] [SESSION 4] Processing page 66
[2026-02-16 15:39:15] [SESSION 4] Saved 10 bids from page 66
[2026-02-16 15:39:17] [SESSION 4] Processing page 67
[2026-02-16 15:39:18] [SESSION 4] Saved 10 bids from page 67
[2026-02-16 15:39:19] [SESSION 4] Processing page 68
[2026-02-16 15:39:20] [SESSION 4] Saved 9 bids from page 68
[2026-02-16 15:39:21] [SESSION 4] Processing page 69
[2026-02-16 15:39:22] [SESSION 4] Saved 10 bids from page 69
[2026-02-16 15:39:23] [SESSION 4] Processing page 70
[2026-02-16 15:39:24] [SESSION 4] Saved 3 bids from page 70
[2026-02-16 15:39:25] [SESSION 4] Processing page 71
[2026-02-16 15:39:26] [SESSION 4] Saved 10 bids from page 71
[2026-02-16 15:39:27] [SESSION 4] Processing page 72
[2026-02-16 15:39:28] [SESSION 4] Saved 9 bids from page 72
[2026-02-16 15:39:30] [SESSION 4] Processing page 73
[2026-02-16 15:39:30] [SESSION 4] Saved 8 bids from page 73
[2026-02-16 15:39:32] [SESSION 4] Processing page 74
[2026-02-16 15:39:32] [SESSION 4] Saved 9 bids from page 74
[2026-02-16 15:39:34] [SESSION 4] Processing page 75
[2026-02-16 15:39:34] [SESSION 4] Saved 10 bids from page 75
[2026-02-16 15:39:36] [SESSION 4] Processing page 76
[2026-02-16 15:39:37] [SESSION 4] Saved 9 bids from page 76
[2026-02-16 15:39:38] [SESSION 4] Processing page 77
[2026-02-16 15:39:39] [SESSION 4] Saved 10 bids from page 77
[2026-02-16 15:39:40] [SESSION 4] Processing page 78
[2026-02-16 15:39:41] [SESSION 4] Saved 10 bids from page 78
[2026-02-16 15:39:42] [SESSION 4] Processing page 79
[2026-02-16 15:39:43] [SESSION 4] Saved 10 bids from page 79
[2026-02-16 15:39:44] [SESSION 4] Processing page 80
[2026-02-16 15:39:45] [SESSION 4] Saved 10 bids from page 80
[2026-02-16 15:39:46] [SESSION 4] Processing page 81
[2026-02-16 15:39:47] [SESSION 4] Saved 10 bids from page 81
[2026-02-16 15:39:48] [SESSION 4] Processing page 82
[2026-02-16 15:39:49] [SESSION 4] Saved 9 bids from page 82
[2026-02-16 15:39:51] [SESSION 4] Processing page 83
[2026-02-16 15:39:51] [SESSION 4] Saved 10 bids from page 83
[2026-02-16 15:39:53] [SESSION 4] Processing page 84
[2026-02-16 15:39:54] [SESSION 4] Saved 10 bids from page 84
[2026-02-16 15:39:55] [SESSION 4] Processing page 85
[2026-02-16 15:39:56] [SESSION 4] Saved 10 bids from page 85
[2026-02-16 15:39:58] [SESSION 4] Processing page 86
[2026-02-16 15:39:58] [SESSION 4] Saved 10 bids from page 86
[2026-02-16 15:40:00] [SESSION 4] Processing page 87
[2026-02-16 15:40:00] [SESSION 4] Saved 10 bids from page 87
[2026-02-16 15:40:02] [SESSION 4] Processing page 88
[2026-02-16 15:40:02] [SESSION 4] Saved 10 bids from page 88
[2026-02-16 15:40:04] [SESSION 4] Processing page 89
[2026-02-16 15:40:04] [SESSION 4] Saved 10 bids from page 89
[2026-02-16 15:40:06] [SESSION 4] Processing page 90
[2026-02-16 15:40:06] [SESSION 4] Saved 10 bids from page 90
[2026-02-16 15:40:08] [SESSION 4] Processing page 91
[2026-02-16 15:40:09] [SESSION 4] Saved 10 bids from page 91
[2026-02-16 15:40:10] [SESSION 4] Processing page 92
[2026-02-16 15:40:11] [SESSION 4] Saved 10 bids from page 92
[2026-02-16 15:40:13] [SESSION 4] Processing page 93
[2026-02-16 15:40:13] [SESSION 4] Saved 10 bids from page 93
[2026-02-16 15:40:15] [SESSION 4] Processing page 94
[2026-02-16 15:40:16] [SESSION 4] Saved 10 bids from page 94
[2026-02-16 15:40:17] [SESSION 4] Processing page 95
[2026-02-16 15:40:18] [SESSION 4] Saved 10 bids from page 95
[2026-02-16 15:40:20] [SESSION 4] Processing page 96
[2026-02-16 15:40:21] [SESSION 4] Saved 10 bids from page 96
[2026-02-16 15:40:23] [SESSION 4] Processing page 97
[2026-02-16 15:40:24] [SESSION 4] Saved 10 bids from page 97
[2026-02-16 15:40:25] [SESSION 4] Processing page 98
[2026-02-16 15:40:26] [SESSION 4] Saved 9 bids from page 98
[2026-02-16 15:40:28] [SESSION 4] Processing page 99
[2026-02-16 15:40:28] [SESSION 4] Saved 10 bids from page 99
[2026-02-16 15:40:30] [SESSION 4] Processing page 100
[2026-02-16 15:40:30] [SESSION 4] Saved 10 bids from page 100
[2026-02-16 15:40:32] [SESSION 4] Processing page 101
[2026-02-16 15:40:32] [SESSION 4] Saved 9 bids from page 101
[2026-02-16 15:40:34] [SESSION 4] Processing page 102
[2026-02-16 15:40:34] [SESSION 4] Saved 9 bids from page 102
[2026-02-16 15:40:36] [SESSION 4] Processing page 103
[2026-02-16 15:40:36] [SESSION 4] Saved 10 bids from page 103
[2026-02-16 15:40:38] [SESSION 4] Processing page 104
[2026-02-16 15:40:38] [SESSION 4] Saved 9 bids from page 104
[2026-02-16 15:40:40] [SESSION 4] Processing page 105
[2026-02-16 15:40:40] [SESSION 4] Saved 10 bids from page 105
[2026-02-16 15:40:42] [SESSION 4] Processing page 106
[2026-02-16 15:40:42] [SESSION 4] Saved 10 bids from page 106
[2026-02-16 15:40:44] [SESSION 4] Processing page 107
[2026-02-16 15:40:44] [SESSION 4] Saved 10 bids from page 107
[2026-02-16 15:40:46] [SESSION 4] Processing page 108
[2026-02-16 15:40:46] [SESSION 4] Saved 10 bids from page 108
[2026-02-16 15:40:48] [SESSION 4] Processing page 109
[2026-02-16 15:40:48] [SESSION 4] Saved 10 bids from page 109
[2026-02-16 15:40:50] [SESSION 4] Processing page 110
[2026-02-16 15:40:50] [SESSION 4] Saved 8 bids from page 110
[2026-02-16 15:40:52] [SESSION 4] Processing page 111
[2026-02-16 15:40:53] [SESSION 4] Saved 0 bids from page 111
[2026-02-16 15:40:53] [SESSION 4] Pagination completed safely.
[2026-02-16 15:40:53] [SESSION 4] Session completed: 12 new bids found, 111 pages processed
[2026-02-16 15:52:11] [SESSION 4] Starting scraper - Keyword: 'batter' | Output: gem_all_bids_session4.csv
[2026-02-16 15:52:20] [SESSION 4] Processing page 1
[2026-02-16 15:52:20] [SESSION 4] Saved 10 bids from page 1
[2026-02-16 15:52:22] [SESSION 4] Processing page 2
[2026-02-16 15:52:23] [SESSION 4] Saved 2 bids from page 2
[2026-02-16 15:52:25] [SESSION 4] Processing page 3
[2026-02-16 15:52:26] [SESSION 4] Saved 10 bids from page 3
[2026-02-16 15:52:28] [SESSION 4] Processing page 4
[2026-02-16 15:52:28] [SESSION 4] Saved 7 bids from page 4
[2026-02-16 15:52:30] [SESSION 4] Processing page 5
[2026-02-16 15:52:31] [SESSION 4] Saved 9 bids from page 5
[2026-02-16 15:52:32] [SESSION 4] Processing page 6
[2026-02-16 15:52:33] [SESSION 4] Saved 10 bids from page 6
[2026-02-16 15:52:35] [SESSION 4] Processing page 7
[2026-02-16 15:52:35] [SESSION 4] Saved 4 bids from page 7
[2026-02-16 15:52:37] [SESSION 4] Processing page 8
[2026-02-16 15:52:37] [SESSION 4] Saved 9 bids from page 8
[2026-02-16 15:52:39] [SESSION 4] Processing page 9
[2026-02-16 15:52:39] [SESSION 4] Saved 10 bids from page 9
[2026-02-16 15:52:41] [SESSION 4] Processing page 10
[2026-02-16 15:52:41] [SESSION 4] Saved 10 bids from page 10
[2026-02-16 15:52:43] [SESSION 4] Processing page 11
[2026-02-16 15:52:43] [SESSION 4] Saved 9 bids from page 11
[2026-02-16 15:52:45] [SESSION 4] Processing page 12
[2026-02-16 15:52:46] [SESSION 4] Saved 9 bids from page 12
[2026-02-16 15:52:47] [SESSION 4] Processing page 13
[2026-02-16 15:52:48] [SESSION 4] Saved 10 bids from page 13
[2026-02-16 15:52:49] [SESSION 4] Processing page 14
[2026-02-16 15:52:50] [SESSION 4] Saved 7 bids from page 14
[2026-02-16 15:52:51] [SESSION 4] Processing page 15
[2026-02-16 15:52:52] [SESSION 4] Saved 10 bids from page 15
[2026-02-16 15:52:54] [SESSION 4] Processing page 16
[2026-02-16 15:52:54] [SESSION 4] Saved 10 bids from page 16
[2026-02-16 15:52:56] [SESSION 4] Processing page 17
[2026-02-16 15:52:56] [SESSION 4] Saved 10 bids from page 17
[2026-02-16 15:52:58] [SESSION 4] Processing page 18
[2026-02-16 15:52:58] [SESSION 4] Saved 9 bids from page 18
[2026-02-16 15:53:00] [SESSION 4] Processing page 19
[2026-02-16 15:53:00] [SESSION 4] Saved 10 bids from page 19
[2026-02-16 15:53:02] [SESSION 4] Processing page 20
[2026-02-16 15:53:02] [SESSION 4] Saved 10 bids from page 20
[2026-02-16 15:53:04] [SESSION 4] Processing page 21
[2026-02-16 15:53:04] [SESSION 4] Saved 9 bids from page 21
[2026-02-16 15:53:06] [SESSION 4] Processing page 22
[2026-02-16 15:53:06] [SESSION 4] Saved 9 bids from page 22
[2026-02-16 15:53:08] [SESSION 4] Processing page 23
[2026-02-16 15:53:08] [SESSION 4] Saved 9 bids from page 23
[2026-02-16 15:53:10] [SESSION 4] Processing page 24
[2026-02-16 15:53:11] [SESSION 4] Saved 10 bids from page 24
[2026-02-16 15:53:12] [SESSION 4] Processing page 25
[2026-02-16 15:53:13] [SESSION 4] Saved 9 bids from page 25
[2026-02-16 15:53:14] [SESSION 4] Processing page 26
[2026-02-16 15:53:15] [SESSION 4] Saved 10 bids from page 26
[2026-02-16 15:53:16] [SESSION 4] Processing page 27
[2026-02-16 15:53:17] [SESSION 4] Saved 10 bids from page 27
[2026-02-16 15:53:19] [SESSION 4] Processing page 28
[2026-02-16 15:53:19] [SESSION 4] Saved 10 bids from page 28
[2026-02-16 15:53:21] [SESSION 4] Processing page 29
[2026-02-16 15:53:22] [SESSION 4] Saved 9 bids from page 29
[2026-02-16 15:53:24] [SESSION 4] Processing page 30
[2026-02-16 15:53:24] [SESSION 4] Saved 8 bids from page 30
[2026-02-16 15:53:26] [SESSION 4] Processing page 31
[2026-02-16 15:53:27] [SESSION 4] Saved 10 bids from page 31
[2026-02-16 15:53:28] [SESSION 4] Processing page 32
[2026-02-16 15:53:29] [SESSION 4] Saved 10 bids from page 32
[2026-02-16 15:53:31] [SESSION 4] Processing page 33
[2026-02-16 15:53:31] [SESSION 4] Saved 10 bids from page 33
[2026-02-16 15:53:33] [SESSION 4] Processing page 34
[2026-02-16 15:53:33] [SESSION 4] Saved 10 bids from page 34
[2026-02-16 15:53:37] [SESSION 4] Processing page 35
[2026-02-16 15:53:37] [SESSION 4] Saved 9 bids from page 35
[2026-02-16 15:53:41] [SESSION 4] Processing page 36
[2026-02-16 15:53:41] [SESSION 4] Saved 10 bids from page 36
[2026-02-16 15:53:45] [SESSION 4] Processing page 37
[2026-02-16 15:53:45] [SESSION 4] Saved 10 bids from page 37
[2026-02-16 15:53:49] [SESSION 4] Processing page 38
[2026-02-16 15:53:49] [SESSION 4] Saved 10 bids from page 38
[2026-02-16 15:53:53] [SESSION 4] Processing page 39
[2026-02-16 15:53:53] [SESSION 4] Saved 10 bids from page 39
[2026-02-16 15:53:57] [SESSION 4] Processing page 40
[2026-02-16 15:53:57] [SESSION 4] Saved 10 bids from page 40
[2026-02-16 15:54:00] [SESSION 4] Processing page 41
[2026-02-16 15:54:00] [SESSION 4] Saved 10 bids from page 41
[2026-02-16 15:54:04] [SESSION 4] Processing page 42
[2026-02-16 15:54:04] [SESSION 4] Saved 9 bids from page 42
[2026-02-16 15:54:07] [SESSION 4] Processing page 43
[2026-02-16 15:54:08] [SESSION 4] Saved 10 bids from page 43
[2026-02-16 15:54:11] [SESSION 4] Processing page 44
[2026-02-16 15:54:12] [SESSION 4] Saved 10 bids from page 44
[2026-02-16 15:54:15] [SESSION 4] Processing page 45
[2026-02-16 15:54:16] [SESSION 4] Saved 10 bids from page 45
[2026-02-16 15:54:19] [SESSION 4] Processing page 46
[2026-02-16 15:54:20] [SESSION 4] Saved 8 bids from page 46
[2026-02-16 15:54:23] [SESSION 4] Processing page 47
[2026-02-16 15:54:23] [SESSION 4] Saved 10 bids from page 47
[2026-02-16 15:54:27] [SESSION 4] Processing page 48
[2026-02-16 15:54:27] [SESSION 4] Saved 10 bids from page 48
[2026-02-16 15:54:31] [SESSION 4] Processing page 49
[2026-02-16 15:54:32] [SESSION 4] Saved 10 bids from page 49
[2026-02-16 15:54:35] [SESSION 4] Processing page 50
[2026-02-16 15:54:36] [SESSION 4] Saved 10 bids from page 50
[2026-02-16 15:54:39] [SESSION 4] Processing page 51
[2026-02-16 15:54:40] [SESSION 4] Saved 10 bids from page 51
[2026-02-16 15:54:43] [SESSION 4] Processing page 52
[2026-02-16 15:54:44] [SESSION 4] Saved 10 bids from page 52
[2026-02-16 15:54:47] [SESSION 4] Processing page 53
[2026-02-16 15:54:48] [SESSION 4] Saved 10 bids from page 53
[2026-02-16 15:54:51] [SESSION 4] Processing page 54
[2026-02-16 15:57:04] [SESSION 4] Starting scraper - Keyword: 'batter' | Output: gem_all_bids_session4.csv
[2026-02-16 15:57:13] [SESSION 4] Processing page 1
[2026-02-16 15:57:14] [SESSION 4] Saved 10 bids from page 1
[2026-02-16 15:57:16] [SESSION 4] Processing page 2
[2026-02-16 15:57:17] [SESSION 4] Saved 6 bids from page 2
[2026-02-16 15:57:19] [SESSION 4] Processing page 3
[2026-02-16 15:57:19] [SESSION 4] Saved 10 bids from page 3
[2026-02-16 15:57:21] [SESSION 4] Processing page 4
[2026-02-16 15:57:21] [SESSION 4] Saved 7 bids from page 4
[2026-02-16 15:57:23] [SESSION 4] Processing page 5
[2026-02-16 15:57:24] [SESSION 4] Saved 7 bids from page 5
[2026-02-16 15:57:25] [SESSION 4] Processing page 6
[2026-02-16 15:57:26] [SESSION 4] Saved 10 bids from page 6
[2026-02-16 15:57:27] [SESSION 4] Processing page 7
[2026-02-16 15:57:28] [SESSION 4] Saved 10 bids from page 7
[2026-02-16 15:57:29] [SESSION 4] Processing page 8
[2026-02-16 15:57:30] [SESSION 4] Saved 9 bids from page 8
[2026-02-16 15:57:32] [SESSION 4] Processing page 9
[2026-02-16 15:57:32] [SESSION 4] Saved 10 bids from page 9
[2026-02-16 15:57:34] [SESSION 4] Processing page 10
[2026-02-16 15:57:34] [SESSION 4] Saved 10 bids from page 10
[2026-02-16 15:57:36] [SESSION 4] Processing page 11
[2026-02-16 15:57:36] [SESSION 4] Saved 9 bids from page 11
[2026-02-16 15:57:38] [SESSION 4] Processing page 12
[2026-02-16 15:57:38] [SESSION 4] Saved 9 bids from page 12
[2026-02-16 15:57:40] [SESSION 4] Processing page 13
[2026-02-16 15:57:41] [SESSION 4] Saved 10 bids from page 13
[2026-02-16 15:57:42] [SESSION 4] Processing page 14
[2026-02-16 15:57:43] [SESSION 4] Saved 9 bids from page 14
[2026-02-16 15:57:45] [SESSION 4] Processing page 15
[2026-02-16 15:57:45] [SESSION 4] Saved 10 bids from page 15
[2026-02-16 15:57:47] [SESSION 4] Processing page 16
[2026-02-16 15:57:48] [SESSION 4] Saved 10 bids from page 16
[2026-02-16 15:57:49] [SESSION 4] Processing page 17
[2026-02-16 15:57:50] [SESSION 4] Saved 10 bids from page 17
[2026-02-16 15:57:51] [SESSION 4] Processing page 18
[2026-02-16 15:57:52] [SESSION 4] Saved 8 bids from page 18
[2026-02-16 15:57:54] [SESSION 4] Processing page 19
[2026-02-16 15:57:54] [SESSION 4] Saved 10 bids from page 19
[2026-02-16 15:57:56] [SESSION 4] Processing page 20
[2026-02-16 15:57:56] [SESSION 4] Saved 10 bids from page 20
[2026-02-16 15:57:58] [SESSION 4] Processing page 21
[2026-02-16 15:57:58] [SESSION 4] Saved 10 bids from page 21
[2026-02-16 15:58:00] [SESSION 4] Processing page 22
[2026-02-16 15:58:00] [SESSION 4] Saved 10 bids from page 22
[2026-02-16 15:58:02] [SESSION 4] Processing page 23
[2026-02-16 15:58:03] [SESSION 4] Saved 9 bids from page 23
[2026-02-16 15:58:04] [SESSION 4] Processing page 24
[2026-02-16 15:58:05] [SESSION 4] Saved 9 bids from page 24
[2026-02-16 15:58:06] [SESSION 4] Processing page 25
[2026-02-16 15:58:07] [SESSION 4] Saved 10 bids from page 25
[2026-02-16 15:58:08] [SESSION 4] Processing page 26
[2026-02-16 15:58:09] [SESSION 4] Saved 10 bids from page 26
[2026-02-16 15:58:11] [SESSION 4] Processing page 27
[2026-02-16 15:58:11] [SESSION 4] Saved 10 bids from page 27
[2026-02-16 15:58:13] [SESSION 4] Processing page 28
[2026-02-16 15:58:13] [SESSION 4] Saved 10 bids from page 28
[2026-02-16 15:58:15] [SESSION 4] Processing page 29
[2026-02-16 15:58:16] [SESSION 4] Saved 9 bids from page 29
[2026-02-16 15:58:17] [SESSION 4] Processing page 30
[2026-02-16 15:58:18] [SESSION 4] Saved 10 bids from page 30
[2026-02-16 15:58:19] [SESSION 4] Processing page 31
[2026-02-16 15:58:20] [SESSION 4] Saved 10 bids from page 31
[2026-02-16 15:58:22] [SESSION 4] Processing page 32
[2026-02-16 15:58:22] [SESSION 4] Saved 10 bids from page 32
[2026-02-16 15:58:24] [SESSION 4] Processing page 33
[2026-02-16 15:58:25] [SESSION 4] Saved 10 bids from page 33
[2026-02-16 15:58:26] [SESSION 4] Processing page 34
[2026-02-16 15:58:27] [SESSION 4] Saved 10 bids from page 34
[2026-02-16 15:58:28] [SESSION 4] Processing page 35
[2026-02-16 15:58:29] [SESSION 4] Saved 10 bids from page 35
[2026-02-16 15:58:31] [SESSION 4] Processing page 36
[2026-02-16 15:58:32] [SESSION 4] Saved 10 bids from page 36
[2026-02-16 15:58:34] [SESSION 4] Processing page 37
[2026-02-16 15:58:35] [SESSION 4] Saved 10 bids from page 37
[2026-02-16 15:58:36] [SESSION 4] Processing page 38
[2026-02-16 15:58:37] [SESSION 4] Saved 9 bids from page 38
[2026-02-16 15:58:38] [SESSION 4] Processing page 39
[2026-02-16 15:58:39] [SESSION 4] Saved 10 bids from page 39
[2026-02-16 15:58:41] [SESSION 4] Processing page 40
[2026-02-16 15:58:41] [SESSION 4] Saved 10 bids from page 40
[2026-02-16 15:58:43] [SESSION 4] Processing page 41
[2026-02-16 15:58:43] [SESSION 4] Saved 10 bids from page 41
[2026-02-16 15:58:45] [SESSION 4] Processing page 42
[2026-02-16 15:58:45] [SESSION 4] Saved 10 bids from page 42
[2026-02-16 15:58:47] [SESSION 4] Processing page 43
[2026-02-16 15:58:48] [SESSION 4] Saved 10 bids from page 43
[2026-02-16 15:58:50] [SESSION 4] Processing page 44
[2026-02-16 15:58:51] [SESSION 4] Saved 10 bids from page 44
[2026-02-16 15:58:52] [SESSION 4] Processing page 45
[2026-02-16 15:58:53] [SESSION 4] Saved 10 bids from page 45
[2026-02-16 15:58:54] [SESSION 4] Processing page 46
[2026-02-16 15:58:55] [SESSION 4] Saved 10 bids from page 46
[2026-02-16 15:58:57] [SESSION 4] Processing page 47
[2026-02-16 15:58:57] [SESSION 4] Saved 10 bids from page 47
[2026-02-16 15:58:59] [SESSION 4] Processing page 48
[2026-02-16 15:58:59] [SESSION 4] Saved 8 bids from page 48
[2026-02-16 15:59:01] [SESSION 4] Processing page 49
[2026-02-16 15:59:01] [SESSION 4] Saved 10 bids from page 49
[2026-02-16 15:59:03] [SESSION 4] Processing page 50
[2026-02-16 15:59:03] [SESSION 4] Saved 10 bids from page 50
[2026-02-16 15:59:05] [SESSION 4] Processing page 51
[2026-02-16 15:59:05] [SESSION 4] Saved 10 bids from page 51
[2026-02-16 15:59:07] [SESSION 4] Processing page 52
[2026-02-16 15:59:07] [SESSION 4] Saved 10 bids from page 52
[2026-02-16 15:59:09] [SESSION 4] Processing page 53
[2026-02-16 15:59:09] [SESSION 4] Saved 10 bids from page 53
[2026-02-16 15:59:11] [SESSION 4] Processing page 54
[2026-02-16 15:59:11] [SESSION 4] Saved 10 bids from page 54
[2026-02-16 15:59:13] [SESSION 4] Processing page 55
[2026-02-16 15:59:13] [SESSION 4] Saved 10 bids from page 55
[2026-02-16 15:59:15] [SESSION 4] Processing page 56
[2026-02-16 15:59:16] [SESSION 4] Saved 10 bids from page 56
[2026-02-16 15:59:18] [SESSION 4] Processing page 57
[2026-02-16 15:59:18] [SESSION 4] Saved 10 bids from page 57
[2026-02-16 15:59:20] [SESSION 4] Processing page 58
[2026-02-16 15:59:20] [SESSION 4] Saved 9 bids from page 58
[2026-02-16 15:59:22] [SESSION 4] Processing page 59
[2026-02-16 15:59:22] [SESSION 4] Saved 8 bids from page 59
[2026-02-16 15:59:24] [SESSION 4] Processing page 60
[2026-02-16 15:59:25] [SESSION 4] Saved 10 bids from page 60
[2026-02-16 15:59:26] [SESSION 4] Processing page 61
[2026-02-16 15:59:27] [SESSION 4] Saved 10 bids from page 61
[2026-02-16 15:59:28] [SESSION 4] Processing page 62
[2026-02-16 15:59:29] [SESSION 4] Saved 10 bids from page 62
[2026-02-16 15:59:30] [SESSION 4] Processing page 63
[2026-02-16 15:59:31] [SESSION 4] Saved 10 bids from page 63
[2026-02-16 15:59:33] [SESSION 4] Processing page 64
[2026-02-16 15:59:33] [SESSION 4] Saved 9 bids from page 64
[2026-02-16 15:59:35] [SESSION 4] Processing page 65
[2026-02-16 15:59:36] [SESSION 4] Saved 8 bids from page 65
[2026-02-16 15:59:37] [SESSION 4] Processing page 66
[2026-02-16 15:59:38] [SESSION 4] Saved 9 bids from page 66
[2026-02-16 15:59:39] [SESSION 4] Processing page 67
[2026-02-16 15:59:40] [SESSION 4] Saved 10 bids from page 67
[2026-02-16 15:59:42] [SESSION 4] Processing page 68
[2026-02-16 15:59:42] [SESSION 4] Saved 10 bids from page 68
[2026-02-16 15:59:44] [SESSION 4] Processing page 69
[2026-02-16 15:59:44] [SESSION 4] Saved 10 bids from page 69
[2026-02-16 15:59:46] [SESSION 4] Processing page 70
[2026-02-16 15:59:46] [SESSION 4] Saved 10 bids from page 70
[2026-02-16 15:59:48] [SESSION 4] Processing page 71
[2026-02-16 15:59:48] [SESSION 4] Saved 10 bids from page 71
[2026-02-16 15:59:50] [SESSION 4] Processing page 72
[2026-02-16 15:59:50] [SESSION 4] Saved 10 bids from page 72
[2026-02-16 15:59:52] [SESSION 4] Processing page 73
[2026-02-16 15:59:52] [SESSION 4] Saved 10 bids from page 73
[2026-02-16 15:59:54] [SESSION 4] Processing page 74
[2026-02-16 15:59:55] [SESSION 4] Saved 10 bids from page 74
[2026-02-16 15:59:56] [SESSION 4] Processing page 75
[2026-02-16 15:59:56] [SESSION 4] Saved 9 bids from page 75
[2026-02-16 15:59:58] [SESSION 4] Processing page 76
[2026-02-16 15:59:58] [SESSION 4] Saved 10 bids from page 76
[2026-02-16 16:00:00] [SESSION 4] Processing page 77
[2026-02-16 16:00:00] [SESSION 4] Saved 10 bids from page 77
[2026-02-16 16:00:02] [SESSION 4] Processing page 78
[2026-02-16 16:00:02] [SESSION 4] Saved 10 bids from page 78
[2026-02-16 16:00:04] [SESSION 4] Processing page 79
[2026-02-16 16:00:04] [SESSION 4] Saved 10 bids from page 79
[2026-02-16 16:00:06] [SESSION 4] Processing page 80
[2026-02-16 16:00:07] [SESSION 4] Saved 9 bids from page 80
[2026-02-16 16:00:08] [SESSION 4] Processing page 81
[2026-02-16 16:00:09] [SESSION 4] Saved 10 bids from page 81
[2026-02-16 16:00:10] [SESSION 4] Processing page 82
[2026-02-16 16:00:11] [SESSION 4] Saved 10 bids from page 82
[2026-02-16 16:00:12] [SESSION 4] Processing page 83
[2026-02-16 16:00:13] [SESSION 4] Saved 9 bids from page 83
[2026-02-16 16:00:15] [SESSION 4] Processing page 84
[2026-02-16 16:00:15] [SESSION 4] Saved 10 bids from page 84
[2026-02-16 16:00:17] [SESSION 4] Processing page 85
[2026-02-16 16:00:17] [SESSION 4] Saved 10 bids from page 85
[2026-02-16 16:00:19] [SESSION 4] Processing page 86
[2026-02-16 16:00:20] [SESSION 4] Saved 10 bids from page 86
[2026-02-16 16:00:21] [SESSION 4] Processing page 87
[2026-02-16 16:00:22] [SESSION 4] Saved 9 bids from page 87
[2026-02-16 16:00:23] [SESSION 4] Processing page 88
[2026-02-16 16:00:24] [SESSION 4] Saved 10 bids from page 88
[2026-02-16 16:00:26] [SESSION 4] Processing page 89
[2026-02-16 16:00:26] [SESSION 4] Saved 8 bids from page 89
[2026-02-16 16:00:28] [SESSION 4] Processing page 90
[2026-02-16 16:00:29] [SESSION 4] Saved 10 bids from page 90
[2026-02-16 16:00:30] [SESSION 4] Processing page 91
[2026-02-16 16:00:31] [SESSION 4] Saved 10 bids from page 91
[2026-02-16 16:00:32] [SESSION 4] Processing page 92
[2026-02-16 16:00:33] [SESSION 4] Saved 10 bids from page 92
[2026-02-16 16:00:35] [SESSION 4] Processing page 93
[2026-02-16 16:00:36] [SESSION 4] Saved 9 bids from page 93
[2026-02-16 16:00:38] [SESSION 4] Processing page 94
[2026-02-16 16:00:39] [SESSION 4] Saved 10 bids from page 94
[2026-02-16 16:00:40] [SESSION 4] Processing page 95
[2026-02-16 16:00:41] [SESSION 4] Saved 9 bids from page 95
[2026-02-16 16:00:43] [SESSION 4] Processing page 96
[2026-02-16 16:00:44] [SESSION 4] Saved 10 bids from page 96
[2026-02-16 16:00:45] [SESSION 4] Processing page 97
[2026-02-16 16:00:46] [SESSION 4] Saved 10 bids from page 97
[2026-02-16 16:00:48] [SESSION 4] Processing page 98
[2026-02-16 16:00:48] [SESSION 4] Saved 10 bids from page 98
[2026-02-16 16:00:50] [SESSION 4] Processing page 99
[2026-02-16 16:00:50] [SESSION 4] Saved 9 bids from page 99
[2026-02-16 16:00:51] [SESSION 4] Processing page 100
[2026-02-16 16:00:52] [SESSION 4] Saved 9 bids from page 100
[2026-02-16 16:00:53] [SESSION 4] Processing page 101
[2026-02-16 16:00:54] [SESSION 4] Saved 10 bids from page 101
[2026-02-16 16:00:55] [SESSION 4] Processing page 102
[2026-02-16 16:00:56] [SESSION 4] Saved 10 bids from page 102
[2026-02-16 16:00:57] [SESSION 4] Processing page 103
[2026-02-16 16:00:58] [SESSION 4] Saved 10 bids from page 103
[2026-02-16 16:00:59] [SESSION 4] Processing page 104
[2026-02-16 16:01:00] [SESSION 4] Saved 10 bids from page 104
[2026-02-16 16:01:01] [SESSION 4] Processing page 105
[2026-02-16 16:01:02] [SESSION 4] Saved 10 bids from page 105
[2026-02-16 16:01:03] [SESSION 4] Processing page 106
[2026-02-16 16:01:03] [SESSION 4] Saved 10 bids from page 106
[2026-02-16 16:01:05] [SESSION 4] Processing page 107
[2026-02-16 16:01:05] [SESSION 4] Saved 10 bids from page 107
[2026-02-16 16:01:07] [SESSION 4] Processing page 108
[2026-02-16 16:01:07] [SESSION 4] Saved 10 bids from page 108
[2026-02-16 16:01:09] [SESSION 4] Processing page 109
[2026-02-16 16:01:09] [SESSION 4] Saved 10 bids from page 109
[2026-02-16 16:01:11] [SESSION 4] Processing page 110
[2026-02-16 16:01:11] [SESSION 4] Saved 2 bids from page 110
[2026-02-16 16:01:13] [SESSION 4] Processing page 111
[2026-02-16 16:01:13] [SESSION 4] Saved 0 bids from page 111
[2026-02-16 16:01:13] [SESSION 4] Pagination completed safely.
[2026-02-16 16:01:13] [SESSION 4] Session completed: 7 new bids found, 111 pages processed
[2026-02-16 16:07:33] [SESSION 4] Starting scraper - Keyword: 'batter' | Output: gem_all_bids_session4.csv
[2026-02-16 16:07:43] [SESSION 4] Processing page 1
[2026-02-16 16:07:44] [SESSION 4] Saved 10 bids from page 1
[2026-02-16 16:07:46] [SESSION 4] Processing page 2
[2026-02-16 16:07:46] [SESSION 4] Saved 5 bids from page 2
[2026-02-16 16:07:48] [SESSION 4] Processing page 3
[2026-02-16 16:07:49] [SESSION 4] Saved 7 bids from page 3
[2026-02-16 16:07:50] [SESSION 4] Processing page 4
[2026-02-16 16:07:51] [SESSION 4] Saved 10 bids from page 4
[2026-02-16 16:07:52] [SESSION 4] Processing page 5
[2026-02-16 16:07:53] [SESSION 4] Saved 3 bids from page 5
[2026-02-16 16:07:55] [SESSION 4] Processing page 6
[2026-02-16 16:07:55] [SESSION 4] Saved 10 bids from page 6
[2026-02-16 16:07:57] [SESSION 4] Processing page 7
[2026-02-16 16:07:57] [SESSION 4] Saved 5 bids from page 7
[2026-02-16 16:07:59] [SESSION 4] Processing page 8
[2026-02-16 16:07:59] [SESSION 4] Saved 8 bids from page 8
[2026-02-16 16:08:01] [SESSION 4] Processing page 9
[2026-02-16 16:08:02] [SESSION 4] Saved 7 bids from page 9
[2026-02-16 16:08:03] [SESSION 4] Processing page 10
[2026-02-16 16:08:04] [SESSION 4] Saved 9 bids from page 10
[2026-02-16 16:08:06] [SESSION 4] Processing page 11
[2026-02-16 16:08:06] [SESSION 4] Saved 9 bids from page 11
[2026-02-16 16:08:08] [SESSION 4] Processing page 12
[2026-02-16 16:08:08] [SESSION 4] Saved 9 bids from page 12
[2026-02-16 16:08:10] [SESSION 4] Processing page 13
[2026-02-16 16:08:10] [SESSION 4] Saved 10 bids from page 13
[2026-02-16 16:08:12] [SESSION 4] Processing page 14
[2026-02-16 16:08:12] [SESSION 4] Saved 8 bids from page 14
[2026-02-16 16:08:14] [SESSION 4] Processing page 15
[2026-02-16 16:08:14] [SESSION 4] Saved 10 bids from page 15
[2026-02-16 16:08:16] [SESSION 4] Processing page 16
[2026-02-16 16:08:16] [SESSION 4] Saved 10 bids from page 16
[2026-02-16 16:08:18] [SESSION 4] Processing page 17
[2026-02-16 16:08:18] [SESSION 4] Saved 10 bids from page 17
[2026-02-16 16:08:20] [SESSION 4] Processing page 18
[2026-02-16 16:08:20] [SESSION 4] Saved 10 bids from page 18
[2026-02-16 16:08:22] [SESSION 4] Processing page 19
[2026-02-16 16:08:22] [SESSION 4] Saved 10 bids from page 19
[2026-02-16 16:08:24] [SESSION 4] Processing page 20
[2026-02-16 16:08:25] [SESSION 4] Saved 10 bids from page 20
[2026-02-16 16:08:26] [SESSION 4] Processing page 21
[2026-02-16 16:08:27] [SESSION 4] Saved 10 bids from page 21
[2026-02-16 16:08:28] [SESSION 4] Processing page 22
[2026-02-16 16:08:29] [SESSION 4] Saved 9 bids from page 22
[2026-02-16 16:08:30] [SESSION 4] Processing page 23
[2026-02-16 16:08:31] [SESSION 4] Saved 10 bids from page 23
[2026-02-16 16:08:33] [SESSION 4] Processing page 24
[2026-02-16 16:08:34] [SESSION 4] Saved 10 bids from page 24
[2026-02-16 16:08:35] [SESSION 4] Processing page 25
[2026-02-16 16:08:36] [SESSION 4] Saved 10 bids from page 25
[2026-02-16 16:08:38] [SESSION 4] Processing page 26
[2026-02-16 16:08:38] [SESSION 4] Saved 10 bids from page 26
[2026-02-16 16:08:40] [SESSION 4] Processing page 27
[2026-02-16 16:08:41] [SESSION 4] Saved 10 bids from page 27
[2026-02-16 16:08:42] [SESSION 4] Processing page 28
[2026-02-16 16:08:43] [SESSION 4] Saved 7 bids from page 28
[2026-02-16 16:08:44] [SESSION 4] Processing page 29
[2026-02-16 16:08:45] [SESSION 4] Saved 9 bids from page 29
[2026-02-16 16:08:46] [SESSION 4] Processing page 30
[2026-02-16 16:08:47] [SESSION 4] Saved 10 bids from page 30
[2026-02-16 16:08:48] [SESSION 4] Processing page 31
[2026-02-16 16:08:49] [SESSION 4] Saved 10 bids from page 31
[2026-02-16 16:08:50] [SESSION 4] Processing page 32
[2026-02-16 16:08:51] [SESSION 4] Saved 10 bids from page 32
[2026-02-16 16:08:52] [SESSION 4] Processing page 33
[2026-02-16 16:08:53] [SESSION 4] Saved 10 bids from page 33
[2026-02-16 16:08:55] [SESSION 4] Processing page 34
[2026-02-16 16:08:56] [SESSION 4] Saved 10 bids from page 34
[2026-02-16 16:08:57] [SESSION 4] Processing page 35
[2026-02-16 16:08:58] [SESSION 4] Saved 10 bids from page 35
[2026-02-16 16:08:59] [SESSION 4] Processing page 36
[2026-02-16 16:09:01] [SESSION 4] Saved 10 bids from page 36
[2026-02-16 16:09:02] [SESSION 4] Processing page 37
[2026-02-16 16:09:03] [SESSION 4] Saved 9 bids from page 37
[2026-02-16 16:09:04] [SESSION 4] Processing page 38
[2026-02-16 16:09:05] [SESSION 4] Saved 10 bids from page 38
[2026-02-16 16:09:07] [SESSION 4] Processing page 39
[2026-02-16 16:09:07] [SESSION 4] Saved 10 bids from page 39
[2026-02-16 16:09:09] [SESSION 4] Processing page 40
[2026-02-16 16:09:09] [SESSION 4] Saved 10 bids from page 40
[2026-02-16 16:09:11] [SESSION 4] Processing page 41
[2026-02-16 16:09:11] [SESSION 4] Saved 10 bids from page 41
[2026-02-16 16:09:13] [SESSION 4] Processing page 42
[2026-02-16 16:09:14] [SESSION 4] Saved 10 bids from page 42
[2026-02-16 16:09:15] [SESSION 4] Processing page 43
[2026-02-16 16:09:16] [SESSION 4] Saved 10 bids from page 43
[2026-02-16 16:09:17] [SESSION 4] Processing page 44
[2026-02-16 16:09:19] [SESSION 4] Saved 10 bids from page 44
[2026-02-16 16:09:21] [SESSION 4] Processing page 45
[2026-02-16 16:09:21] [SESSION 4] Saved 9 bids from page 45
[2026-02-16 16:09:23] [SESSION 4] Processing page 46
[2026-02-16 16:09:23] [SESSION 4] Saved 9 bids from page 46
[2026-02-16 16:09:25] [SESSION 4] Processing page 47
[2026-02-16 16:09:25] [SESSION 4] Saved 10 bids from page 47
[2026-02-16 16:09:27] [SESSION 4] Processing page 48
[2026-02-16 16:09:27] [SESSION 4] Saved 10 bids from page 48
[2026-02-16 16:09:29] [SESSION 4] Processing page 49
[2026-02-16 16:09:30] [SESSION 4] Saved 10 bids from page 49
[2026-02-16 16:09:31] [SESSION 4] Processing page 50
[2026-02-16 16:09:32] [SESSION 4] Saved 10 bids from page 50
[2026-02-16 16:09:33] [SESSION 4] Processing page 51
[2026-02-16 16:09:34] [SESSION 4] Saved 10 bids from page 51
[2026-02-16 16:09:35] [SESSION 4] Processing page 52
[2026-02-16 16:09:36] [SESSION 4] Saved 10 bids from page 52
[2026-02-16 16:09:38] [SESSION 4] Processing page 53
[2026-02-16 16:09:38] [SESSION 4] Saved 9 bids from page 53
[2026-02-16 16:09:40] [SESSION 4] Processing page 54
[2026-02-16 16:09:40] [SESSION 4] Saved 9 bids from page 54
[2026-02-16 16:09:42] [SESSION 4] Processing page 55
[2026-02-16 16:09:43] [SESSION 4] Saved 10 bids from page 55
[2026-02-16 16:09:44] [SESSION 4] Processing page 56
[2026-02-16 16:09:45] [SESSION 4] Saved 10 bids from page 56
[2026-02-16 16:09:47] [SESSION 4] Processing page 57
[2026-02-16 16:09:49] [SESSION 4] Saved 10 bids from page 57
[2026-02-16 16:09:51] [SESSION 4] Processing page 58
[2026-02-16 16:09:52] [SESSION 4] Saved 9 bids from page 58
[2026-02-16 16:09:53] [SESSION 4] Processing page 59
[2026-02-16 16:09:54] [SESSION 4] Saved 10 bids from page 59
[2026-02-16 16:09:56] [SESSION 4] Processing page 60
[2026-02-16 16:09:57] [SESSION 4] Saved 10 bids from page 60
[2026-02-16 16:09:58] [SESSION 4] Processing page 61
[2026-02-16 16:09:59] [SESSION 4] Saved 10 bids from page 61
[2026-02-16 16:10:01] [SESSION 4] Processing page 62
[2026-02-16 16:10:01] [SESSION 4] Saved 7 bids from page 62
[2026-02-16 16:10:03] [SESSION 4] Processing page 63
[2026-02-16 16:10:03] [SESSION 4] Saved 10 bids from page 63
[2026-02-16 16:10:05] [SESSION 4] Processing page 64
[2026-02-16 16:10:05] [SESSION 4] Saved 10 bids from page 64
[2026-02-16 16:10:07] [SESSION 4] Processing page 65
[2026-02-16 16:10:07] [SESSION 4] Saved 8 bids from page 65
[2026-02-16 16:10:09] [SESSION 4] Processing page 66
[2026-02-16 16:10:09] [SESSION 4] Saved 8 bids from page 66
[2026-02-16 16:10:11] [SESSION 4] Processing page 67
[2026-02-16 16:10:11] [SESSION 4] Saved 10 bids from page 67
[2026-02-16 16:10:13] [SESSION 4] Processing page 68
[2026-02-16 16:10:13] [SESSION 4] Saved 9 bids from page 68
[2026-02-16 16:10:15] [SESSION 4] Processing page 69
[2026-02-16 16:10:15] [SESSION 4] Saved 2 bids from page 69
[2026-02-16 16:10:17] [SESSION 4] Processing page 70
[2026-02-16 16:10:17] [SESSION 4] Saved 10 bids from page 70
[2026-02-16 16:10:19] [SESSION 4] Processing page 71
[2026-02-16 16:10:19] [SESSION 4] Saved 9 bids from page 71
[2026-02-16 16:10:21] [SESSION 4] Processing page 72
[2026-02-16 16:10:21] [SESSION 4] Saved 8 bids from page 72
[2026-02-16 16:10:23] [SESSION 4] Processing page 73
[2026-02-16 16:10:23] [SESSION 4] Saved 10 bids from page 73
[2026-02-16 16:10:25] [SESSION 4] Processing page 74
[2026-02-16 16:10:26] [SESSION 4] Saved 10 bids from page 74
[2026-02-16 16:10:27] [SESSION 4] Processing page 75
[2026-02-16 16:10:28] [SESSION 4] Saved 9 bids from page 75
[2026-02-16 16:10:29] [SESSION 4] Processing page 76
[2026-02-16 16:10:30] [SESSION 4] Saved 7 bids from page 76
[2026-02-16 16:10:32] [SESSION 4] Processing page 77
[2026-02-16 16:10:32] [SESSION 4] Saved 10 bids from page 77
[2026-02-16 16:10:34] [SESSION 4] Processing page 78
[2026-02-16 16:10:34] [SESSION 4] Saved 9 bids from page 78
[2026-02-16 16:10:36] [SESSION 4] Processing page 79
[2026-02-16 16:10:36] [SESSION 4] Saved 10 bids from page 79
[2026-02-16 16:10:38] [SESSION 4] Processing page 80
[2026-02-16 16:10:39] [SESSION 4] Saved 10 bids from page 80
[2026-02-16 16:10:41] [SESSION 4] Processing page 81
[2026-02-16 16:10:41] [SESSION 4] Saved 10 bids from page 81
[2026-02-16 16:10:43] [SESSION 4] Processing page 82
[2026-02-16 16:10:43] [SESSION 4] Saved 10 bids from page 82
[2026-02-16 16:10:45] [SESSION 4] Processing page 83
[2026-02-16 16:10:46] [SESSION 4] Saved 8 bids from page 83
[2026-02-16 16:10:47] [SESSION 4] Processing page 84
[2026-02-16 16:10:48] [SESSION 4] Saved 10 bids from page 84
[2026-02-16 16:10:49] [SESSION 4] Processing page 85
[2026-02-16 16:10:50] [SESSION 4] Saved 10 bids from page 85
[2026-02-16 16:10:52] [SESSION 4] Processing page 86
[2026-02-16 16:10:53] [SESSION 4] Saved 10 bids from page 86
[2026-02-16 16:10:54] [SESSION 4] Processing page 87
[2026-02-16 16:10:55] [SESSION 4] Saved 9 bids from page 87
[2026-02-16 16:10:57] [SESSION 4] Processing page 88
[2026-02-16 16:10:58] [SESSION 4] Saved 10 bids from page 88
[2026-02-16 16:10:59] [SESSION 4] Processing page 89
[2026-02-16 16:11:00] [SESSION 4] Saved 8 bids from page 89
[2026-02-16 16:11:02] [SESSION 4] Processing page 90
[2026-02-16 16:11:03] [SESSION 4] Saved 10 bids from page 90
[2026-02-16 16:11:05] [SESSION 4] Processing page 91
[2026-02-16 16:11:06] [SESSION 4] Saved 10 bids from page 91
[2026-02-16 16:11:08] [SESSION 4] Processing page 92
[2026-02-16 16:11:08] [SESSION 4] Saved 10 bids from page 92
[2026-02-16 16:11:10] [SESSION 4] Processing page 93
[2026-02-16 16:11:10] [SESSION 4] Saved 10 bids from page 93
[2026-02-16 16:11:12] [SESSION 4] Processing page 94
[2026-02-16 16:11:12] [SESSION 4] Saved 10 bids from page 94
[2026-02-16 16:11:14] [SESSION 4] Processing page 95
[2026-02-16 16:11:15] [SESSION 4] Saved 9 bids from page 95
[2026-02-16 16:11:16] [SESSION 4] Processing page 96
[2026-02-16 16:11:17] [SESSION 4] Saved 10 bids from page 96
[2026-02-16 16:11:19] [SESSION 4] Processing page 97
[2026-02-16 16:11:20] [SESSION 4] Saved 10 bids from page 97
[2026-02-16 16:11:21] [SESSION 4] Processing page 98
[2026-02-16 16:11:22] [SESSION 4] Saved 10 bids from page 98
[2026-02-16 16:11:23] [SESSION 4] Processing page 99
[2026-02-16 16:11:24] [SESSION 4] Saved 9 bids from page 99
[2026-02-16 16:11:25] [SESSION 4] Processing page 100
[2026-02-16 16:11:26] [SESSION 4] Saved 10 bids from page 100
[2026-02-16 16:11:27] [SESSION 4] Processing page 101
[2026-02-16 16:11:28] [SESSION 4] Saved 10 bids from page 101
[2026-02-16 16:11:29] [SESSION 4] Processing page 102
[2026-02-16 16:11:30] [SESSION 4] Saved 10 bids from page 102
[2026-02-16 16:11:32] [SESSION 4] Processing page 103
[2026-02-16 16:11:32] [SESSION 4] Saved 10 bids from page 103
[2026-02-16 16:11:34] [SESSION 4] Processing page 104
[2026-02-16 16:11:34] [SESSION 4] Saved 10 bids from page 104
[2026-02-16 16:11:36] [SESSION 4] Processing page 105
[2026-02-16 16:11:36] [SESSION 4] Saved 10 bids from page 105
[2026-02-16 16:11:38] [SESSION 4] Processing page 106
[2026-02-16 16:11:38] [SESSION 4] Saved 10 bids from page 106
[2026-02-16 16:11:39] [SESSION 4] Processing page 107
[2026-02-16 16:11:40] [SESSION 4] Saved 10 bids from page 107
[2026-02-16 16:11:41] [SESSION 4] Processing page 108
[2026-02-16 16:11:42] [SESSION 4] Saved 10 bids from page 108
[2026-02-16 16:11:43] [SESSION 4] Processing page 109
[2026-02-16 16:11:44] [SESSION 4] Saved 10 bids from page 109
[2026-02-16 16:11:45] [SESSION 4] Processing page 110
[2026-02-16 16:11:45] [SESSION 4] Saved 2 bids from page 110
[2026-02-16 16:11:47] [SESSION 4] Processing page 111
[2026-02-16 16:11:47] [SESSION 4] Saved 0 bids from page 111
[2026-02-16 16:11:47] [SESSION 4] Pagination completed safely.
[2026-02-16 16:11:48] [SESSION 4] Session completed: 0 new bids found, 111 pages processed
[2026-02-16 16:20:44] [SESSION 4] Starting scraper - Keyword: 'batter' | Output: gem_all_bids_session4.csv
[2026-02-16 16:20:55] [SESSION 4] Processing page 1
[2026-02-16 16:20:56] [SESSION 4] Saved 10 bids from page 1
[2026-02-16 16:20:58] [SESSION 4] Processing page 2
[2026-02-16 16:20:59] [SESSION 4] Saved 10 bids from page 2
[2026-02-16 16:21:00] [SESSION 4] Processing page 3
[2026-02-16 16:21:01] [SESSION 4] Saved 10 bids from page 3
[2026-02-16 16:21:02] [SESSION 4] Processing page 4
[2026-02-16 16:21:03] [SESSION 4] Saved 9 bids from page 4
[2026-02-16 16:21:05] [SESSION 4] Processing page 5
[2026-02-16 16:21:05] [SESSION 4] Saved 4 bids from page 5
[2026-02-16 16:21:07] [SESSION 4] Processing page 6
[2026-02-16 16:21:08] [SESSION 4] Saved 10 bids from page 6
[2026-02-16 16:21:10] [SESSION 4] Processing page 7
[2026-02-16 16:21:10] [SESSION 4] Saved 5 bids from page 7
[2026-02-16 16:21:12] [SESSION 4] Processing page 8
[2026-02-16 16:21:12] [SESSION 4] Saved 10 bids from page 8
[2026-02-16 16:21:14] [SESSION 4] Processing page 9
[2026-02-16 16:21:15] [SESSION 4] Saved 8 bids from page 9
[2026-02-16 16:21:16] [SESSION 4] Processing page 10
[2026-02-16 16:21:17] [SESSION 4] Saved 8 bids from page 10
[2026-02-16 16:21:19] [SESSION 4] Processing page 11
[2026-02-16 16:21:19] [SESSION 4] Saved 10 bids from page 11
[2026-02-16 16:21:21] [SESSION 4] Processing page 12
[2026-02-16 16:21:21] [SESSION 4] Saved 10 bids from page 12
[2026-02-16 16:21:23] [SESSION 4] Processing page 13
[2026-02-16 16:21:24] [SESSION 4] Saved 10 bids from page 13
[2026-02-16 16:21:26] [SESSION 4] Processing page 14
[2026-02-16 16:21:26] [SESSION 4] Saved 8 bids from page 14
[2026-02-16 16:21:28] [SESSION 4] Processing page 15
[2026-02-16 16:21:28] [SESSION 4] Saved 10 bids from page 15
[2026-02-16 16:21:30] [SESSION 4] Processing page 16
[2026-02-16 16:21:31] [SESSION 4] Saved 10 bids from page 16
[2026-02-16 16:21:32] [SESSION 4] Processing page 17
[2026-02-16 16:21:33] [SESSION 4] Saved 10 bids from page 17
[2026-02-16 16:21:34] [SESSION 4] Processing page 18
[2026-02-16 16:21:35] [SESSION 4] Saved 10 bids from page 18
[2026-02-16 16:21:37] [SESSION 4] Processing page 19
[2026-02-16 16:21:37] [SESSION 4] Saved 10 bids from page 19
[2026-02-16 16:21:39] [SESSION 4] Processing page 20
[2026-02-16 16:21:39] [SESSION 4] Saved 9 bids from page 20
[2026-02-16 16:21:41] [SESSION 4] Processing page 21
[2026-02-16 16:21:41] [SESSION 4] Saved 10 bids from page 21
[2026-02-16 16:21:43] [SESSION 4] Processing page 22
[2026-02-16 16:21:44] [SESSION 4] Saved 10 bids from page 22
[2026-02-16 16:21:45] [SESSION 4] Processing page 23
[2026-02-16 16:21:46] [SESSION 4] Saved 10 bids from page 23
[2026-02-16 16:21:48] [SESSION 4] Processing page 24
[2026-02-16 16:21:48] [SESSION 4] Saved 10 bids from page 24
[2026-02-16 16:21:50] [SESSION 4] Processing page 25
[2026-02-16 16:21:50] [SESSION 4] Saved 10 bids from page 25
[2026-02-16 16:21:52] [SESSION 4] Processing page 26
[2026-02-16 16:21:53] [SESSION 4] Saved 8 bids from page 26
[2026-02-16 16:21:54] [SESSION 4] Processing page 27
[2026-02-16 16:21:55] [SESSION 4] Saved 9 bids from page 27
[2026-02-16 16:21:56] [SESSION 4] Processing page 28
[2026-02-16 16:21:57] [SESSION 4] Saved 10 bids from page 28
[2026-02-16 16:21:58] [SESSION 4] Processing page 29
[2026-02-16 16:21:59] [SESSION 4] Saved 10 bids from page 29
[2026-02-16 16:22:00] [SESSION 4] Processing page 30
[2026-02-16 16:22:00] [SESSION 4] Saved 9 bids from page 30
[2026-02-16 16:22:02] [SESSION 4] Processing page 31
[2026-02-16 16:22:02] [SESSION 4] Saved 10 bids from page 31
[2026-02-16 16:22:04] [SESSION 4] Processing page 32
[2026-02-16 16:22:04] [SESSION 4] Saved 10 bids from page 32
[2026-02-16 16:22:06] [SESSION 4] Processing page 33
[2026-02-16 16:22:07] [SESSION 4] Saved 10 bids from page 33
[2026-02-16 16:22:09] [SESSION 4] Processing page 34
[2026-02-16 16:22:09] [SESSION 4] Saved 10 bids from page 34
[2026-02-16 16:22:11] [SESSION 4] Processing page 35
[2026-02-16 16:22:12] [SESSION 4] Saved 10 bids from page 35
[2026-02-16 16:22:13] [SESSION 4] Processing page 36
[2026-02-16 16:22:15] [SESSION 4] Saved 10 bids from page 36
[2026-02-16 16:22:16] [SESSION 4] Processing page 37
[2026-02-16 16:22:17] [SESSION 4] Saved 10 bids from page 37
[2026-02-16 16:22:19] [SESSION 4] Processing page 38
[2026-02-16 16:22:19] [SESSION 4] Saved 10 bids from page 38
[2026-02-16 16:22:21] [SESSION 4] Processing page 39
[2026-02-16 16:22:21] [SESSION 4] Saved 9 bids from page 39
[2026-02-16 16:22:23] [SESSION 4] Processing page 40
[2026-02-16 16:22:23] [SESSION 4] Saved 10 bids from page 40
[2026-02-16 16:22:25] [SESSION 4] Processing page 41
[2026-02-16 16:22:26] [SESSION 4] Saved 10 bids from page 41
[2026-02-16 16:22:27] [SESSION 4] Processing page 42
[2026-02-16 16:22:28] [SESSION 4] Saved 10 bids from page 42
[2026-02-16 16:22:29] [SESSION 4] Processing page 43
[2026-02-16 16:22:30] [SESSION 4] Saved 9 bids from page 43
[2026-02-16 16:22:31] [SESSION 4] Processing page 44
[2026-02-16 16:22:32] [SESSION 4] Saved 8 bids from page 44
[2026-02-16 16:22:33] [SESSION 4] Processing page 45
[2026-02-16 16:22:34] [SESSION 4] Saved 10 bids from page 45
[2026-02-16 16:22:36] [SESSION 4] Processing page 46
[2026-02-16 16:22:36] [SESSION 4] Saved 10 bids from page 46
[2026-02-16 16:22:38] [SESSION 4] Processing page 47
[2026-02-16 16:22:38] [SESSION 4] Saved 9 bids from page 47
[2026-02-16 16:22:40] [SESSION 4] Processing page 48
[2026-02-16 16:22:40] [SESSION 4] Saved 8 bids from page 48
[2026-02-16 16:22:42] [SESSION 4] Processing page 49
[2026-02-16 16:22:42] [SESSION 4] Saved 10 bids from page 49
[2026-02-16 16:22:44] [SESSION 4] Processing page 50
[2026-02-16 16:22:45] [SESSION 4] Saved 10 bids from page 50
[2026-02-16 16:22:46] [SESSION 4] Processing page 51
[2026-02-16 16:22:47] [SESSION 4] Saved 10 bids from page 51
[2026-02-16 16:22:48] [SESSION 4] Processing page 52
[2026-02-16 16:22:49] [SESSION 4] Saved 10 bids from page 52
[2026-02-16 16:22:50] [SESSION 4] Processing page 53
[2026-02-16 16:22:51] [SESSION 4] Saved 10 bids from page 53
[2026-02-16 16:22:52] [SESSION 4] Processing page 54
[2026-02-16 16:22:53] [SESSION 4] Saved 10 bids from page 54
[2026-02-16 16:22:55] [SESSION 4] Processing page 55
[2026-02-16 16:22:55] [SESSION 4] Saved 10 bids from page 55
[2026-02-16 16:22:57] [SESSION 4] Processing page 56
[2026-02-16 16:22:57] [SESSION 4] Saved 10 bids from page 56
[2026-02-16 16:22:59] [SESSION 4] Processing page 57
[2026-02-16 16:22:59] [SESSION 4] Saved 9 bids from page 57
[2026-02-16 16:23:01] [SESSION 4] Processing page 58
[2026-02-16 16:23:01] [SESSION 4] Saved 9 bids from page 58
[2026-02-16 16:23:03] [SESSION 4] Processing page 59
[2026-02-16 16:23:03] [SESSION 4] Saved 10 bids from page 59
[2026-02-16 16:23:05] [SESSION 4] Processing page 60
[2026-02-16 16:23:05] [SESSION 4] Saved 10 bids from page 60
[2026-02-16 16:23:07] [SESSION 4] Processing page 61
[2026-02-16 16:23:07] [SESSION 4] Saved 10 bids from page 61
[2026-02-16 16:23:09] [SESSION 4] Processing page 62
[2026-02-16 16:23:09] [SESSION 4] Saved 7 bids from page 62
[2026-02-16 16:23:11] [SESSION 4] Processing page 63
[2026-02-16 16:23:12] [SESSION 4] Saved 9 bids from page 63
[2026-02-16 16:23:13] [SESSION 4] Processing page 64
[2026-02-16 16:23:14] [SESSION 4] Saved 10 bids from page 64
[2026-02-16 16:23:16] [SESSION 4] Processing page 65
[2026-02-16 16:23:16] [SESSION 4] Saved 8 bids from page 65
[2026-02-16 16:23:18] [SESSION 4] Processing page 66
[2026-02-16 16:23:19] [SESSION 4] Saved 10 bids from page 66
[2026-02-16 16:23:20] [SESSION 4] Processing page 67
[2026-02-16 16:23:21] [SESSION 4] Saved 6 bids from page 67
[2026-02-16 16:23:22] [SESSION 4] Processing page 68
[2026-02-16 16:23:23] [SESSION 4] Saved 9 bids from page 68
[2026-02-16 16:23:24] [SESSION 4] Processing page 69
[2026-02-16 16:23:25] [SESSION 4] Saved 9 bids from page 69
[2026-02-16 16:23:26] [SESSION 4] Processing page 70
[2026-02-16 16:23:27] [SESSION 4] Saved 10 bids from page 70
[2026-02-16 16:23:29] [SESSION 4] Processing page 71
[2026-02-16 16:23:29] [SESSION 4] Saved 10 bids from page 71
[2026-02-16 16:23:31] [SESSION 4] Processing page 72
[2026-02-16 16:23:31] [SESSION 4] Saved 10 bids from page 72
[2026-02-16 16:23:33] [SESSION 4] Processing page 73
[2026-02-16 16:23:34] [SESSION 4] Saved 9 bids from page 73
[2026-02-16 16:23:36] [SESSION 4] Processing page 74
[2026-02-16 16:23:37] [SESSION 4] Saved 10 bids from page 74
[2026-02-16 16:23:39] [SESSION 4] Processing page 75
[2026-02-16 16:23:39] [SESSION 4] Saved 9 bids from page 75
[2026-02-16 16:23:41] [SESSION 4] Processing page 76
[2026-02-16 16:23:41] [SESSION 4] Saved 7 bids from page 76
[2026-02-16 16:23:43] [SESSION 4] Processing page 77
[2026-02-16 16:23:44] [SESSION 4] Saved 10 bids from page 77
[2026-02-16 16:23:45] [SESSION 4] Processing page 78
[2026-02-16 16:23:46] [SESSION 4] Saved 9 bids from page 78
[2026-02-16 16:23:47] [SESSION 4] Processing page 79
[2026-02-16 16:23:48] [SESSION 4] Saved 10 bids from page 79
[2026-02-16 16:23:49] [SESSION 4] Processing page 80
[2026-02-16 16:23:50] [SESSION 4] Saved 10 bids from page 80
[2026-02-16 16:23:51] [SESSION 4] Processing page 81
[2026-02-16 16:23:52] [SESSION 4] Saved 10 bids from page 81
[2026-02-16 16:23:53] [SESSION 4] Processing page 82
[2026-02-16 16:23:54] [SESSION 4] Saved 9 bids from page 82
[2026-02-16 16:23:55] [SESSION 4] Processing page 83
[2026-02-16 16:23:56] [SESSION 4] Saved 9 bids from page 83
[2026-02-16 16:23:57] [SESSION 4] Processing page 84
[2026-02-16 16:23:58] [SESSION 4] Saved 9 bids from page 84
[2026-02-16 16:23:59] [SESSION 4] Processing page 85
[2026-02-16 16:24:00] [SESSION 4] Saved 10 bids from page 85
[2026-02-16 16:24:02] [SESSION 4] Processing page 86
[2026-02-16 16:24:02] [SESSION 4] Saved 10 bids from page 86
[2026-02-16 16:24:04] [SESSION 4] Processing page 87
[2026-02-16 16:24:04] [SESSION 4] Saved 10 bids from page 87
[2026-02-16 16:24:06] [SESSION 4] Processing page 88
[2026-02-16 16:24:06] [SESSION 4] Saved 10 bids from page 88
[2026-02-16 16:24:08] [SESSION 4] Processing page 89
[2026-02-16 16:24:09] [SESSION 4] Saved 8 bids from page 89
[2026-02-16 16:24:10] [SESSION 4] Processing page 90
[2026-02-16 16:24:11] [SESSION 4] Saved 9 bids from page 90
[2026-02-16 16:24:12] [SESSION 4] Processing page 91
[2026-02-16 16:24:13] [SESSION 4] Saved 10 bids from page 91
[2026-02-16 16:24:14] [SESSION 4] Processing page 92
[2026-02-16 16:24:15] [SESSION 4] Saved 9 bids from page 92
[2026-02-16 16:24:16] [SESSION 4] Processing page 93
[2026-02-16 16:24:17] [SESSION 4] Saved 10 bids from page 93
[2026-02-16 16:24:18] [SESSION 4] Processing page 94
[2026-02-16 16:24:19] [SESSION 4] Saved 9 bids from page 94
[2026-02-16 16:24:20] [SESSION 4] Processing page 95
[2026-02-16 16:24:21] [SESSION 4] Saved 10 bids from page 95
[2026-02-16 16:24:23] [SESSION 4] Processing page 96
[2026-02-16 16:24:24] [SESSION 4] Saved 10 bids from page 96
[2026-02-16 16:24:26] [SESSION 4] Processing page 97
[2026-02-16 16:24:27] [SESSION 4] Saved 10 bids from page 97
[2026-02-16 16:24:28] [SESSION 4] Processing page 98
[2026-02-16 16:24:29] [SESSION 4] Saved 10 bids from page 98
[2026-02-16 16:24:30] [SESSION 4] Processing page 99
[2026-02-16 16:24:31] [SESSION 4] Saved 10 bids from page 99
[2026-02-16 16:24:32] [SESSION 4] Processing page 100
[2026-02-16 16:24:33] [SESSION 4] Saved 10 bids from page 100
[2026-02-16 16:24:34] [SESSION 4] Processing page 101
[2026-02-16 16:24:34] [SESSION 4] Saved 10 bids from page 101
[2026-02-16 16:24:36] [SESSION 4] Processing page 102
[2026-02-16 16:24:36] [SESSION 4] Saved 10 bids from page 102
[2026-02-16 16:24:38] [SESSION 4] Processing page 103
[2026-02-16 16:24:38] [SESSION 4] Saved 10 bids from page 103
[2026-02-16 16:24:40] [SESSION 4] Processing page 104
[2026-02-16 16:24:40] [SESSION 4] Saved 10 bids from page 104
[2026-02-16 16:24:42] [SESSION 4] Processing page 105
[2026-02-16 16:24:42] [SESSION 4] Saved 10 bids from page 105
[2026-02-16 16:24:44] [SESSION 4] Processing page 106
[2026-02-16 16:24:44] [SESSION 4] Saved 10 bids from page 106
[2026-02-16 16:24:46] [SESSION 4] Processing page 107
[2026-02-16 16:24:46] [SESSION 4] Saved 10 bids from page 107
[2026-02-16 16:24:48] [SESSION 4] Processing page 108
[2026-02-16 16:24:48] [SESSION 4] Saved 10 bids from page 108
[2026-02-16 16:24:49] [SESSION 4] Processing page 109
[2026-02-16 16:24:50] [SESSION 4] Saved 10 bids from page 109
[2026-02-16 16:24:51] [SESSION 4] Processing page 110
[2026-02-16 16:24:52] [SESSION 4] Saved 3 bids from page 110
[2026-02-16 16:24:54] [SESSION 4] Processing page 111
[2026-02-16 16:24:54] [SESSION 4] Saved 0 bids from page 111
[2026-02-16 16:24:54] [SESSION 4] Pagination completed safely.
[2026-02-16 16:24:54] [SESSION 4] Session completed: 0 new bids found, 111 pages processed
[2026-02-16 16:32:26] [SESSION 4] Starting scraper - Keyword: 'batter' | Output: gem_all_bids_session4.csv
[2026-02-16 16:32:35] [SESSION 4] Processing page 1
[2026-02-16 16:32:35] [SESSION 4] Saved 10 bids from page 1
[2026-02-16 16:32:37] [SESSION 4] Processing page 2
[2026-02-16 16:32:38] [SESSION 4] Saved 10 bids from page 2
[2026-02-16 16:32:40] [SESSION 4] Processing page 3
[2026-02-16 16:32:40] [SESSION 4] Saved 3 bids from page 3
[2026-02-16 16:32:42] [SESSION 4] Processing page 4
[2026-02-16 16:32:43] [SESSION 4] Saved 10 bids from page 4
[2026-02-16 16:32:45] [SESSION 4] Processing page 5
[2026-02-16 16:32:45] [SESSION 4] Saved 4 bids from page 5
[2026-02-16 16:32:47] [SESSION 4] Processing page 6
[2026-02-16 16:32:48] [SESSION 4] Saved 10 bids from page 6
[2026-02-16 16:32:49] [SESSION 4] Processing page 7
[2026-02-16 16:32:50] [SESSION 4] Saved 10 bids from page 7
[2026-02-16 16:32:51] [SESSION 4] Processing page 8
[2026-02-16 16:32:52] [SESSION 4] Saved 10 bids from page 8
[2026-02-16 16:32:54] [SESSION 4] Processing page 9
[2026-02-16 16:32:54] [SESSION 4] Saved 10 bids from page 9
[2026-02-16 16:32:56] [SESSION 4] Processing page 10
[2026-02-16 16:32:56] [SESSION 4] Saved 10 bids from page 10
[2026-02-16 16:32:58] [SESSION 4] Processing page 11
[2026-02-16 16:32:58] [SESSION 4] Saved 10 bids from page 11
[2026-02-16 16:33:00] [SESSION 4] Processing page 12
[2026-02-16 16:33:00] [SESSION 4] Saved 10 bids from page 12
[2026-02-16 16:33:02] [SESSION 4] Processing page 13
[2026-02-16 16:33:03] [SESSION 4] Saved 9 bids from page 13
[2026-02-16 16:33:05] [SESSION 4] Processing page 14
[2026-02-16 16:33:05] [SESSION 4] Saved 8 bids from page 14
[2026-02-16 16:33:07] [SESSION 4] Processing page 15
[2026-02-16 16:33:07] [SESSION 4] Saved 10 bids from page 15
[2026-02-16 16:33:09] [SESSION 4] Processing page 16
[2026-02-16 16:33:11] [SESSION 4] Saved 10 bids from page 16
[2026-02-16 16:33:13] [SESSION 4] Processing page 17
[2026-02-16 16:33:20] [SESSION 4] Saved 10 bids from page 17
[2026-02-16 16:33:22] [SESSION 4] Processing page 18
[2026-02-16 16:33:23] [SESSION 4] Saved 10 bids from page 18
[2026-02-16 16:33:28] [SESSION 4] Processing page 19
[2026-02-16 16:33:29] [SESSION 4] Saved 10 bids from page 19
[2026-02-16 16:33:34] [SESSION 4] Processing page 20
[2026-02-16 16:33:37] [SESSION 4] Saved 10 bids from page 20
[2026-02-16 16:33:39] [SESSION 4] Processing page 21
[2026-02-16 16:33:40] [SESSION 4] Saved 10 bids from page 21
[2026-02-16 16:33:42] [SESSION 4] Processing page 22
[2026-02-16 16:33:43] [SESSION 4] Saved 8 bids from page 22
[2026-02-16 16:33:45] [SESSION 4] Processing page 23
[2026-02-16 16:33:46] [SESSION 4] Saved 10 bids from page 23
[2026-02-16 16:33:49] [SESSION 4] Processing page 24
[2026-02-16 16:33:50] [SESSION 4] Saved 10 bids from page 24
[2026-02-16 16:33:53] [SESSION 4] Processing page 25
[2026-02-16 16:33:54] [SESSION 4] Saved 10 bids from page 25
[2026-02-16 16:33:58] [SESSION 4] Processing page 26
[2026-02-16 16:33:59] [SESSION 4] Saved 10 bids from page 26
[2026-02-16 16:34:02] [SESSION 4] Processing page 27
[2026-02-16 16:34:03] [SESSION 4] Saved 10 bids from page 27
[2026-02-16 16:34:06] [SESSION 4] Processing page 28
[2026-02-16 16:34:07] [SESSION 4] Saved 10 bids from page 28
[2026-02-16 16:34:09] [SESSION 4] Processing page 29
[2026-02-16 16:34:11] [SESSION 4] Saved 10 bids from page 29
[2026-02-16 16:34:13] [SESSION 4] Processing page 30
[2026-02-16 16:34:14] [SESSION 4] Saved 9 bids from page 30
[2026-02-16 16:34:17] [SESSION 4] Processing page 31
[2026-02-16 16:34:18] [SESSION 4] Saved 10 bids from page 31
[2026-02-16 16:34:20] [SESSION 4] Processing page 32
[2026-02-16 16:34:21] [SESSION 4] Saved 10 bids from page 32
[2026-02-16 16:34:23] [SESSION 4] Processing page 33
[2026-02-16 16:34:24] [SESSION 4] Saved 9 bids from page 33
[2026-02-16 16:34:27] [SESSION 4] Processing page 34
[2026-02-16 16:34:28] [SESSION 4] Saved 10 bids from page 34
[2026-02-16 16:34:31] [SESSION 4] Processing page 35
[2026-02-16 16:34:32] [SESSION 4] Saved 10 bids from page 35
[2026-02-16 16:34:35] [SESSION 4] Processing page 36
[2026-02-16 16:34:36] [SESSION 4] Saved 10 bids from page 36
[2026-02-16 16:34:40] [SESSION 4] Processing page 37
[2026-02-16 16:34:40] [SESSION 4] Saved 10 bids from page 37
[2026-02-16 16:34:43] [SESSION 4] Processing page 38
[2026-02-16 16:34:44] [SESSION 4] Saved 10 bids from page 38
[2026-02-16 16:34:47] [SESSION 4] Processing page 39
[2026-02-16 16:34:48] [SESSION 4] Saved 10 bids from page 39
[2026-02-16 16:34:51] [SESSION 4] Processing page 40
[2026-02-16 16:34:52] [SESSION 4] Saved 8 bids from page 40
[2026-02-16 16:34:55] [SESSION 4] Processing page 41
[2026-02-16 16:34:56] [SESSION 4] Saved 8 bids from page 41
[2026-02-16 16:34:59] [SESSION 4] Processing page 42
[2026-02-16 16:35:00] [SESSION 4] Saved 10 bids from page 42
[2026-02-16 16:35:03] [SESSION 4] Processing page 43
[2026-02-16 16:35:04] [SESSION 4] Saved 10 bids from page 43
[2026-02-16 16:35:06] [SESSION 4] Processing page 44
[2026-02-16 16:35:07] [SESSION 4] Saved 10 bids from page 44
[2026-02-16 16:35:10] [SESSION 4] Processing page 45
[2026-02-16 16:35:12] [SESSION 4] Saved 10 bids from page 45
[2026-02-16 16:35:15] [SESSION 4] Processing page 46
[2026-02-16 16:35:16] [SESSION 4] Saved 10 bids from page 46
[2026-02-16 16:35:20] [SESSION 4] Processing page 47
[2026-02-16 16:35:20] [SESSION 4] Saved 10 bids from page 47
[2026-02-16 16:35:24] [SESSION 4] Processing page 48
[2026-02-16 16:35:24] [SESSION 4] Saved 10 bids from page 48
[2026-02-16 16:35:28] [SESSION 4] Processing page 49
[2026-02-16 16:35:28] [SESSION 4] Saved 10 bids from page 49
[2026-02-16 16:35:32] [SESSION 4] Processing page 50
[2026-02-16 16:35:32] [SESSION 4] Saved 10 bids from page 50
[2026-02-16 16:35:36] [SESSION 4] Processing page 51
[2026-02-16 16:35:36] [SESSION 4] Saved 10 bids from page 51
[2026-02-16 16:35:40] [SESSION 4] Processing page 52
[2026-02-16 16:35:41] [SESSION 4] Saved 10 bids from page 52
[2026-02-16 16:35:44] [SESSION 4] Processing page 53
[2026-02-16 16:35:44] [SESSION 4] Saved 10 bids from page 53
[2026-02-16 16:35:48] [SESSION 4] Processing page 54
[2026-02-16 16:35:48] [SESSION 4] Saved 10 bids from page 54
[2026-02-16 16:35:52] [SESSION 4] Processing page 55
[2026-02-16 16:35:52] [SESSION 4] Saved 10 bids from page 55
[2026-02-16 16:35:56] [SESSION 4] Processing page 56
[2026-02-16 16:35:56] [SESSION 4] Saved 10 bids from page 56
[2026-02-16 16:35:59] [SESSION 4] Processing page 57
[2026-02-16 16:36:00] [SESSION 4] Saved 10 bids from page 57
[2026-02-16 16:36:03] [SESSION 4] Processing page 58
[2026-02-16 16:36:03] [SESSION 4] Saved 10 bids from page 58
[2026-02-16 16:36:07] [SESSION 4] Processing page 59
[2026-02-16 16:36:07] [SESSION 4] Saved 9 bids from page 59
[2026-02-16 16:36:10] [SESSION 4] Processing page 60
[2026-02-16 16:36:10] [SESSION 4] Saved 9 bids from page 60
[2026-02-16 16:36:14] [SESSION 4] Processing page 61
[2026-02-16 16:36:14] [SESSION 4] Saved 9 bids from page 61
[2026-02-16 16:36:18] [SESSION 4] Processing page 62
[2026-02-16 16:36:19] [SESSION 4] Saved 9 bids from page 62
[2026-02-16 16:36:22] [SESSION 4] Processing page 63
[2026-02-16 16:36:23] [SESSION 4] Saved 10 bids from page 63
[2026-02-16 16:36:26] [SESSION 4] Processing page 64
[2026-02-16 16:36:27] [SESSION 4] Saved 8 bids from page 64
[2026-02-16 16:36:30] [SESSION 4] Processing page 65
[2026-02-16 16:36:31] [SESSION 4] Saved 10 bids from page 65
[2026-02-16 16:36:34] [SESSION 4] Processing page 66
[2026-02-16 16:36:34] [SESSION 4] Saved 10 bids from page 66
[2026-02-16 16:36:38] [SESSION 4] Processing page 67
[2026-02-16 16:36:38] [SESSION 4] Saved 8 bids from page 67
[2026-02-16 16:36:42] [SESSION 4] Processing page 68
[2026-02-16 16:36:42] [SESSION 4] Saved 9 bids from page 68
[2026-02-16 16:36:46] [SESSION 4] Processing page 69
[2026-02-16 16:36:46] [SESSION 4] Saved 10 bids from page 69
[2026-02-16 16:36:50] [SESSION 4] Processing page 70
[2026-02-16 16:36:50] [SESSION 4] Saved 10 bids from page 70
[2026-02-16 16:36:53] [SESSION 4] Processing page 71
[2026-02-16 16:36:54] [SESSION 4] Saved 9 bids from page 71
[2026-02-16 16:36:58] [SESSION 4] Processing page 72
[2026-02-16 16:36:59] [SESSION 4] Saved 9 bids from page 72
[2026-02-16 16:37:02] [SESSION 4] Processing page 73
[2026-02-16 16:37:03] [SESSION 4] Saved 10 bids from page 73
[2026-02-16 16:37:06] [SESSION 4] Processing page 74
[2026-02-16 16:37:07] [SESSION 4] Saved 10 bids from page 74
[2026-02-16 16:37:10] [SESSION 4] Processing page 75
[2026-02-16 16:37:11] [SESSION 4] Saved 9 bids from page 75
[2026-02-16 16:37:14] [SESSION 4] Processing page 76
[2026-02-16 16:37:15] [SESSION 4] Saved 9 bids from page 76
[2026-02-16 16:37:18] [SESSION 4] Processing page 77
[2026-02-16 16:37:19] [SESSION 4] Saved 10 bids from page 77
[2026-02-16 16:37:22] [SESSION 4] Processing page 78
[2026-02-16 16:37:23] [SESSION 4] Saved 9 bids from page 78
[2026-02-16 16:37:26] [SESSION 4] Processing page 79
[2026-02-16 16:37:28] [SESSION 4] Saved 10 bids from page 79
[2026-02-16 16:37:33] [SESSION 4] Processing page 80
[2026-02-16 16:37:38] [SESSION 4] Saved 10 bids from page 80
[2026-02-16 16:37:41] [SESSION 4] Processing page 81
[2026-02-16 16:37:42] [SESSION 4] Saved 10 bids from page 81
[2026-02-16 16:37:45] [SESSION 4] Processing page 82
[2026-02-16 16:37:45] [SESSION 4] Saved 10 bids from page 82
[2026-02-16 16:37:49] [SESSION 4] Processing page 83
[2026-02-16 16:37:49] [SESSION 4] Saved 10 bids from page 83
[2026-02-16 16:37:53] [SESSION 4] Processing page 84
[2026-02-16 16:37:54] [SESSION 4] Saved 10 bids from page 84
[2026-02-16 16:37:57] [SESSION 4] Processing page 85
[2026-02-16 16:37:58] [SESSION 4] Saved 10 bids from page 85
[2026-02-16 16:38:01] [SESSION 4] Processing page 86
[2026-02-16 16:38:02] [SESSION 4] Saved 10 bids from page 86
[2026-02-16 16:38:05] [SESSION 4] Processing page 87
[2026-02-16 16:38:06] [SESSION 4] Saved 10 bids from page 87
[2026-02-16 16:38:10] [SESSION 4] Processing page 88
[2026-02-16 16:38:14] [SESSION 4] Saved 10 bids from page 88
[2026-02-16 16:38:17] [SESSION 4] Processing page 89
[2026-02-16 16:38:18] [SESSION 4] Saved 9 bids from page 89
[2026-02-16 16:38:23] [SESSION 4] Processing page 90
[2026-02-16 16:38:24] [SESSION 4] Saved 9 bids from page 90
[2026-02-16 16:38:28] [SESSION 4] Processing page 91
[2026-02-16 16:38:29] [SESSION 4] Saved 10 bids from page 91
[2026-02-16 16:38:32] [SESSION 4] Processing page 92
[2026-02-16 16:38:35] [SESSION 4] Saved 10 bids from page 92
[2026-02-16 16:38:38] [SESSION 4] Processing page 93
[2026-02-16 16:38:39] [SESSION 4] Saved 10 bids from page 93
[2026-02-16 16:38:42] [SESSION 4] Processing page 94
[2026-02-16 16:38:43] [SESSION 4] Saved 10 bids from page 94
[2026-02-16 16:38:46] [SESSION 4] Processing page 95
[2026-02-16 16:38:47] [SESSION 4] Saved 10 bids from page 95
[2026-02-16 16:38:51] [SESSION 4] Processing page 96
[2026-02-16 16:38:51] [SESSION 4] Saved 10 bids from page 96
[2026-02-16 16:38:54] [SESSION 4] Processing page 97
[2026-02-16 16:38:55] [SESSION 4] Saved 10 bids from page 97
[2026-02-16 16:38:58] [SESSION 4] Processing page 98
[2026-02-16 16:38:59] [SESSION 4] Saved 10 bids from page 98
[2026-02-16 16:39:03] [SESSION 4] Processing page 99
[2026-02-16 16:39:03] [SESSION 4] Saved 10 bids from page 99
[2026-02-16 16:39:06] [SESSION 4] Processing page 100
[2026-02-16 16:39:07] [SESSION 4] Saved 9 bids from page 100
[2026-02-16 16:39:10] [SESSION 4] Processing page 101
[2026-02-16 16:39:12] [SESSION 4] Saved 10 bids from page 101
[2026-02-16 16:39:15] [SESSION 4] Processing page 102
[2026-02-16 16:39:16] [SESSION 4] Saved 10 bids from page 102
[2026-02-16 16:39:18] [SESSION 4] Processing page 103
[2026-02-16 16:39:19] [SESSION 4] Saved 10 bids from page 103
[2026-02-16 16:39:22] [SESSION 4] Processing page 104
[2026-02-16 16:39:24] [SESSION 4] Saved 10 bids from page 104
[2026-02-16 16:39:27] [SESSION 4] Processing page 105
[2026-02-16 16:39:28] [SESSION 4] Saved 10 bids from page 105
[2026-02-16 16:39:31] [SESSION 4] Processing page 106
[2026-02-16 16:39:32] [SESSION 4] Saved 10 bids from page 106
[2026-02-16 16:39:35] [SESSION 4] Processing page 107
[2026-02-16 16:39:35] [SESSION 4] Saved 10 bids from page 107
[2026-02-16 16:39:39] [SESSION 4] Processing page 108
[2026-02-16 16:39:40] [SESSION 4] Saved 10 bids from page 108
[2026-02-16 16:39:43] [SESSION 4] Processing page 109
[2026-02-16 16:39:43] [SESSION 4] Saved 10 bids from page 109
[2026-02-16 16:39:46] [SESSION 4] Processing page 110
[2026-02-16 16:39:46] [SESSION 4] Saved 6 bids from page 110
[2026-02-16 16:39:48] [SESSION 4] Processing page 111
[2026-02-16 16:39:48] [SESSION 4] Saved 0 bids from page 111
[2026-02-16 16:39:48] [SESSION 4] Pagination completed safely.
[2026-02-16 16:39:49] [SESSION 4] Session completed: 2 new bids found, 111 pages processed
[2026-02-16 16:42:46] [SESSION 4] Starting scraper - Keyword: 'batter' | Output: gem_all_bids_session4.csv
[2026-02-16 16:42:56] [SESSION 4] Processing page 1
[2026-02-16 16:42:57] [SESSION 4] Saved 10 bids from page 1
[2026-02-16 16:42:59] [SESSION 4] Processing page 2
[2026-02-16 16:42:59] [SESSION 4] Saved 4 bids from page 2
[2026-02-16 16:43:00] [SESSION 4] Processing page 3
[2026-02-16 16:43:01] [SESSION 4] Saved 7 bids from page 3
[2026-02-16 16:43:03] [SESSION 4] Processing page 4
[2026-02-16 16:43:04] [SESSION 4] Saved 10 bids from page 4
[2026-02-16 16:43:05] [SESSION 4] Processing page 5
[2026-02-16 16:43:06] [SESSION 4] Saved 4 bids from page 5
[2026-02-16 16:43:07] [SESSION 4] Processing page 6
[2026-02-16 16:43:08] [SESSION 4] Saved 10 bids from page 6
[2026-02-16 16:43:10] [SESSION 4] Processing page 7
[2026-02-16 16:43:10] [SESSION 4] Saved 5 bids from page 7
[2026-02-16 16:43:12] [SESSION 4] Processing page 8
[2026-02-16 16:43:12] [SESSION 4] Saved 7 bids from page 8
[2026-02-16 16:43:14] [SESSION 4] Processing page 9
[2026-02-16 16:43:14] [SESSION 4] Saved 10 bids from page 9
[2026-02-16 16:43:16] [SESSION 4] Processing page 10
[2026-02-16 16:43:16] [SESSION 4] Saved 7 bids from page 10
[2026-02-16 16:43:18] [SESSION 4] Processing page 11
[2026-02-16 16:43:18] [SESSION 4] Saved 10 bids from page 11
[2026-02-16 16:43:20] [SESSION 4] Processing page 12
[2026-02-16 16:43:20] [SESSION 4] Saved 8 bids from page 12
[2026-02-16 16:43:22] [SESSION 4] Processing page 13
[2026-02-16 16:43:23] [SESSION 4] Saved 10 bids from page 13
[2026-02-16 16:43:24] [SESSION 4] Processing page 14
[2026-02-16 16:43:25] [SESSION 4] Saved 10 bids from page 14
[2026-02-16 16:43:26] [SESSION 4] Processing page 15
[2026-02-16 16:43:27] [SESSION 4] Saved 10 bids from page 15
[2026-02-16 16:43:28] [SESSION 4] Processing page 16
[2026-02-16 16:43:29] [SESSION 4] Saved 10 bids from page 16
[2026-02-16 16:43:30] [SESSION 4] Processing page 17
[2026-02-16 16:43:31] [SESSION 4] Saved 10 bids from page 17
[2026-02-16 16:43:32] [SESSION 4] Processing page 18
[2026-02-16 16:43:33] [SESSION 4] Saved 10 bids from page 18
[2026-02-16 16:43:34] [SESSION 4] Processing page 19
[2026-02-16 16:43:35] [SESSION 4] Saved 10 bids from page 19
[2026-02-16 16:43:37] [SESSION 4] Processing page 20
[2026-02-16 16:43:39] [SESSION 4] Saved 10 bids from page 20
[2026-02-16 16:43:40] [SESSION 4] Processing page 21
[2026-02-16 16:43:41] [SESSION 4] Saved 10 bids from page 21
[2026-02-16 16:43:43] [SESSION 4] Processing page 22
[2026-02-16 16:43:43] [SESSION 4] Saved 9 bids from page 22
[2026-02-16 16:43:45] [SESSION 4] Processing page 23
[2026-02-16 16:43:45] [SESSION 4] Saved 9 bids from page 23
[2026-02-16 16:43:47] [SESSION 4] Processing page 24
[2026-02-16 16:43:48] [SESSION 4] Saved 10 bids from page 24
[2026-02-16 16:43:49] [SESSION 4] Processing page 25
[2026-02-16 16:43:50] [SESSION 4] Saved 10 bids from page 25
[2026-02-16 16:43:51] [SESSION 4] Processing page 26
[2026-02-16 16:43:52] [SESSION 4] Saved 9 bids from page 26
[2026-02-16 16:43:53] [SESSION 4] Processing page 27
[2026-02-16 16:43:54] [SESSION 4] Saved 10 bids from page 27
[2026-02-16 16:43:56] [SESSION 4] Processing page 28
[2026-02-16 16:43:56] [SESSION 4] Saved 10 bids from page 28
[2026-02-16 16:43:58] [SESSION 4] Processing page 29
[2026-02-16 16:43:58] [SESSION 4] Saved 10 bids from page 29
[2026-02-16 16:44:00] [SESSION 4] Processing page 30
[2026-02-16 16:44:00] [SESSION 4] Saved 10 bids from page 30
[2026-02-16 16:44:02] [SESSION 4] Processing page 31
[2026-02-16 16:44:03] [SESSION 4] Saved 10 bids from page 31
[2026-02-16 16:44:04] [SESSION 4] Processing page 32
[2026-02-16 16:44:05] [SESSION 4] Saved 10 bids from page 32
[2026-02-16 16:44:06] [SESSION 4] Processing page 33
[2026-02-16 16:44:07] [SESSION 4] Saved 10 bids from page 33
[2026-02-16 16:44:08] [SESSION 4] Processing page 34
[2026-02-16 16:44:09] [SESSION 4] Saved 10 bids from page 34
[2026-02-16 16:44:10] [SESSION 4] Processing page 35
[2026-02-16 16:44:11] [SESSION 4] Saved 10 bids from page 35
[2026-02-16 16:44:13] [SESSION 4] Processing page 36
[2026-02-16 16:44:13] [SESSION 4] Saved 10 bids from page 36
[2026-02-16 16:44:15] [SESSION 4] Processing page 37
[2026-02-16 16:44:15] [SESSION 4] Saved 9 bids from page 37
[2026-02-16 16:44:17] [SESSION 4] Processing page 38
[2026-02-16 16:44:18] [SESSION 4] Saved 10 bids from page 38
[2026-02-16 16:44:19] [SESSION 4] Processing page 39
[2026-02-16 16:44:20] [SESSION 4] Saved 10 bids from page 39
[2026-02-16 16:44:21] [SESSION 4] Processing page 40
[2026-02-16 16:44:22] [SESSION 4] Saved 9 bids from page 40
[2026-02-16 16:44:23] [SESSION 4] Processing page 41
[2026-02-16 16:44:24] [SESSION 4] Saved 10 bids from page 41
[2026-02-16 16:44:25] [SESSION 4] Processing page 42
[2026-02-16 16:44:26] [SESSION 4] Saved 10 bids from page 42
[2026-02-16 16:44:27] [SESSION 4] Processing page 43
[2026-02-16 16:44:28] [SESSION 4] Saved 10 bids from page 43
[2026-02-16 16:44:29] [SESSION 4] Processing page 44
[2026-02-16 16:44:30] [SESSION 4] Saved 10 bids from page 44
[2026-02-16 16:44:31] [SESSION 4] Processing page 45
[2026-02-16 16:44:32] [SESSION 4] Saved 10 bids from page 45
[2026-02-16 16:44:34] [SESSION 4] Processing page 46
[2026-02-16 16:44:34] [SESSION 4] Saved 10 bids from page 46
[2026-02-16 16:44:36] [SESSION 4] Processing page 47
[2026-02-16 16:44:36] [SESSION 4] Saved 7 bids from page 47
[2026-02-16 16:44:38] [SESSION 4] Processing page 48
[2026-02-16 16:44:38] [SESSION 4] Saved 10 bids from page 48
[2026-02-16 16:44:39] [SESSION 4] Processing page 49
[2026-02-16 16:44:40] [SESSION 4] Saved 10 bids from page 49
[2026-02-16 16:44:41] [SESSION 4] Processing page 50
[2026-02-16 16:44:42] [SESSION 4] Saved 10 bids from page 50
[2026-02-16 16:44:43] [SESSION 4] Processing page 51
[2026-02-16 16:44:44] [SESSION 4] Saved 10 bids from page 51
[2026-02-16 16:44:46] [SESSION 4] Processing page 52
[2026-02-16 16:44:47] [SESSION 4] Saved 10 bids from page 52
[2026-02-16 16:44:48] [SESSION 4] Processing page 53
[2026-02-16 16:44:49] [SESSION 4] Saved 10 bids from page 53
[2026-02-16 16:44:50] [SESSION 4] Processing page 54
[2026-02-16 16:44:51] [SESSION 4] Saved 10 bids from page 54
[2026-02-16 16:44:52] [SESSION 4] Processing page 55
[2026-02-16 16:44:53] [SESSION 4] Saved 10 bids from page 55
[2026-02-16 16:44:54] [SESSION 4] Processing page 56
[2026-02-16 16:44:55] [SESSION 4] Saved 10 bids from page 56
[2026-02-16 16:44:56] [SESSION 4] Processing page 57
[2026-02-16 16:44:57] [SESSION 4] Saved 10 bids from page 57
[2026-02-16 16:44:58] [SESSION 4] Processing page 58
[2026-02-16 16:44:58] [SESSION 4] Saved 8 bids from page 58
[2026-02-16 16:45:00] [SESSION 4] Processing page 59
[2026-02-16 16:45:01] [SESSION 4] Saved 10 bids from page 59
[2026-02-16 16:45:02] [SESSION 4] Processing page 60
[2026-02-16 16:45:03] [SESSION 4] Saved 7 bids from page 60
[2026-02-16 16:45:04] [SESSION 4] Processing page 61
[2026-02-16 16:45:05] [SESSION 4] Saved 10 bids from page 61
[2026-02-16 16:45:06] [SESSION 4] Processing page 62
[2026-02-16 16:45:07] [SESSION 4] Saved 10 bids from page 62
[2026-02-16 16:45:09] [SESSION 4] Processing page 63
[2026-02-16 16:45:09] [SESSION 4] Saved 9 bids from page 63
[2026-02-16 16:45:11] [SESSION 4] Processing page 64
[2026-02-16 16:45:11] [SESSION 4] Saved 10 bids from page 64
[2026-02-16 16:45:13] [SESSION 4] Processing page 65
[2026-02-16 16:45:13] [SESSION 4] Saved 10 bids from page 65
[2026-02-16 16:45:15] [SESSION 4] Processing page 66
[2026-02-16 16:45:15] [SESSION 4] Saved 9 bids from page 66
[2026-02-16 16:45:17] [SESSION 4] Processing page 67
[2026-02-16 16:45:17] [SESSION 4] Saved 9 bids from page 67
[2026-02-16 16:45:19] [SESSION 4] Processing page 68
[2026-02-16 16:45:20] [SESSION 4] Saved 10 bids from page 68
[2026-02-16 16:45:21] [SESSION 4] Processing page 69
[2026-02-16 16:45:22] [SESSION 4] Saved 8 bids from page 69
[2026-02-16 16:45:24] [SESSION 4] Processing page 70
[2026-02-16 16:45:24] [SESSION 4] Saved 10 bids from page 70
[2026-02-16 16:45:26] [SESSION 4] Processing page 71
[2026-02-16 16:45:27] [SESSION 4] Saved 10 bids from page 71
[2026-02-16 16:45:29] [SESSION 4] Processing page 72
[2026-02-16 16:45:30] [SESSION 4] Saved 9 bids from page 72
[2026-02-16 16:45:32] [SESSION 4] Processing page 73
[2026-02-16 16:45:32] [SESSION 4] Saved 10 bids from page 73
[2026-02-16 16:45:34] [SESSION 4] Processing page 74
[2026-02-16 16:45:35] [SESSION 4] Saved 9 bids from page 74
[2026-02-16 16:45:37] [SESSION 4] Processing page 75
[2026-02-16 16:45:37] [SESSION 4] Saved 10 bids from page 75
[2026-02-16 16:45:39] [SESSION 4] Processing page 76
[2026-02-16 16:45:40] [SESSION 4] Saved 10 bids from page 76
[2026-02-16 16:45:41] [SESSION 4] Processing page 77
[2026-02-16 16:45:42] [SESSION 4] Saved 10 bids from page 77
[2026-02-16 16:45:44] [SESSION 4] Processing page 78
[2026-02-16 16:45:44] [SESSION 4] Saved 10 bids from page 78
[2026-02-16 16:45:46] [SESSION 4] Processing page 79
[2026-02-16 16:45:46] [SESSION 4] Saved 10 bids from page 79
[2026-02-16 16:45:48] [SESSION 4] Processing page 80
[2026-02-16 16:45:49] [SESSION 4] Saved 10 bids from page 80
[2026-02-16 16:45:50] [SESSION 4] Processing page 81
[2026-02-16 16:45:51] [SESSION 4] Saved 10 bids from page 81
[2026-02-16 16:45:52] [SESSION 4] Processing page 82
[2026-02-16 16:45:53] [SESSION 4] Saved 8 bids from page 82
[2026-02-16 16:45:54] [SESSION 4] Processing page 83
[2026-02-16 16:45:55] [SESSION 4] Saved 10 bids from page 83
[2026-02-16 16:45:57] [SESSION 4] Processing page 84
[2026-02-16 16:45:57] [SESSION 4] Saved 9 bids from page 84
[2026-02-16 16:45:59] [SESSION 4] Processing page 85
[2026-02-16 16:45:59] [SESSION 4] Saved 10 bids from page 85
[2026-02-16 16:46:01] [SESSION 4] Processing page 86
[2026-02-16 16:46:01] [SESSION 4] Saved 9 bids from page 86
[2026-02-16 16:46:03] [SESSION 4] Processing page 87
[2026-02-16 16:46:03] [SESSION 4] Saved 10 bids from page 87
[2026-02-16 16:46:05] [SESSION 4] Processing page 88
[2026-02-16 16:46:06] [SESSION 4] Saved 8 bids from page 88
[2026-02-16 16:46:07] [SESSION 4] Processing page 89
[2026-02-16 16:46:08] [SESSION 4] Saved 10 bids from page 89
[2026-02-16 16:46:09] [SESSION 4] Processing page 90
[2026-02-16 16:46:10] [SESSION 4] Saved 10 bids from page 90
[2026-02-16 16:46:11] [SESSION 4] Processing page 91
[2026-02-16 16:46:12] [SESSION 4] Saved 10 bids from page 91
[2026-02-16 16:46:14] [SESSION 4] Processing page 92
[2026-02-16 16:46:15] [SESSION 4] Saved 10 bids from page 92
[2026-02-16 16:46:16] [SESSION 4] Processing page 93
[2026-02-16 16:46:17] [SESSION 4] Saved 10 bids from page 93
[2026-02-16 16:46:19] [SESSION 4] Processing page 94
[2026-02-16 16:46:20] [SESSION 4] Saved 10 bids from page 94
[2026-02-16 16:46:22] [SESSION 4] Processing page 95
[2026-02-16 16:46:23] [SESSION 4] Saved 10 bids from page 95
[2026-02-16 16:46:25] [SESSION 4] Processing page 96
[2026-02-16 16:46:26] [SESSION 4] Saved 10 bids from page 96
[2026-02-16 16:46:28] [SESSION 4] Processing page 97
[2026-02-16 16:46:29] [SESSION 4] Saved 10 bids from page 97
[2026-02-16 16:46:31] [SESSION 4] Processing page 98
[2026-02-16 16:46:31] [SESSION 4] Saved 9 bids from page 98
[2026-02-16 16:46:35] [SESSION 4] Processing page 99
[2026-02-16 16:46:35] [SESSION 4] Saved 10 bids from page 99
[2026-02-16 16:46:38] [SESSION 4] Processing page 100
[2026-02-16 16:46:38] [SESSION 4] Saved 10 bids from page 100
[2026-02-16 16:46:41] [SESSION 4] Processing page 101
[2026-02-16 16:46:41] [SESSION 4] Saved 10 bids from page 101
[2026-02-16 16:46:45] [SESSION 4] Processing page 102
[2026-02-16 16:46:45] [SESSION 4] Saved 10 bids from page 102
[2026-02-16 16:46:48] [SESSION 4] Processing page 103
[2026-02-16 16:46:48] [SESSION 4] Saved 10 bids from page 103
[2026-02-16 16:46:51] [SESSION 4] Processing page 104
[2026-02-16 16:46:51] [SESSION 4] Saved 9 bids from page 104
[2026-02-16 16:46:54] [SESSION 4] Processing page 105
[2026-02-16 16:46:54] [SESSION 4] Saved 10 bids from page 105
[2026-02-16 16:46:57] [SESSION 4] Processing page 106
[2026-02-16 16:46:57] [SESSION 4] Saved 10 bids from page 106
[2026-02-16 16:47:00] [SESSION 4] Processing page 107
[2026-02-16 16:47:00] [SESSION 4] Saved 10 bids from page 107
[2026-02-16 16:47:03] [SESSION 4] Processing page 108
[2026-02-16 16:47:03] [SESSION 4] Saved 9 bids from page 108
[2026-02-16 16:47:07] [SESSION 4] Processing page 109
[2026-02-16 16:47:07] [SESSION 4] Saved 10 bids from page 109
[2026-02-16 16:47:10] [SESSION 4] Processing page 110
[2026-02-16 16:47:10] [SESSION 4] Saved 7 bids from page 110
[2026-02-16 16:47:12] [SESSION 4] Processing page 111
[2026-02-16 16:47:13] [SESSION 4] Saved 0 bids from page 111
[2026-02-16 16:47:13] [SESSION 4] Pagination completed safely.
[2026-02-16 16:47:14] [SESSION 4] Session completed: 0 new bids found, 111 pages processed
[2026-02-16 16:58:17] [SESSION 4] Starting scraper - Keyword: 'batter' | Output: gem_all_bids_session4.csv
[2026-02-16 16:58:31] [SESSION 4] Processing page 1
[2026-02-16 16:58:32] [SESSION 4] Saved 10 bids from page 1
[2026-02-16 16:58:34] [SESSION 4] Processing page 2
[2026-02-16 16:58:34] [SESSION 4] Saved 10 bids from page 2
[2026-02-16 16:58:36] [SESSION 4] Processing page 3
[2026-02-16 16:58:37] [SESSION 4] Saved 3 bids from page 3
[2026-02-16 16:58:39] [SESSION 4] Processing page 4
[2026-02-16 16:58:39] [SESSION 4] Saved 10 bids from page 4
[2026-02-16 16:58:41] [SESSION 4] Processing page 5
[2026-02-16 16:58:41] [SESSION 4] Saved 4 bids from page 5
[2026-02-16 16:58:43] [SESSION 4] Processing page 6
[2026-02-16 16:58:43] [SESSION 4] Saved 10 bids from page 6
[2026-02-16 16:58:45] [SESSION 4] Processing page 7
[2026-02-16 16:58:45] [SESSION 4] Saved 5 bids from page 7
[2026-02-16 16:58:47] [SESSION 4] Processing page 8
[2026-02-16 16:58:48] [SESSION 4] Saved 10 bids from page 8
[2026-02-16 16:58:49] [SESSION 4] Processing page 9
[2026-02-16 16:58:50] [SESSION 4] Saved 10 bids from page 9
[2026-02-16 16:58:51] [SESSION 4] Processing page 10
[2026-02-16 16:58:52] [SESSION 4] Saved 10 bids from page 10
[2026-02-16 16:58:53] [SESSION 4] Processing page 11
[2026-02-16 16:58:54] [SESSION 4] Saved 10 bids from page 11
[2026-02-16 16:58:55] [SESSION 4] Processing page 12
[2026-02-16 16:58:56] [SESSION 4] Saved 10 bids from page 12
[2026-02-16 16:58:58] [SESSION 4] Processing page 13
[2026-02-16 16:58:59] [SESSION 4] Saved 8 bids from page 13
[2026-02-16 16:59:01] [SESSION 4] Processing page 14
[2026-02-16 16:59:01] [SESSION 4] Saved 10 bids from page 14
[2026-02-16 16:59:03] [SESSION 4] Processing page 15
[2026-02-16 16:59:03] [SESSION 4] Saved 10 bids from page 15
[2026-02-16 16:59:05] [SESSION 4] Processing page 16
[2026-02-16 16:59:05] [SESSION 4] Saved 9 bids from page 16
[2026-02-16 16:59:07] [SESSION 4] Processing page 17
[2026-02-16 16:59:07] [SESSION 4] Saved 9 bids from page 17
[2026-02-16 16:59:09] [SESSION 4] Processing page 18
[2026-02-16 16:59:09] [SESSION 4] Saved 10 bids from page 18
[2026-02-16 16:59:11] [SESSION 4] Processing page 19
[2026-02-16 16:59:11] [SESSION 4] Saved 9 bids from page 19
[2026-02-16 16:59:13] [SESSION 4] Processing page 20
[2026-02-16 16:59:13] [SESSION 4] Saved 10 bids from page 20
[2026-02-16 16:59:15] [SESSION 4] Processing page 21
[2026-02-16 16:59:15] [SESSION 4] Saved 9 bids from page 21
[2026-02-16 16:59:17] [SESSION 4] Processing page 22
[2026-02-16 16:59:17] [SESSION 4] Saved 10 bids from page 22
[2026-02-16 16:59:19] [SESSION 4] Processing page 23
[2026-02-16 16:59:20] [SESSION 4] Saved 10 bids from page 23
[2026-02-16 16:59:22] [SESSION 4] Processing page 24
[2026-02-16 16:59:22] [SESSION 4] Saved 10 bids from page 24
[2026-02-16 16:59:24] [SESSION 4] Processing page 25
[2026-02-16 16:59:25] [SESSION 4] Saved 10 bids from page 25
[2026-02-16 16:59:26] [SESSION 4] Processing page 26
[2026-02-16 16:59:27] [SESSION 4] Saved 10 bids from page 26
[2026-02-16 16:59:28] [SESSION 4] Processing page 27
[2026-02-16 16:59:29] [SESSION 4] Saved 10 bids from page 27
[2026-02-16 16:59:31] [SESSION 4] Processing page 28
[2026-02-16 16:59:31] [SESSION 4] Saved 9 bids from page 28
[2026-02-16 16:59:33] [SESSION 4] Processing page 29
[2026-02-16 16:59:33] [SESSION 4] Saved 10 bids from page 29
[2026-02-16 16:59:35] [SESSION 4] Processing page 30
[2026-02-16 16:59:35] [SESSION 4] Saved 10 bids from page 30
[2026-02-16 16:59:37] [SESSION 4] Processing page 31
[2026-02-16 16:59:38] [SESSION 4] Saved 10 bids from page 31
[2026-02-16 16:59:39] [SESSION 4] Processing page 32
[2026-02-16 16:59:40] [SESSION 4] Saved 10 bids from page 32
[2026-02-16 16:59:41] [SESSION 4] Processing page 33
[2026-02-16 16:59:42] [SESSION 4] Saved 10 bids from page 33
[2026-02-16 16:59:43] [SESSION 4] Processing page 34
[2026-02-16 16:59:44] [SESSION 4] Saved 10 bids from page 34
[2026-02-16 16:59:46] [SESSION 4] Processing page 35
[2026-02-16 16:59:46] [SESSION 4] Saved 10 bids from page 35
[2026-02-16 16:59:48] [SESSION 4] Processing page 36
[2026-02-16 16:59:50] [SESSION 4] Saved 9 bids from page 36
[2026-02-16 16:59:52] [SESSION 4] Processing page 37
[2026-02-16 16:59:52] [SESSION 4] Saved 10 bids from page 37
[2026-02-16 16:59:54] [SESSION 4] Processing page 38
[2026-02-16 16:59:55] [SESSION 4] Saved 10 bids from page 38
[2026-02-16 16:59:56] [SESSION 4] Processing page 39
[2026-02-16 16:59:57] [SESSION 4] Saved 9 bids from page 39
[2026-02-16 16:59:58] [SESSION 4] Processing page 40
[2026-02-16 16:59:59] [SESSION 4] Saved 9 bids from page 40
[2026-02-16 17:00:01] [SESSION 4] Processing page 41
[2026-02-16 17:00:01] [SESSION 4] Saved 10 bids from page 41
[2026-02-16 17:00:03] [SESSION 4] Processing page 42
[2026-02-16 17:00:04] [SESSION 4] Saved 10 bids from page 42
[2026-02-16 17:00:06] [SESSION 4] Processing page 43
[2026-02-16 17:00:06] [SESSION 4] Saved 10 bids from page 43
[2026-02-16 17:00:08] [SESSION 4] Processing page 44
[2026-02-16 17:00:08] [SESSION 4] Saved 9 bids from page 44
[2026-02-16 17:00:10] [SESSION 4] Processing page 45
[2026-02-16 17:00:11] [SESSION 4] Saved 10 bids from page 45
[2026-02-16 17:00:12] [SESSION 4] Processing page 46
[2026-02-16 17:00:13] [SESSION 4] Saved 9 bids from page 46
[2026-02-16 17:00:14] [SESSION 4] Processing page 47
[2026-02-16 17:00:15] [SESSION 4] Saved 9 bids from page 47
[2026-02-16 17:00:17] [SESSION 4] Processing page 48
[2026-02-16 17:00:17] [SESSION 4] Saved 8 bids from page 48
[2026-02-16 17:00:19] [SESSION 4] Processing page 49
[2026-02-16 17:00:19] [SESSION 4] Saved 10 bids from page 49
[2026-02-16 17:00:21] [SESSION 4] Processing page 50
[2026-02-16 17:00:22] [SESSION 4] Saved 10 bids from page 50
[2026-02-16 17:00:23] [SESSION 4] Processing page 51
[2026-02-16 17:00:24] [SESSION 4] Saved 9 bids from page 51
[2026-02-16 17:00:25] [SESSION 4] Processing page 52
[2026-02-16 17:00:26] [SESSION 4] Saved 10 bids from page 52
[2026-02-16 17:00:28] [SESSION 4] Processing page 53
[2026-02-16 17:00:28] [SESSION 4] Saved 9 bids from page 53
[2026-02-16 17:00:30] [SESSION 4] Processing page 54
[2026-02-16 17:00:30] [SESSION 4] Saved 9 bids from page 54
[2026-02-16 17:00:32] [SESSION 4] Processing page 55
[2026-02-16 17:00:32] [SESSION 4] Saved 10 bids from page 55
[2026-02-16 17:00:34] [SESSION 4] Processing page 56
[2026-02-16 17:00:34] [SESSION 4] Saved 9 bids from page 56
[2026-02-16 17:00:36] [SESSION 4] Processing page 57
[2026-02-16 17:00:36] [SESSION 4] Saved 9 bids from page 57
[2026-02-16 17:00:38] [SESSION 4] Processing page 58
[2026-02-16 17:00:38] [SESSION 4] Saved 8 bids from page 58
[2026-02-16 17:00:40] [SESSION 4] Processing page 59
[2026-02-16 17:00:40] [SESSION 4] Saved 9 bids from page 59
[2026-02-16 17:00:42] [SESSION 4] Processing page 60
[2026-02-16 17:00:42] [SESSION 4] Saved 10 bids from page 60
[2026-02-16 17:00:44] [SESSION 4] Processing page 61
[2026-02-16 17:00:45] [SESSION 4] Saved 10 bids from page 61
[2026-02-16 17:00:46] [SESSION 4] Processing page 62
[2026-02-16 17:00:47] [SESSION 4] Saved 10 bids from page 62
[2026-02-16 17:00:49] [SESSION 4] Processing page 63
[2026-02-16 17:00:49] [SESSION 4] Saved 10 bids from page 63
[2026-02-16 17:00:51] [SESSION 4] Processing page 64
[2026-02-16 17:00:51] [SESSION 4] Saved 10 bids from page 64
[2026-02-16 17:00:53] [SESSION 4] Processing page 65
[2026-02-16 17:00:53] [SESSION 4] Saved 10 bids from page 65
[2026-02-16 17:00:55] [SESSION 4] Processing page 66
[2026-02-16 17:00:55] [SESSION 4] Saved 6 bids from page 66
[2026-02-16 17:00:57] [SESSION 4] Processing page 67
[2026-02-16 17:00:58] [SESSION 4] Saved 7 bids from page 67
[2026-02-16 17:00:59] [SESSION 4] Processing page 68
[2026-02-16 17:01:00] [SESSION 4] Saved 9 bids from page 68
[2026-02-16 17:01:02] [SESSION 4] Processing page 69
[2026-02-16 17:01:03] [SESSION 4] Saved 10 bids from page 69
[2026-02-16 17:01:04] [SESSION 4] Processing page 70
[2026-02-16 17:01:05] [SESSION 4] Saved 8 bids from page 70
[2026-02-16 17:01:07] [SESSION 4] Processing page 71
[2026-02-16 17:01:08] [SESSION 4] Saved 10 bids from page 71
[2026-02-16 17:01:10] [SESSION 4] Processing page 72
[2026-02-16 17:01:10] [SESSION 4] Saved 10 bids from page 72
[2026-02-16 17:01:12] [SESSION 4] Processing page 73
[2026-02-16 17:01:12] [SESSION 4] Saved 10 bids from page 73
[2026-02-16 17:01:14] [SESSION 4] Processing page 74
[2026-02-16 17:01:15] [SESSION 4] Saved 10 bids from page 74
[2026-02-16 17:01:16] [SESSION 4] Processing page 75
[2026-02-16 17:01:17] [SESSION 4] Saved 10 bids from page 75
[2026-02-16 17:04:15] [SESSION 4] Starting scraper - Keyword: 'batter' | Output: gem_all_bids_session4.csv
[2026-02-16 17:04:28] [SESSION 4] Processing page 1
[2026-02-16 17:04:30] [SESSION 4] Saved 10 bids from page 1
[2026-02-16 17:04:32] [SESSION 4] Processing page 2
[2026-02-16 17:04:33] [SESSION 4] Saved 7 bids from page 2
[2026-02-16 17:04:34] [SESSION 4] Processing page 3
[2026-02-16 17:04:35] [SESSION 4] Saved 7 bids from page 3
[2026-02-16 17:04:36] [SESSION 4] Processing page 4
[2026-02-16 17:04:38] [SESSION 4] Saved 10 bids from page 4
[2026-02-16 17:04:39] [SESSION 4] Processing page 5
[2026-02-16 17:04:40] [SESSION 4] Saved 9 bids from page 5
[2026-02-16 17:04:42] [SESSION 4] Processing page 6
[2026-02-16 17:04:42] [SESSION 4] Saved 7 bids from page 6
[2026-02-16 17:04:44] [SESSION 4] Processing page 7
[2026-02-16 17:04:44] [SESSION 4] Saved 10 bids from page 7
[2026-02-16 17:04:46] [SESSION 4] Processing page 8
[2026-02-16 17:04:46] [SESSION 4] Saved 9 bids from page 8
[2026-02-16 17:04:48] [SESSION 4] Processing page 9
[2026-02-16 17:04:48] [SESSION 4] Saved 10 bids from page 9
[2026-02-16 17:04:50] [SESSION 4] Processing page 10
[2026-02-16 17:04:51] [SESSION 4] Saved 10 bids from page 10
[2026-02-16 17:04:52] [SESSION 4] Processing page 11
[2026-02-16 17:04:53] [SESSION 4] Saved 10 bids from page 11
[2026-02-16 17:04:54] [SESSION 4] Processing page 12
[2026-02-16 17:04:55] [SESSION 4] Saved 10 bids from page 12
[2026-02-16 17:04:57] [SESSION 4] Processing page 13
[2026-02-16 17:04:58] [SESSION 4] Saved 8 bids from page 13
[2026-02-16 17:05:01] [SESSION 4] Processing page 14
[2026-02-16 17:05:02] [SESSION 4] Saved 10 bids from page 14
[2026-02-16 17:05:04] [SESSION 4] Processing page 15
[2026-02-16 17:05:04] [SESSION 4] Saved 10 bids from page 15
[2026-02-16 17:05:06] [SESSION 4] Processing page 16
[2026-02-16 17:05:07] [SESSION 4] Saved 10 bids from page 16
[2026-02-16 17:05:08] [SESSION 4] Processing page 17
[2026-02-16 17:05:09] [SESSION 4] Saved 9 bids from page 17
[2026-02-16 17:05:10] [SESSION 4] Processing page 18
[2026-02-16 17:05:11] [SESSION 4] Saved 10 bids from page 18
[2026-02-16 17:05:12] [SESSION 4] Processing page 19
[2026-02-16 17:05:13] [SESSION 4] Saved 9 bids from page 19
[2026-02-16 17:05:14] [SESSION 4] Processing page 20
[2026-02-16 17:05:14] [SESSION 4] Saved 10 bids from page 20
[2026-02-16 17:05:16] [SESSION 4] Processing page 21
[2026-02-16 17:05:16] [SESSION 4] Saved 10 bids from page 21
[2026-02-16 17:05:18] [SESSION 4] Processing page 22
[2026-02-16 17:05:19] [SESSION 4] Saved 10 bids from page 22
[2026-02-16 17:05:20] [SESSION 4] Processing page 23
[2026-02-16 17:05:21] [SESSION 4] Saved 10 bids from page 23
[2026-02-16 17:05:23] [SESSION 4] Processing page 24
[2026-02-16 17:05:23] [SESSION 4] Saved 10 bids from page 24
[2026-02-16 17:05:25] [SESSION 4] Processing page 25
[2026-02-16 17:05:25] [SESSION 4] Saved 10 bids from page 25
[2026-02-16 17:05:27] [SESSION 4] Processing page 26
[2026-02-16 17:05:28] [SESSION 4] Saved 10 bids from page 26
[2026-02-16 17:05:29] [SESSION 4] Processing page 27
[2026-02-16 17:05:30] [SESSION 4] Saved 10 bids from page 27
[2026-02-16 17:05:32] [SESSION 4] Processing page 28
[2026-02-16 17:05:32] [SESSION 4] Saved 9 bids from page 28
[2026-02-16 17:05:34] [SESSION 4] Processing page 29
[2026-02-16 17:05:34] [SESSION 4] Saved 10 bids from page 29
[2026-02-16 17:05:36] [SESSION 4] Processing page 30
[2026-02-16 17:05:37] [SESSION 4] Saved 10 bids from page 30
[2026-02-16 17:05:38] [SESSION 4] Processing page 31
[2026-02-16 17:05:39] [SESSION 4] Saved 10 bids from page 31
[2026-02-16 17:05:41] [SESSION 4] Processing page 32
[2026-02-16 17:05:41] [SESSION 4] Saved 10 bids from page 32
[2026-02-16 17:05:43] [SESSION 4] Processing page 33
[2026-02-16 17:05:45] [SESSION 4] Saved 10 bids from page 33
[2026-02-16 17:05:46] [SESSION 4] Processing page 34
[2026-02-16 17:05:47] [SESSION 4] Saved 10 bids from page 34
[2026-02-16 17:05:49] [SESSION 4] Processing page 35
[2026-02-16 17:05:49] [SESSION 4] Saved 10 bids from page 35
[2026-02-16 17:05:51] [SESSION 4] Processing page 36
[2026-02-16 17:05:52] [SESSION 4] Saved 10 bids from page 36
[2026-02-16 17:05:54] [SESSION 4] Processing page 37
[2026-02-16 17:05:54] [SESSION 4] Saved 10 bids from page 37
[2026-02-16 17:05:56] [SESSION 4] Processing page 38
[2026-02-16 17:05:56] [SESSION 4] Saved 8 bids from page 38
[2026-02-16 17:05:58] [SESSION 4] Processing page 39
[2026-02-16 17:05:58] [SESSION 4] Saved 10 bids from page 39
[2026-02-16 17:06:00] [SESSION 4] Processing page 40
[2026-02-16 17:06:00] [SESSION 4] Saved 9 bids from page 40
[2026-02-16 17:06:02] [SESSION 4] Processing page 41
[2026-02-16 17:06:03] [SESSION 4] Saved 10 bids from page 41
[2026-02-16 17:06:04] [SESSION 4] Processing page 42
[2026-02-16 17:06:04] [SESSION 4] Saved 10 bids from page 42
[2026-02-16 17:06:06] [SESSION 4] Processing page 43
[2026-02-16 17:06:06] [SESSION 4] Saved 10 bids from page 43
[2026-02-16 17:06:08] [SESSION 4] Processing page 44
[2026-02-16 17:06:09] [SESSION 4] Saved 9 bids from page 44
[2026-02-16 17:06:10] [SESSION 4] Processing page 45
[2026-02-16 17:06:11] [SESSION 4] Saved 10 bids from page 45
[2026-02-16 17:06:12] [SESSION 4] Processing page 46
[2026-02-16 17:06:12] [SESSION 4] Saved 9 bids from page 46
[2026-02-16 17:06:14] [SESSION 4] Processing page 47
[2026-02-16 17:06:14] [SESSION 4] Saved 9 bids from page 47
[2026-02-16 17:06:16] [SESSION 4] Processing page 48
[2026-02-16 17:06:16] [SESSION 4] Saved 8 bids from page 48
[2026-02-16 17:06:18] [SESSION 4] Processing page 49
[2026-02-16 17:06:18] [SESSION 4] Saved 10 bids from page 49
[2026-02-16 17:06:20] [SESSION 4] Processing page 50
[2026-02-16 17:06:20] [SESSION 4] Saved 10 bids from page 50
[2026-02-16 17:06:22] [SESSION 4] Processing page 51
[2026-02-16 17:06:22] [SESSION 4] Saved 10 bids from page 51
[2026-02-16 17:06:24] [SESSION 4] Processing page 52
[2026-02-16 17:06:24] [SESSION 4] Saved 10 bids from page 52
[2026-02-16 17:06:26] [SESSION 4] Processing page 53
[2026-02-16 17:06:26] [SESSION 4] Saved 9 bids from page 53
[2026-02-16 17:06:28] [SESSION 4] Processing page 54
[2026-02-16 17:06:28] [SESSION 4] Saved 10 bids from page 54
[2026-02-16 17:06:30] [SESSION 4] Processing page 55
[2026-02-16 17:06:30] [SESSION 4] Saved 8 bids from page 55
[2026-02-16 17:06:32] [SESSION 4] Processing page 56
[2026-02-16 17:06:32] [SESSION 4] Saved 9 bids from page 56
[2026-02-16 17:06:34] [SESSION 4] Processing page 57
[2026-02-16 17:06:34] [SESSION 4] Saved 8 bids from page 57
[2026-02-16 17:06:36] [SESSION 4] Processing page 58
[2026-02-16 17:06:37] [SESSION 4] Saved 8 bids from page 58
[2026-02-16 17:06:39] [SESSION 4] Processing page 59
[2026-02-16 17:06:40] [SESSION 4] Saved 10 bids from page 59
[2026-02-16 17:06:41] [SESSION 4] Processing page 60
[2026-02-16 17:06:42] [SESSION 4] Saved 10 bids from page 60
[2026-02-16 17:06:43] [SESSION 4] Processing page 61
[2026-02-16 17:06:44] [SESSION 4] Saved 9 bids from page 61
[2026-02-16 17:06:45] [SESSION 4] Processing page 62
[2026-02-16 17:06:46] [SESSION 4] Saved 9 bids from page 62
[2026-02-16 17:06:48] [SESSION 4] Processing page 63
[2026-02-16 17:06:48] [SESSION 4] Saved 9 bids from page 63
[2026-02-16 17:06:50] [SESSION 4] Processing page 64
[2026-02-16 17:06:50] [SESSION 4] Saved 10 bids from page 64
[2026-02-16 17:06:52] [SESSION 4] Processing page 65
[2026-02-16 17:06:53] [SESSION 4] Saved 6 bids from page 65
[2026-02-16 17:06:54] [SESSION 4] Processing page 66
[2026-02-16 17:06:55] [SESSION 4] Saved 7 bids from page 66
[2026-02-16 17:06:56] [SESSION 4] Processing page 67
[2026-02-16 17:06:57] [SESSION 4] Saved 9 bids from page 67
[2026-02-16 17:06:58] [SESSION 4] Processing page 68
[2026-02-16 17:06:59] [SESSION 4] Saved 9 bids from page 68
[2026-02-16 17:07:01] [SESSION 4] Processing page 69
[2026-02-16 17:07:02] [SESSION 4] Saved 10 bids from page 69
[2026-02-16 17:07:04] [SESSION 4] Processing page 70
[2026-02-16 17:07:05] [SESSION 4] Saved 8 bids from page 70
[2026-02-16 17:07:06] [SESSION 4] Processing page 71
[2026-02-16 17:07:07] [SESSION 4] Saved 9 bids from page 71
[2026-02-16 17:07:09] [SESSION 4] Processing page 72
[2026-02-16 17:07:09] [SESSION 4] Saved 9 bids from page 72
[2026-02-16 17:07:11] [SESSION 4] Processing page 73
[2026-02-16 17:07:11] [SESSION 4] Saved 10 bids from page 73
[2026-02-16 17:07:13] [SESSION 4] Processing page 74
[2026-02-16 17:07:13] [SESSION 4] Saved 7 bids from page 74
[2026-02-16 17:07:15] [SESSION 4] Processing page 75
[2026-02-16 17:07:15] [SESSION 4] Saved 10 bids from page 75
[2026-02-16 17:07:17] [SESSION 4] Processing page 76
[2026-02-16 17:07:17] [SESSION 4] Saved 10 bids from page 76
[2026-02-16 17:07:19] [SESSION 4] Processing page 77
[2026-02-16 17:07:19] [SESSION 4] Saved 10 bids from page 77
[2026-02-16 17:07:21] [SESSION 4] Processing page 78
[2026-02-16 17:07:21] [SESSION 4] Saved 10 bids from page 78
[2026-02-16 17:07:23] [SESSION 4] Processing page 79
[2026-02-16 17:07:23] [SESSION 4] Saved 9 bids from page 79
[2026-02-16 17:07:25] [SESSION 4] Processing page 80
[2026-02-16 17:07:26] [SESSION 4] Saved 10 bids from page 80
[2026-02-16 17:07:27] [SESSION 4] Processing page 81
[2026-02-16 17:07:28] [SESSION 4] Saved 10 bids from page 81
[2026-02-16 17:07:29] [SESSION 4] Processing page 82
[2026-02-16 17:07:30] [SESSION 4] Saved 10 bids from page 82
[2026-02-16 17:07:32] [SESSION 4] Processing page 83
[2026-02-16 17:07:32] [SESSION 4] Saved 10 bids from page 83
[2026-02-16 17:07:34] [SESSION 4] Processing page 84
[2026-02-16 17:07:34] [SESSION 4] Saved 10 bids from page 84
[2026-02-16 17:07:36] [SESSION 4] Processing page 85
[2026-02-16 17:07:36] [SESSION 4] Saved 7 bids from page 85
[2026-02-16 17:07:38] [SESSION 4] Processing page 86
[2026-02-16 17:07:38] [SESSION 4] Saved 10 bids from page 86
[2026-02-16 17:07:40] [SESSION 4] Processing page 87
[2026-02-16 17:07:41] [SESSION 4] Saved 10 bids from page 87
[2026-02-16 17:07:43] [SESSION 4] Processing page 88
[2026-02-16 17:07:45] [SESSION 4] Saved 9 bids from page 88
[2026-02-16 17:07:47] [SESSION 4] Processing page 89
[2026-02-16 17:07:47] [SESSION 4] Saved 10 bids from page 89
[2026-02-16 17:07:49] [SESSION 4] Processing page 90
[2026-02-16 17:07:49] [SESSION 4] Saved 10 bids from page 90
[2026-02-16 17:07:51] [SESSION 4] Processing page 91
[2026-02-16 17:07:52] [SESSION 4] Saved 9 bids from page 91
[2026-02-16 17:07:54] [SESSION 4] Processing page 92
[2026-02-16 17:07:55] [SESSION 4] Saved 10 bids from page 92
[2026-02-16 17:07:57] [SESSION 4] Processing page 93
[2026-02-16 17:07:58] [SESSION 4] Saved 9 bids from page 93
[2026-02-16 17:07:59] [SESSION 4] Processing page 94
[2026-02-16 17:08:00] [SESSION 4] Saved 9 bids from page 94
[2026-02-16 17:08:01] [SESSION 4] Processing page 95
[2026-02-16 17:08:02] [SESSION 4] Saved 10 bids from page 95
[2026-02-16 17:08:04] [SESSION 4] Processing page 96
[2026-02-16 17:08:04] [SESSION 4] Saved 10 bids from page 96
[2026-02-16 17:08:06] [SESSION 4] Processing page 97
[2026-02-16 17:08:07] [SESSION 4] Saved 9 bids from page 97
[2026-02-16 17:08:09] [SESSION 4] Processing page 98
[2026-02-16 17:08:10] [SESSION 4] Saved 10 bids from page 98
[2026-02-16 17:08:12] [SESSION 4] Processing page 99
[2026-02-16 17:08:12] [SESSION 4] Saved 9 bids from page 99
[2026-02-16 17:08:14] [SESSION 4] Processing page 100
[2026-02-16 17:08:14] [SESSION 4] Saved 10 bids from page 100
[2026-02-16 17:08:16] [SESSION 4] Processing page 101
[2026-02-16 17:08:16] [SESSION 4] Saved 10 bids from page 101
[2026-02-16 17:08:18] [SESSION 4] Processing page 102
[2026-02-16 17:08:18] [SESSION 4] Saved 10 bids from page 102
[2026-02-16 17:08:20] [SESSION 4] Processing page 103
[2026-02-16 17:08:20] [SESSION 4] Saved 10 bids from page 103
[2026-02-16 17:08:22] [SESSION 4] Processing page 104
[2026-02-16 17:08:22] [SESSION 4] Saved 10 bids from page 104
[2026-02-16 17:08:24] [SESSION 4] Processing page 105
[2026-02-16 17:08:24] [SESSION 4] Saved 10 bids from page 105
[2026-02-16 17:08:26] [SESSION 4] Processing page 106
[2026-02-16 17:08:26] [SESSION 4] Saved 10 bids from page 106
[2026-02-16 17:08:28] [SESSION 4] Processing page 107
[2026-02-16 17:08:28] [SESSION 4] Saved 10 bids from page 107
[2026-02-16 17:08:29] [SESSION 4] Processing page 108
[2026-02-16 17:08:30] [SESSION 4] Saved 2 bids from page 108
[2026-02-16 17:08:32] [SESSION 4] Processing page 109
[2026-02-16 17:08:32] [SESSION 4] Saved 0 bids from page 109
[2026-02-16 17:08:32] [SESSION 4] Pagination completed safely.
[2026-02-16 17:08:32] [SESSION 4] Session completed: 3 new bids found, 109 pages processed
[2026-02-16 17:11:55] [SESSION 4] Starting scraper - Keyword: 'batter' | Output: gem_all_bids_session4.csv
[2026-02-16 17:12:05] [SESSION 4] Processing page 1
[2026-02-16 17:12:07] [SESSION 4] Saved 10 bids from page 1
[2026-02-16 17:12:08] [SESSION 4] Processing page 2
[2026-02-16 17:12:09] [SESSION 4] Saved 10 bids from page 2
[2026-02-16 17:12:11] [SESSION 4] Processing page 3
[2026-02-16 17:12:11] [SESSION 4] Saved 10 bids from page 3
[2026-02-16 17:12:13] [SESSION 4] Processing page 4
[2026-02-16 17:12:13] [SESSION 4] Saved 6 bids from page 4
[2026-02-16 17:12:15] [SESSION 4] Processing page 5
[2026-02-16 17:12:16] [SESSION 4] Saved 6 bids from page 5
[2026-02-16 17:12:17] [SESSION 4] Processing page 6
[2026-02-16 17:12:18] [SESSION 4] Saved 8 bids from page 6
[2026-02-16 17:12:19] [SESSION 4] Processing page 7
[2026-02-16 17:12:20] [SESSION 4] Saved 10 bids from page 7
[2026-02-16 17:12:21] [SESSION 4] Processing page 8
[2026-02-16 17:12:22] [SESSION 4] Saved 10 bids from page 8
[2026-02-16 17:12:23] [SESSION 4] Processing page 9
[2026-02-16 17:12:24] [SESSION 4] Saved 9 bids from page 9
[2026-02-16 17:12:25] [SESSION 4] Processing page 10
[2026-02-16 17:12:26] [SESSION 4] Saved 10 bids from page 10
[2026-02-16 17:12:27] [SESSION 4] Processing page 11
[2026-02-16 17:12:28] [SESSION 4] Saved 8 bids from page 11
[2026-02-16 17:12:29] [SESSION 4] Processing page 12
[2026-02-16 17:12:30] [SESSION 4] Saved 9 bids from page 12
[2026-02-16 17:12:31] [SESSION 4] Processing page 13
[2026-02-16 17:12:32] [SESSION 4] Saved 7 bids from page 13
[2026-02-16 17:12:34] [SESSION 4] Processing page 14
[2026-02-16 17:12:34] [SESSION 4] Saved 10 bids from page 14
[2026-02-16 17:12:35] [SESSION 4] Processing page 15
[2026-02-16 17:12:36] [SESSION 4] Saved 10 bids from page 15
[2026-02-16 17:12:38] [SESSION 4] Processing page 16
[2026-02-16 17:12:38] [SESSION 4] Saved 9 bids from page 16
[2026-02-16 17:12:39] [SESSION 4] Processing page 17
[2026-02-16 17:12:40] [SESSION 4] Saved 10 bids from page 17
[2026-02-16 17:12:41] [SESSION 4] Processing page 18
[2026-02-16 17:12:42] [SESSION 4] Saved 10 bids from page 18
[2026-02-16 17:12:44] [SESSION 4] Processing page 19
[2026-02-16 17:12:45] [SESSION 4] Saved 10 bids from page 19
[2026-02-16 17:12:46] [SESSION 4] Processing page 20
[2026-02-16 17:12:47] [SESSION 4] Saved 9 bids from page 20
[2026-02-16 17:12:49] [SESSION 4] Processing page 21
[2026-02-16 17:12:50] [SESSION 4] Saved 10 bids from page 21
[2026-02-16 17:12:51] [SESSION 4] Processing page 22
[2026-02-16 17:12:52] [SESSION 4] Saved 10 bids from page 22
[2026-02-16 17:12:53] [SESSION 4] Processing page 23
[2026-02-16 17:12:54] [SESSION 4] Saved 10 bids from page 23
[2026-02-16 17:12:56] [SESSION 4] Processing page 24
[2026-02-16 17:12:56] [SESSION 4] Saved 10 bids from page 24
[2026-02-16 17:12:58] [SESSION 4] Processing page 25
[2026-02-16 17:12:58] [SESSION 4] Saved 8 bids from page 25
[2026-02-16 17:13:00] [SESSION 4] Processing page 26
[2026-02-16 17:13:00] [SESSION 4] Saved 10 bids from page 26
[2026-02-16 17:13:03] [SESSION 4] Processing page 27
[2026-02-16 17:13:03] [SESSION 4] Saved 10 bids from page 27
[2026-02-16 17:13:05] [SESSION 4] Processing page 28
[2026-02-16 17:13:05] [SESSION 4] Saved 10 bids from page 28
[2026-02-16 17:13:07] [SESSION 4] Processing page 29
[2026-02-16 17:13:07] [SESSION 4] Saved 10 bids from page 29
[2026-02-16 17:13:09] [SESSION 4] Processing page 30
[2026-02-16 17:13:09] [SESSION 4] Saved 10 bids from page 30
[2026-02-16 17:13:11] [SESSION 4] Processing page 31
[2026-02-16 17:13:11] [SESSION 4] Saved 10 bids from page 31
[2026-02-16 17:13:13] [SESSION 4] Processing page 32
[2026-02-16 17:13:13] [SESSION 4] Saved 10 bids from page 32
[2026-02-16 17:13:15] [SESSION 4] Processing page 33
[2026-02-16 17:13:16] [SESSION 4] Saved 10 bids from page 33
[2026-02-16 17:13:17] [SESSION 4] Processing page 34
[2026-02-16 17:13:18] [SESSION 4] Saved 9 bids from page 34
[2026-02-16 17:13:19] [SESSION 4] Processing page 35
[2026-02-16 17:13:20] [SESSION 4] Saved 10 bids from page 35
[2026-02-16 17:13:22] [SESSION 4] Processing page 36
[2026-02-16 17:13:23] [SESSION 4] Saved 10 bids from page 36
[2026-02-16 17:13:24] [SESSION 4] Processing page 37
[2026-02-16 17:13:25] [SESSION 4] Saved 10 bids from page 37
[2026-02-16 17:13:26] [SESSION 4] Processing page 38
[2026-02-16 17:13:27] [SESSION 4] Saved 10 bids from page 38
[2026-02-16 17:13:29] [SESSION 4] Processing page 39
[2026-02-16 17:13:29] [SESSION 4] Saved 10 bids from page 39
[2026-02-16 17:13:31] [SESSION 4] Processing page 40
[2026-02-16 17:13:31] [SESSION 4] Saved 10 bids from page 40
[2026-02-16 17:13:33] [SESSION 4] Processing page 41
[2026-02-16 17:13:33] [SESSION 4] Saved 10 bids from page 41
[2026-02-16 17:13:35] [SESSION 4] Processing page 42
[2026-02-16 17:13:35] [SESSION 4] Saved 10 bids from page 42
[2026-02-16 17:13:37] [SESSION 4] Processing page 43
[2026-02-16 17:13:38] [SESSION 4] Saved 10 bids from page 43
[2026-02-16 17:13:39] [SESSION 4] Processing page 44
[2026-02-16 17:13:40] [SESSION 4] Saved 7 bids from page 44
[2026-02-16 17:13:41] [SESSION 4] Processing page 45
[2026-02-16 17:13:42] [SESSION 4] Saved 8 bids from page 45
[2026-02-16 17:13:43] [SESSION 4] Processing page 46
[2026-02-16 17:13:44] [SESSION 4] Saved 10 bids from page 46
[2026-02-16 17:13:46] [SESSION 4] Processing page 47
[2026-02-16 17:13:46] [SESSION 4] Saved 10 bids from page 47
[2026-02-16 17:13:48] [SESSION 4] Processing page 48
[2026-02-16 17:13:49] [SESSION 4] Saved 10 bids from page 48
[2026-02-16 17:13:50] [SESSION 4] Processing page 49
[2026-02-16 17:13:51] [SESSION 4] Saved 10 bids from page 49
[2026-02-16 17:13:52] [SESSION 4] Processing page 50
[2026-02-16 17:13:53] [SESSION 4] Saved 10 bids from page 50
[2026-02-16 17:13:54] [SESSION 4] Processing page 51
[2026-02-16 17:13:55] [SESSION 4] Saved 10 bids from page 51
[2026-02-16 17:13:56] [SESSION 4] Processing page 52
[2026-02-16 17:13:56] [SESSION 4] Saved 10 bids from page 52
[2026-02-16 17:13:58] [SESSION 4] Processing page 53
[2026-02-16 17:13:58] [SESSION 4] Saved 10 bids from page 53
[2026-02-16 17:14:00] [SESSION 4] Processing page 54
[2026-02-16 17:14:00] [SESSION 4] Saved 9 bids from page 54
[2026-02-16 17:14:02] [SESSION 4] Processing page 55
[2026-02-16 17:14:03] [SESSION 4] Saved 10 bids from page 55
[2026-02-16 17:14:04] [SESSION 4] Processing page 56
[2026-02-16 17:14:05] [SESSION 4] Saved 10 bids from page 56
[2026-02-16 17:14:07] [SESSION 4] Processing page 57
[2026-02-16 17:14:07] [SESSION 4] Saved 10 bids from page 57
[2026-02-16 17:14:09] [SESSION 4] Processing page 58
[2026-02-16 17:14:09] [SESSION 4] Saved 10 bids from page 58
[2026-02-16 17:14:11] [SESSION 4] Processing page 59
[2026-02-16 17:14:11] [SESSION 4] Saved 6 bids from page 59
[2026-02-16 17:14:13] [SESSION 4] Processing page 60
[2026-02-16 17:14:13] [SESSION 4] Saved 9 bids from page 60
[2026-02-16 17:14:15] [SESSION 4] Processing page 61
[2026-02-16 17:14:15] [SESSION 4] Saved 8 bids from page 61
[2026-02-16 17:14:17] [SESSION 4] Processing page 62
[2026-02-16 17:14:17] [SESSION 4] Saved 10 bids from page 62
[2026-02-16 17:14:19] [SESSION 4] Processing page 63
[2026-02-16 17:14:19] [SESSION 4] Saved 9 bids from page 63
[2026-02-16 17:14:21] [SESSION 4] Processing page 64
[2026-02-16 17:14:21] [SESSION 4] Saved 9 bids from page 64
[2026-02-16 17:14:23] [SESSION 4] Processing page 65
[2026-02-16 17:14:23] [SESSION 4] Saved 10 bids from page 65
[2026-02-16 17:14:25] [SESSION 4] Processing page 66
[2026-02-16 17:14:25] [SESSION 4] Saved 8 bids from page 66
[2026-02-16 17:14:27] [SESSION 4] Processing page 67
[2026-02-16 17:14:27] [SESSION 4] Saved 9 bids from page 67
[2026-02-16 17:14:29] [SESSION 4] Processing page 68
[2026-02-16 17:14:29] [SESSION 4] Saved 10 bids from page 68
[2026-02-16 17:14:31] [SESSION 4] Processing page 69
[2026-02-16 17:14:31] [SESSION 4] Saved 9 bids from page 69
[2026-02-16 17:14:33] [SESSION 4] Processing page 70
[2026-02-16 17:14:33] [SESSION 4] Saved 9 bids from page 70
[2026-02-16 17:14:35] [SESSION 4] Processing page 71
[2026-02-16 17:14:35] [SESSION 4] Saved 9 bids from page 71
[2026-02-16 17:14:37] [SESSION 4] Processing page 72
[2026-02-16 17:14:37] [SESSION 4] Saved 9 bids from page 72
[2026-02-16 17:14:39] [SESSION 4] Processing page 73
[2026-02-16 17:14:39] [SESSION 4] Saved 10 bids from page 73
[2026-02-16 17:14:41] [SESSION 4] Processing page 74
[2026-02-16 17:14:42] [SESSION 4] Saved 9 bids from page 74
[2026-02-16 17:14:43] [SESSION 4] Processing page 75
[2026-02-16 17:14:44] [SESSION 4] Saved 10 bids from page 75
[2026-02-16 17:14:46] [SESSION 4] Processing page 76
[2026-02-16 17:14:46] [SESSION 4] Saved 10 bids from page 76
[2026-02-16 17:14:48] [SESSION 4] Processing page 77
[2026-02-16 17:14:49] [SESSION 4] Saved 10 bids from page 77
[2026-02-16 17:14:50] [SESSION 4] Processing page 78
[2026-02-16 17:14:51] [SESSION 4] Saved 10 bids from page 78
[2026-02-16 17:14:53] [SESSION 4] Processing page 79
[2026-02-16 17:14:53] [SESSION 4] Saved 8 bids from page 79
[2026-02-16 17:14:55] [SESSION 4] Processing page 80
[2026-02-16 17:14:56] [SESSION 4] Saved 10 bids from page 80
[2026-02-16 17:14:57] [SESSION 4] Processing page 81
[2026-02-16 17:14:58] [SESSION 4] Saved 9 bids from page 81
[2026-02-16 17:15:00] [SESSION 4] Processing page 82
[2026-02-16 17:15:01] [SESSION 4] Saved 10 bids from page 82
[2026-02-16 17:15:03] [SESSION 4] Processing page 83
[2026-02-16 17:15:03] [SESSION 4] Saved 10 bids from page 83
[2026-02-16 17:15:05] [SESSION 4] Processing page 84
[2026-02-16 17:15:06] [SESSION 4] Saved 10 bids from page 84
[2026-02-16 17:15:07] [SESSION 4] Processing page 85
[2026-02-16 17:15:08] [SESSION 4] Saved 7 bids from page 85
[2026-02-16 17:15:09] [SESSION 4] Processing page 86
[2026-02-16 17:15:10] [SESSION 4] Saved 10 bids from page 86
[2026-02-16 17:15:12] [SESSION 4] Processing page 87
[2026-02-16 17:15:13] [SESSION 4] Saved 9 bids from page 87
[2026-02-16 17:15:14] [SESSION 4] Processing page 88
[2026-02-16 17:15:16] [SESSION 4] Saved 10 bids from page 88
[2026-02-16 17:15:18] [SESSION 4] Processing page 89
[2026-02-16 17:15:18] [SESSION 4] Saved 10 bids from page 89
[2026-02-16 17:15:20] [SESSION 4] Processing page 90
[2026-02-16 17:15:20] [SESSION 4] Saved 10 bids from page 90
[2026-02-16 17:15:22] [SESSION 4] Processing page 91
[2026-02-16 17:15:22] [SESSION 4] Saved 10 bids from page 91
[2026-02-16 17:15:24] [SESSION 4] Processing page 92
[2026-02-16 17:15:24] [SESSION 4] Saved 9 bids from page 92
[2026-02-16 17:15:26] [SESSION 4] Processing page 93
[2026-02-16 17:15:26] [SESSION 4] Saved 9 bids from page 93
[2026-02-16 17:15:28] [SESSION 4] Processing page 94
[2026-02-16 17:15:28] [SESSION 4] Saved 10 bids from page 94
[2026-02-16 17:15:30] [SESSION 4] Processing page 95
[2026-02-16 17:15:30] [SESSION 4] Saved 10 bids from page 95
[2026-02-16 17:15:32] [SESSION 4] Processing page 96
[2026-02-16 17:15:33] [SESSION 4] Saved 10 bids from page 96
[2026-02-16 17:15:35] [SESSION 4] Processing page 97
[2026-02-16 17:15:36] [SESSION 4] Saved 9 bids from page 97
[2026-02-16 17:15:38] [SESSION 4] Processing page 98
[2026-02-16 17:15:38] [SESSION 4] Saved 10 bids from page 98
[2026-02-16 17:15:39] [SESSION 4] Processing page 99
[2026-02-16 17:15:40] [SESSION 4] Saved 10 bids from page 99
[2026-02-16 17:15:41] [SESSION 4] Processing page 100
[2026-02-16 17:15:42] [SESSION 4] Saved 10 bids from page 100
[2026-02-16 17:15:43] [SESSION 4] Processing page 101
[2026-02-16 17:15:44] [SESSION 4] Saved 10 bids from page 101
[2026-02-16 17:15:46] [SESSION 4] Processing page 102
[2026-02-16 17:15:46] [SESSION 4] Saved 10 bids from page 102
[2026-02-16 17:15:47] [SESSION 4] Processing page 103
[2026-02-16 17:15:48] [SESSION 4] Saved 10 bids from page 103
[2026-02-16 17:15:49] [SESSION 4] Processing page 104
[2026-02-16 17:15:50] [SESSION 4] Saved 10 bids from page 104
[2026-02-16 17:15:51] [SESSION 4] Processing page 105
[2026-02-16 17:15:52] [SESSION 4] Saved 10 bids from page 105
[2026-02-16 17:15:53] [SESSION 4] Processing page 106
[2026-02-16 17:15:54] [SESSION 4] Saved 10 bids from page 106
[2026-02-16 17:15:55] [SESSION 4] Processing page 107
[2026-02-16 17:15:55] [SESSION 4] Saved 10 bids from page 107
[2026-02-16 17:15:57] [SESSION 4] Processing page 108
[2026-02-16 17:15:57] [SESSION 4] Saved 5 bids from page 108
[2026-02-16 17:15:59] [SESSION 4] Processing page 109
[2026-02-16 17:15:59] [SESSION 4] Saved 0 bids from page 109
[2026-02-16 17:15:59] [SESSION 4] Pagination completed safely.
[2026-02-16 17:16:00] [SESSION 4] Session completed: 5 new bids found, 109 pages processed
[2026-02-16 17:36:24] [SESSION 4] Starting scraper - Keyword: 'batter' | Output: gem_all_bids_session4.csv
[2026-02-16 17:36:40] [SESSION 4] Processing page 1
[2026-02-16 17:36:41] [SESSION 4] Saved 10 bids from page 1
[2026-02-16 17:36:43] [SESSION 4] Processing page 2
[2026-02-16 17:36:44] [SESSION 4] Saved 10 bids from page 2
[2026-02-16 17:36:45] [SESSION 4] Processing page 3
[2026-02-16 17:36:46] [SESSION 4] Saved 9 bids from page 3
[2026-02-16 17:36:48] [SESSION 4] Processing page 4
[2026-02-16 17:36:49] [SESSION 4] Saved 6 bids from page 4
[2026-02-16 17:36:51] [SESSION 4] Processing page 5
[2026-02-16 17:36:51] [SESSION 4] Saved 9 bids from page 5
[2026-02-16 17:36:53] [SESSION 4] Processing page 6
[2026-02-16 17:36:53] [SESSION 4] Saved 10 bids from page 6
[2026-02-16 17:36:55] [SESSION 4] Processing page 7
[2026-02-16 17:36:55] [SESSION 4] Saved 8 bids from page 7
[2026-02-16 17:36:57] [SESSION 4] Processing page 8
[2026-02-16 17:36:57] [SESSION 4] Saved 9 bids from page 8
[2026-02-16 17:36:59] [SESSION 4] Processing page 9
[2026-02-16 17:36:59] [SESSION 4] Saved 10 bids from page 9
[2026-02-16 17:37:01] [SESSION 4] Processing page 10
[2026-02-16 17:37:01] [SESSION 4] Saved 10 bids from page 10
[2026-02-16 17:37:03] [SESSION 4] Processing page 11
[2026-02-16 17:37:04] [SESSION 4] Saved 7 bids from page 11
[2026-02-16 17:37:05] [SESSION 4] Processing page 12
[2026-02-16 17:37:06] [SESSION 4] Saved 10 bids from page 12
[2026-02-16 17:37:07] [SESSION 4] Processing page 13
[2026-02-16 17:37:08] [SESSION 4] Saved 10 bids from page 13
[2026-02-16 17:37:09] [SESSION 4] Processing page 14
[2026-02-16 17:37:10] [SESSION 4] Saved 10 bids from page 14
[2026-02-16 17:37:11] [SESSION 4] Processing page 15
[2026-02-16 17:37:12] [SESSION 4] Saved 10 bids from page 15
[2026-02-16 17:37:13] [SESSION 4] Processing page 16
[2026-02-16 17:37:14] [SESSION 4] Saved 10 bids from page 16
[2026-02-16 17:37:15] [SESSION 4] Processing page 17
[2026-02-16 17:37:16] [SESSION 4] Saved 10 bids from page 17
[2026-02-16 17:37:17] [SESSION 4] Processing page 18
[2026-02-16 17:37:18] [SESSION 4] Saved 10 bids from page 18
[2026-02-16 17:37:20] [SESSION 4] Processing page 19
[2026-02-16 17:37:20] [SESSION 4] Saved 10 bids from page 19
[2026-02-16 17:37:22] [SESSION 4] Processing page 20
[2026-02-16 17:37:22] [SESSION 4] Saved 10 bids from page 20
[2026-02-16 17:37:24] [SESSION 4] Processing page 21
[2026-02-16 17:37:24] [SESSION 4] Saved 10 bids from page 21
[2026-02-16 17:37:26] [SESSION 4] Processing page 22
[2026-02-16 17:37:26] [SESSION 4] Saved 10 bids from page 22
[2026-02-16 17:37:28] [SESSION 4] Processing page 23
[2026-02-16 17:37:28] [SESSION 4] Saved 10 bids from page 23
[2026-02-16 17:37:30] [SESSION 4] Processing page 24
[2026-02-16 17:37:30] [SESSION 4] Saved 10 bids from page 24
[2026-02-16 17:37:32] [SESSION 4] Processing page 25
[2026-02-16 17:37:32] [SESSION 4] Saved 10 bids from page 25
[2026-02-16 17:37:34] [SESSION 4] Processing page 26
[2026-02-16 17:37:34] [SESSION 4] Saved 10 bids from page 26
[2026-02-16 17:37:36] [SESSION 4] Processing page 27
[2026-02-16 17:37:36] [SESSION 4] Saved 10 bids from page 27
[2026-02-16 17:37:38] [SESSION 4] Processing page 28
[2026-02-16 17:37:39] [SESSION 4] Saved 10 bids from page 28
[2026-02-16 17:37:40] [SESSION 4] Processing page 29
[2026-02-16 17:37:41] [SESSION 4] Saved 10 bids from page 29
[2026-02-16 17:37:42] [SESSION 4] Processing page 30
[2026-02-16 17:37:43] [SESSION 4] Saved 10 bids from page 30
[2026-02-16 17:37:44] [SESSION 4] Processing page 31
[2026-02-16 17:37:45] [SESSION 4] Saved 10 bids from page 31
[2026-02-16 17:37:47] [SESSION 4] Processing page 32
[2026-02-16 17:37:48] [SESSION 4] Saved 10 bids from page 32
[2026-02-16 17:37:49] [SESSION 4] Processing page 33
[2026-02-16 17:37:50] [SESSION 4] Saved 10 bids from page 33
[2026-02-16 17:37:52] [SESSION 4] Processing page 34
[2026-02-16 17:37:53] [SESSION 4] Saved 10 bids from page 34
[2026-02-16 17:37:55] [SESSION 4] Processing page 35
[2026-02-16 17:37:56] [SESSION 4] Saved 10 bids from page 35
[2026-02-16 17:37:57] [SESSION 4] Processing page 36
[2026-02-16 17:37:59] [SESSION 4] Saved 10 bids from page 36
[2026-02-16 17:38:01] [SESSION 4] Processing page 37
[2026-02-16 17:38:03] [SESSION 4] Saved 10 bids from page 37
[2026-02-16 17:38:05] [SESSION 4] Processing page 38
[2026-02-16 17:38:07] [SESSION 4] Saved 10 bids from page 38
[2026-02-16 17:38:09] [SESSION 4] Processing page 39
[2026-02-16 17:38:10] [SESSION 4] Saved 10 bids from page 39
[2026-02-16 17:38:11] [SESSION 4] Processing page 40
[2026-02-16 17:38:12] [SESSION 4] Saved 10 bids from page 40
[2026-02-16 17:38:14] [SESSION 4] Processing page 41
[2026-02-16 17:38:16] [SESSION 4] Saved 9 bids from page 41
[2026-02-16 17:38:18] [SESSION 4] Processing page 42
[2026-02-16 17:38:18] [SESSION 4] Saved 10 bids from page 42
[2026-02-16 17:38:20] [SESSION 4] Processing page 43
[2026-02-16 17:38:20] [SESSION 4] Saved 10 bids from page 43
[2026-02-16 17:38:22] [SESSION 4] Processing page 44
[2026-02-16 17:38:22] [SESSION 4] Saved 9 bids from page 44
[2026-02-16 17:38:24] [SESSION 4] Processing page 45
[2026-02-16 17:38:25] [SESSION 4] Saved 10 bids from page 45
[2026-02-16 17:38:26] [SESSION 4] Processing page 46
[2026-02-16 17:38:27] [SESSION 4] Saved 10 bids from page 46
[2026-02-16 17:38:28] [SESSION 4] Processing page 47
[2026-02-16 17:38:28] [SESSION 4] Saved 10 bids from page 47
[2026-02-16 17:38:30] [SESSION 4] Processing page 48
[2026-02-16 17:38:30] [SESSION 4] Saved 9 bids from page 48
[2026-02-16 17:38:32] [SESSION 4] Processing page 49
[2026-02-16 17:38:33] [SESSION 4] Saved 10 bids from page 49
[2026-02-16 17:38:34] [SESSION 4] Processing page 50
[2026-02-16 17:38:35] [SESSION 4] Saved 10 bids from page 50
[2026-02-16 17:38:36] [SESSION 4] Processing page 51
[2026-02-16 17:38:37] [SESSION 4] Saved 10 bids from page 51
[2026-02-16 17:38:38] [SESSION 4] Processing page 52
[2026-02-16 17:38:39] [SESSION 4] Saved 10 bids from page 52
[2026-02-16 17:38:40] [SESSION 4] Processing page 53
[2026-02-16 17:38:41] [SESSION 4] Saved 10 bids from page 53
[2026-02-16 17:38:42] [SESSION 4] Processing page 54
[2026-02-16 17:38:43] [SESSION 4] Saved 9 bids from page 54
[2026-02-16 17:38:44] [SESSION 4] Processing page 55
[2026-02-16 17:38:45] [SESSION 4] Saved 9 bids from page 55
[2026-02-16 17:38:47] [SESSION 4] Processing page 56
[2026-02-16 17:38:47] [SESSION 4] Saved 10 bids from page 56
[2026-02-16 17:38:49] [SESSION 4] Processing page 57
[2026-02-16 17:38:49] [SESSION 4] Saved 10 bids from page 57
[2026-02-16 17:38:51] [SESSION 4] Processing page 58
[2026-02-16 17:38:52] [SESSION 4] Saved 8 bids from page 58
[2026-02-16 17:38:53] [SESSION 4] Processing page 59
[2026-02-16 17:38:54] [SESSION 4] Saved 6 bids from page 59
[2026-02-16 17:38:55] [SESSION 4] Processing page 60
[2026-02-16 17:38:56] [SESSION 4] Saved 9 bids from page 60
[2026-02-16 17:38:57] [SESSION 4] Processing page 61
[2026-02-16 17:38:58] [SESSION 4] Saved 8 bids from page 61
[2026-02-16 17:38:59] [SESSION 4] Processing page 62
[2026-02-16 17:39:00] [SESSION 4] Saved 10 bids from page 62
[2026-02-16 17:39:01] [SESSION 4] Processing page 63
[2026-02-16 17:39:02] [SESSION 4] Saved 9 bids from page 63
[2026-02-16 17:39:04] [SESSION 4] Processing page 64
[2026-02-16 17:39:04] [SESSION 4] Saved 9 bids from page 64
[2026-02-16 17:39:06] [SESSION 4] Processing page 65
[2026-02-16 17:39:06] [SESSION 4] Saved 10 bids from page 65
[2026-02-16 17:39:08] [SESSION 4] Processing page 66
[2026-02-16 17:39:09] [SESSION 4] Saved 4 bids from page 66
[2026-02-16 17:39:11] [SESSION 4] Processing page 67
[2026-02-16 17:39:12] [SESSION 4] Saved 9 bids from page 67
[2026-02-16 17:39:13] [SESSION 4] Processing page 68
[2026-02-16 17:39:14] [SESSION 4] Saved 9 bids from page 68
[2026-02-16 17:39:16] [SESSION 4] Processing page 69
[2026-02-16 17:39:16] [SESSION 4] Saved 10 bids from page 69
[2026-02-16 17:39:18] [SESSION 4] Processing page 70
[2026-02-16 17:39:18] [SESSION 4] Saved 9 bids from page 70
[2026-02-16 17:39:20] [SESSION 4] Processing page 71
[2026-02-16 17:39:20] [SESSION 4] Saved 10 bids from page 71
[2026-02-16 17:39:22] [SESSION 4] Processing page 72
[2026-02-16 17:39:22] [SESSION 4] Saved 10 bids from page 72
[2026-02-16 17:39:24] [SESSION 4] Processing page 73
[2026-02-16 17:39:25] [SESSION 4] Saved 10 bids from page 73
[2026-02-16 17:39:26] [SESSION 4] Processing page 74
[2026-02-16 17:39:28] [SESSION 4] Saved 10 bids from page 74
[2026-02-16 17:39:30] [SESSION 4] Processing page 75
[2026-02-16 17:39:31] [SESSION 4] Saved 10 bids from page 75
[2026-02-16 17:39:33] [SESSION 4] Processing page 76
[2026-02-16 17:39:34] [SESSION 4] Saved 10 bids from page 76
[2026-02-16 17:39:36] [SESSION 4] Processing page 77
[2026-02-16 17:39:37] [SESSION 4] Saved 10 bids from page 77
[2026-02-16 17:39:38] [SESSION 4] Processing page 78
[2026-02-16 17:39:40] [SESSION 4] Saved 9 bids from page 78
[2026-02-16 17:39:43] [SESSION 4] Processing page 79
[2026-02-16 17:39:44] [SESSION 4] Saved 10 bids from page 79
[2026-02-16 17:39:46] [SESSION 4] Processing page 80
[2026-02-16 17:39:47] [SESSION 4] Saved 10 bids from page 80
[2026-02-16 17:39:49] [SESSION 4] Processing page 81
[2026-02-16 17:39:50] [SESSION 4] Saved 10 bids from page 81
[2026-02-16 17:39:52] [SESSION 4] Processing page 82
[2026-02-16 17:39:53] [SESSION 4] Saved 10 bids from page 82
[2026-02-16 17:39:54] [SESSION 4] Processing page 83
[2026-02-16 17:39:55] [SESSION 4] Saved 9 bids from page 83
[2026-02-16 17:39:57] [SESSION 4] Processing page 84
[2026-02-16 17:39:57] [SESSION 4] Saved 10 bids from page 84
[2026-02-16 17:39:59] [SESSION 4] Processing page 85
[2026-02-16 17:39:59] [SESSION 4] Saved 8 bids from page 85
[2026-02-16 17:40:01] [SESSION 4] Processing page 86
[2026-02-16 17:40:01] [SESSION 4] Saved 10 bids from page 86
[2026-02-16 17:40:03] [SESSION 4] Processing page 87
[2026-02-16 17:40:03] [SESSION 4] Saved 9 bids from page 87
[2026-02-16 17:40:05] [SESSION 4] Processing page 88
[2026-02-16 17:40:06] [SESSION 4] Saved 9 bids from page 88
[2026-02-16 17:40:07] [SESSION 4] Processing page 89
[2026-02-16 17:40:08] [SESSION 4] Saved 9 bids from page 89
[2026-02-16 17:40:09] [SESSION 4] Processing page 90
[2026-02-16 17:40:10] [SESSION 4] Saved 10 bids from page 90
[2026-02-16 17:40:11] [SESSION 4] Processing page 91
[2026-02-16 17:40:12] [SESSION 4] Saved 10 bids from page 91
[2026-02-16 17:40:13] [SESSION 4] Processing page 92
[2026-02-16 17:40:14] [SESSION 4] Saved 10 bids from page 92
[2026-02-16 17:40:16] [SESSION 4] Processing page 93
[2026-02-16 17:40:16] [SESSION 4] Saved 10 bids from page 93
[2026-02-16 17:40:18] [SESSION 4] Processing page 94
[2026-02-16 17:40:18] [SESSION 4] Saved 9 bids from page 94
[2026-02-16 17:40:20] [SESSION 4] Processing page 95
[2026-02-16 17:40:21] [SESSION 4] Saved 10 bids from page 95
[2026-02-16 17:40:22] [SESSION 4] Processing page 96
[2026-02-16 17:40:23] [SESSION 4] Saved 10 bids from page 96
[2026-02-16 17:40:24] [SESSION 4] Processing page 97
[2026-02-16 17:40:25] [SESSION 4] Saved 10 bids from page 97
[2026-02-16 17:40:27] [SESSION 4] Processing page 98
[2026-02-16 17:40:28] [SESSION 4] Saved 8 bids from page 98
[2026-02-16 17:40:29] [SESSION 4] Processing page 99
[2026-02-16 17:40:30] [SESSION 4] Saved 10 bids from page 99
[2026-02-16 17:40:31] [SESSION 4] Processing page 100
[2026-02-16 17:40:32] [SESSION 4] Saved 10 bids from page 100
[2026-02-16 17:40:33] [SESSION 4] Processing page 101
[2026-02-16 17:40:34] [SESSION 4] Saved 10 bids from page 101
[2026-02-16 17:40:35] [SESSION 4] Processing page 102
[2026-02-16 17:40:36] [SESSION 4] Saved 10 bids from page 102
[2026-02-16 17:40:37] [SESSION 4] Processing page 103
[2026-02-16 17:40:38] [SESSION 4] Saved 10 bids from page 103
[2026-02-16 17:40:39] [SESSION 4] Processing page 104
[2026-02-16 17:40:40] [SESSION 4] Saved 10 bids from page 104
[2026-02-16 17:40:41] [SESSION 4] Processing page 105
[2026-02-16 17:40:42] [SESSION 4] Saved 9 bids from page 105
[2026-02-16 17:40:43] [SESSION 4] Processing page 106
[2026-02-16 17:40:44] [SESSION 4] Saved 10 bids from page 106
[2026-02-16 17:40:45] [SESSION 4] Processing page 107
[2026-02-16 17:40:45] [SESSION 4] Saved 10 bids from page 107
[2026-02-16 17:40:47] [SESSION 4] Processing page 108
[2026-02-16 17:40:47] [SESSION 4] Saved 7 bids from page 108
[2026-02-16 17:40:49] [SESSION 4] Processing page 109
[2026-02-16 17:40:50] [SESSION 4] Saved 0 bids from page 109
[2026-02-16 17:40:50] [SESSION 4] Pagination completed safely.
[2026-02-16 17:40:50] [SESSION 4] Session completed: 2 new bids found, 109 pages processed
[2026-02-16 17:54:33] [SESSION 4] Starting scraper - Keyword: 'batter' | Output: gem_all_bids_session4.csv
[2026-02-16 17:54:44] [SESSION 4] Processing page 1
[2026-02-16 17:54:47] [SESSION 4] Saved 10 bids from page 1
[2026-02-16 17:54:49] [SESSION 4] Processing page 2
[2026-02-16 17:54:49] [SESSION 4] Saved 5 bids from page 2
[2026-02-16 17:54:51] [SESSION 4] Processing page 3
[2026-02-16 17:54:52] [SESSION 4] Saved 9 bids from page 3
[2026-02-16 17:54:53] [SESSION 4] Processing page 4
[2026-02-16 17:54:54] [SESSION 4] Saved 8 bids from page 4
[2026-02-16 17:54:56] [SESSION 4] Processing page 5
[2026-02-16 17:54:57] [SESSION 4] Saved 6 bids from page 5
[2026-02-16 17:54:58] [SESSION 4] Processing page 6
[2026-02-16 17:54:59] [SESSION 4] Saved 9 bids from page 6
[2026-02-16 17:55:01] [SESSION 4] Processing page 7
[2026-02-16 17:55:01] [SESSION 4] Saved 8 bids from page 7
[2026-02-16 17:55:03] [SESSION 4] Processing page 8
[2026-02-16 17:55:04] [SESSION 4] Saved 10 bids from page 8
[2026-02-16 17:55:05] [SESSION 4] Processing page 9
[2026-02-16 17:55:06] [SESSION 4] Saved 10 bids from page 9
[2026-02-16 17:55:07] [SESSION 4] Processing page 10
[2026-02-16 17:55:08] [SESSION 4] Saved 10 bids from page 10
[2026-02-16 17:55:10] [SESSION 4] Processing page 11
[2026-02-16 17:55:10] [SESSION 4] Saved 10 bids from page 11
[2026-02-16 17:55:12] [SESSION 4] Processing page 12
[2026-02-16 17:55:12] [SESSION 4] Saved 10 bids from page 12
[2026-02-16 17:55:14] [SESSION 4] Processing page 13
[2026-02-16 17:55:15] [SESSION 4] Saved 10 bids from page 13
[2026-02-16 17:55:16] [SESSION 4] Processing page 14
[2026-02-16 17:55:17] [SESSION 4] Saved 10 bids from page 14
[2026-02-16 17:55:18] [SESSION 4] Processing page 15
[2026-02-16 17:55:19] [SESSION 4] Saved 10 bids from page 15
[2026-02-16 17:55:21] [SESSION 4] Processing page 16
[2026-02-16 17:55:22] [SESSION 4] Saved 9 bids from page 16
[2026-02-16 17:55:23] [SESSION 4] Processing page 17
[2026-02-16 17:55:24] [SESSION 4] Saved 10 bids from page 17
[2026-02-16 17:55:26] [SESSION 4] Processing page 18
[2026-02-16 17:55:26] [SESSION 4] Saved 10 bids from page 18
[2026-02-16 17:55:28] [SESSION 4] Processing page 19
[2026-02-16 17:55:28] [SESSION 4] Saved 9 bids from page 19
[2026-02-16 17:55:30] [SESSION 4] Processing page 20
[2026-02-16 17:55:30] [SESSION 4] Saved 9 bids from page 20
[2026-02-16 17:55:32] [SESSION 4] Processing page 21
[2026-02-16 17:55:32] [SESSION 4] Saved 10 bids from page 21
[2026-02-16 17:55:34] [SESSION 4] Processing page 22
[2026-02-16 17:55:35] [SESSION 4] Saved 10 bids from page 22
[2026-02-16 17:55:36] [SESSION 4] Processing page 23
[2026-02-16 17:55:37] [SESSION 4] Saved 9 bids from page 23
[2026-02-16 17:55:39] [SESSION 4] Processing page 24
[2026-02-16 17:55:39] [SESSION 4] Saved 10 bids from page 24
[2026-02-16 17:55:41] [SESSION 4] Processing page 25
[2026-02-16 17:55:42] [SESSION 4] Saved 9 bids from page 25
[2026-02-16 17:55:43] [SESSION 4] Processing page 26
[2026-02-16 17:55:44] [SESSION 4] Saved 9 bids from page 26
[2026-02-16 17:55:45] [SESSION 4] Processing page 27
[2026-02-16 17:55:46] [SESSION 4] Saved 10 bids from page 27
[2026-02-16 17:55:48] [SESSION 4] Processing page 28
[2026-02-16 17:55:48] [SESSION 4] Saved 10 bids from page 28
[2026-02-16 17:55:50] [SESSION 4] Processing page 29
[2026-02-16 17:55:50] [SESSION 4] Saved 10 bids from page 29
[2026-02-16 17:55:52] [SESSION 4] Processing page 30
[2026-02-16 17:55:53] [SESSION 4] Saved 10 bids from page 30
[2026-02-16 17:55:54] [SESSION 4] Processing page 31
[2026-02-16 17:55:55] [SESSION 4] Saved 10 bids from page 31
[2026-02-16 17:55:56] [SESSION 4] Processing page 32
[2026-02-16 17:55:57] [SESSION 4] Saved 10 bids from page 32
[2026-02-16 17:55:58] [SESSION 4] Processing page 33
[2026-02-16 17:55:59] [SESSION 4] Saved 10 bids from page 33
[2026-02-16 17:56:01] [SESSION 4] Processing page 34
[2026-02-16 17:56:02] [SESSION 4] Saved 10 bids from page 34
[2026-02-16 17:56:03] [SESSION 4] Processing page 35
[2026-02-16 17:56:04] [SESSION 4] Saved 9 bids from page 35
[2026-02-16 17:56:06] [SESSION 4] Processing page 36
[2026-02-16 17:56:07] [SESSION 4] Saved 10 bids from page 36
[2026-02-16 17:56:09] [SESSION 4] Processing page 37
[2026-02-16 17:56:09] [SESSION 4] Saved 10 bids from page 37
[2026-02-16 17:56:11] [SESSION 4] Processing page 38
[2026-02-16 17:56:12] [SESSION 4] Saved 9 bids from page 38
[2026-02-16 17:56:14] [SESSION 4] Processing page 39
[2026-02-16 17:56:14] [SESSION 4] Saved 10 bids from page 39
[2026-02-16 17:56:16] [SESSION 4] Processing page 40
[2026-02-16 17:56:16] [SESSION 4] Saved 10 bids from page 40
[2026-02-16 17:56:18] [SESSION 4] Processing page 41
[2026-02-16 17:56:19] [SESSION 4] Saved 10 bids from page 41
[2026-02-16 17:56:20] [SESSION 4] Processing page 42
[2026-02-16 17:56:21] [SESSION 4] Saved 10 bids from page 42
[2026-02-16 17:56:23] [SESSION 4] Processing page 43
[2026-02-16 17:56:23] [SESSION 4] Saved 10 bids from page 43
[2026-02-16 17:56:25] [SESSION 4] Processing page 44
[2026-02-16 17:56:25] [SESSION 4] Saved 10 bids from page 44
[2026-02-16 17:57:27] [SESSION 4] Pagination stalled. Retrying.
[2026-02-16 17:57:27] [SESSION 4] Processing page 45
[2026-02-16 17:57:28] [SESSION 4] Saved 9 bids from page 45
[2026-02-16 17:57:30] [SESSION 4] Processing page 46
[2026-02-16 17:57:30] [SESSION 4] Saved 10 bids from page 46
[2026-02-16 17:57:32] [SESSION 4] Processing page 47
[2026-02-16 17:57:33] [SESSION 4] Saved 10 bids from page 47
[2026-02-16 17:57:35] [SESSION 4] Processing page 48
[2026-02-16 17:57:35] [SESSION 4] Saved 9 bids from page 48
[2026-02-16 17:57:37] [SESSION 4] Processing page 49
[2026-02-16 17:57:37] [SESSION 4] Saved 10 bids from page 49
[2026-02-16 17:57:39] [SESSION 4] Processing page 50
[2026-02-16 17:57:39] [SESSION 4] Saved 10 bids from page 50
[2026-02-16 17:57:41] [SESSION 4] Processing page 51
[2026-02-16 17:57:42] [SESSION 4] Saved 10 bids from page 51
[2026-02-16 17:57:43] [SESSION 4] Processing page 52
[2026-02-16 17:57:44] [SESSION 4] Saved 10 bids from page 52
[2026-02-16 17:57:46] [SESSION 4] Processing page 53
[2026-02-16 17:57:46] [SESSION 4] Saved 10 bids from page 53
[2026-02-16 17:57:48] [SESSION 4] Processing page 54
[2026-02-16 17:57:48] [SESSION 4] Saved 10 bids from page 54
[2026-02-16 17:57:50] [SESSION 4] Processing page 55
[2026-02-16 17:57:51] [SESSION 4] Saved 10 bids from page 55
[2026-02-16 17:57:52] [SESSION 4] Processing page 56
[2026-02-16 17:57:53] [SESSION 4] Saved 10 bids from page 56
[2026-02-16 17:57:55] [SESSION 4] Processing page 57
[2026-02-16 17:57:56] [SESSION 4] Saved 10 bids from page 57
[2026-02-16 17:57:57] [SESSION 4] Processing page 58
[2026-02-16 17:57:58] [SESSION 4] Saved 10 bids from page 58
[2026-02-16 17:58:00] [SESSION 4] Processing page 59
[2026-02-16 17:58:00] [SESSION 4] Saved 8 bids from page 59
[2026-02-16 17:58:02] [SESSION 4] Processing page 60
[2026-02-16 17:58:02] [SESSION 4] Saved 8 bids from page 60
[2026-02-16 17:58:04] [SESSION 4] Processing page 61
[2026-02-16 17:58:04] [SESSION 4] Saved 10 bids from page 61
[2026-02-16 17:58:06] [SESSION 4] Processing page 62
[2026-02-16 17:58:07] [SESSION 4] Saved 10 bids from page 62
[2026-02-16 17:58:08] [SESSION 4] Processing page 63
[2026-02-16 17:58:09] [SESSION 4] Saved 9 bids from page 63
[2026-02-16 17:58:11] [SESSION 4] Processing page 64
[2026-02-16 17:58:11] [SESSION 4] Saved 10 bids from page 64
[2026-02-16 17:58:13] [SESSION 4] Processing page 65
[2026-02-16 17:58:14] [SESSION 4] Saved 10 bids from page 65
[2026-02-16 17:58:15] [SESSION 4] Processing page 66
[2026-02-16 17:58:16] [SESSION 4] Saved 10 bids from page 66
[2026-02-16 17:58:17] [SESSION 4] Processing page 67
[2026-02-16 17:58:19] [SESSION 4] Saved 6 bids from page 67
[2026-02-16 17:58:20] [SESSION 4] Processing page 68
[2026-02-16 17:58:21] [SESSION 4] Saved 10 bids from page 68
[2026-02-16 17:58:23] [SESSION 4] Processing page 69
[2026-02-16 17:58:24] [SESSION 4] Saved 9 bids from page 69
[2026-02-16 17:58:25] [SESSION 4] Processing page 70
[2026-02-16 17:58:26] [SESSION 4] Saved 9 bids from page 70
[2026-02-16 17:58:27] [SESSION 4] Processing page 71
[2026-02-16 17:58:28] [SESSION 4] Saved 10 bids from page 71
[2026-02-16 17:58:30] [SESSION 4] Processing page 72
[2026-02-16 17:58:30] [SESSION 4] Saved 10 bids from page 72
[2026-02-16 17:58:32] [SESSION 4] Processing page 73
[2026-02-16 17:58:32] [SESSION 4] Saved 10 bids from page 73
[2026-02-16 17:58:34] [SESSION 4] Processing page 74
[2026-02-16 17:58:34] [SESSION 4] Saved 10 bids from page 74
[2026-02-16 17:58:36] [SESSION 4] Processing page 75
[2026-02-16 17:58:37] [SESSION 4] Saved 10 bids from page 75
[2026-02-16 17:58:38] [SESSION 4] Processing page 76
[2026-02-16 17:58:38] [SESSION 4] Saved 8 bids from page 76
[2026-02-16 17:58:40] [SESSION 4] Processing page 77
[2026-02-16 17:58:41] [SESSION 4] Saved 10 bids from page 77
[2026-02-16 17:58:42] [SESSION 4] Processing page 78
[2026-02-16 17:58:43] [SESSION 4] Saved 9 bids from page 78
[2026-02-16 17:58:44] [SESSION 4] Processing page 79
[2026-02-16 17:58:45] [SESSION 4] Saved 10 bids from page 79
[2026-02-16 17:58:46] [SESSION 4] Processing page 80
[2026-02-16 17:58:46] [SESSION 4] Saved 10 bids from page 80
[2026-02-16 17:58:48] [SESSION 4] Processing page 81
[2026-02-16 17:58:48] [SESSION 4] Saved 10 bids from page 81
[2026-02-16 17:58:50] [SESSION 4] Processing page 82
[2026-02-16 17:58:50] [SESSION 4] Saved 10 bids from page 82
[2026-02-16 17:58:52] [SESSION 4] Processing page 83
[2026-02-16 17:58:53] [SESSION 4] Saved 7 bids from page 83
[2026-02-16 17:58:54] [SESSION 4] Processing page 84
[2026-02-16 17:58:54] [SESSION 4] Saved 10 bids from page 84
[2026-02-16 17:58:56] [SESSION 4] Processing page 85
[2026-02-16 17:58:56] [SESSION 4] Saved 10 bids from page 85
[2026-02-16 17:58:58] [SESSION 4] Processing page 86
[2026-02-16 17:58:58] [SESSION 4] Saved 9 bids from page 86
[2026-02-16 17:59:00] [SESSION 4] Processing page 87
[2026-02-16 17:59:00] [SESSION 4] Saved 10 bids from page 87
[2026-02-16 17:59:02] [SESSION 4] Processing page 88
[2026-02-16 17:59:02] [SESSION 4] Saved 10 bids from page 88
[2026-02-16 17:59:04] [SESSION 4] Processing page 89
[2026-02-16 17:59:04] [SESSION 4] Saved 10 bids from page 89
[2026-02-16 17:59:06] [SESSION 4] Processing page 90
[2026-02-16 17:59:06] [SESSION 4] Saved 10 bids from page 90
[2026-02-16 17:59:08] [SESSION 4] Processing page 91
[2026-02-16 17:59:08] [SESSION 4] Saved 9 bids from page 91
[2026-02-16 17:59:10] [SESSION 4] Processing page 92
[2026-02-16 17:59:10] [SESSION 4] Saved 8 bids from page 92
[2026-02-16 17:59:12] [SESSION 4] Processing page 93
[2026-02-16 17:59:12] [SESSION 4] Saved 10 bids from page 93
[2026-02-16 17:59:14] [SESSION 4] Processing page 94
[2026-02-16 17:59:14] [SESSION 4] Saved 10 bids from page 94
[2026-02-16 17:59:16] [SESSION 4] Processing page 95
[2026-02-16 17:59:16] [SESSION 4] Saved 10 bids from page 95
[2026-02-16 17:59:18] [SESSION 4] Processing page 96
[2026-02-16 17:59:18] [SESSION 4] Saved 10 bids from page 96
[2026-02-16 17:59:20] [SESSION 4] Processing page 97
[2026-02-16 17:59:20] [SESSION 4] Saved 9 bids from page 97
[2026-02-16 17:59:22] [SESSION 4] Processing page 98
[2026-02-16 17:59:22] [SESSION 4] Saved 9 bids from page 98
[2026-02-16 17:59:24] [SESSION 4] Processing page 99
[2026-02-16 17:59:24] [SESSION 4] Saved 10 bids from page 99
[2026-02-16 17:59:26] [SESSION 4] Processing page 100
[2026-02-16 17:59:26] [SESSION 4] Saved 9 bids from page 100
[2026-02-16 17:59:28] [SESSION 4] Processing page 101
[2026-02-16 17:59:28] [SESSION 4] Saved 10 bids from page 101
[2026-02-16 17:59:30] [SESSION 4] Processing page 102
[2026-02-16 17:59:30] [SESSION 4] Saved 10 bids from page 102
[2026-02-16 17:59:32] [SESSION 4] Processing page 103
[2026-02-16 17:59:32] [SESSION 4] Saved 10 bids from page 103
[2026-02-16 17:59:34] [SESSION 4] Processing page 104
[2026-02-16 17:59:34] [SESSION 4] Saved 10 bids from page 104
[2026-02-16 17:59:36] [SESSION 4] Processing page 105
[2026-02-16 17:59:36] [SESSION 4] Saved 10 bids from page 105
[2026-02-16 17:59:37] [SESSION 4] Processing page 106
[2026-02-16 17:59:38] [SESSION 4] Saved 10 bids from page 106
[2026-02-16 17:59:39] [SESSION 4] Processing page 107
[2026-02-16 17:59:40] [SESSION 4] Saved 2 bids from page 107
[2026-02-16 17:59:42] [SESSION 4] Processing page 108
[2026-02-16 17:59:42] [SESSION 4] Saved 0 bids from page 108
[2026-02-16 17:59:42] [SESSION 4] Pagination completed safely.
[2026-02-16 17:59:42] [SESSION 4] Session completed: 7 new bids found, 108 pages processed
[2026-02-16 18:26:07] [SESSION 4] Starting scraper - Keyword: 'batter' | Output: gem_all_bids_session4.csv
[2026-02-16 18:26:17] [SESSION 4] Processing page 1
[2026-02-16 18:26:18] [SESSION 4] Saved 10 bids from page 1
[2026-02-16 18:26:20] [SESSION 4] Processing page 2
[2026-02-16 18:26:21] [SESSION 4] Saved 7 bids from page 2
[2026-02-16 18:26:23] [SESSION 4] Processing page 3
[2026-02-16 18:26:24] [SESSION 4] Saved 10 bids from page 3
[2026-02-16 18:26:25] [SESSION 4] Processing page 4
[2026-02-16 18:26:26] [SESSION 4] Saved 10 bids from page 4
[2026-02-16 18:26:28] [SESSION 4] Processing page 5
[2026-02-16 18:26:28] [SESSION 4] Saved 8 bids from page 5
[2026-02-16 18:26:30] [SESSION 4] Processing page 6
[2026-02-16 18:26:31] [SESSION 4] Saved 10 bids from page 6
[2026-02-16 18:26:32] [SESSION 4] Processing page 7
[2026-02-16 18:26:33] [SESSION 4] Saved 10 bids from page 7
[2026-02-16 18:26:35] [SESSION 4] Processing page 8
[2026-02-16 18:26:35] [SESSION 4] Saved 10 bids from page 8
[2026-02-16 18:26:37] [SESSION 4] Processing page 9
[2026-02-16 18:26:38] [SESSION 4] Saved 10 bids from page 9
[2026-02-16 18:26:39] [SESSION 4] Processing page 10
[2026-02-16 18:26:40] [SESSION 4] Saved 10 bids from page 10
[2026-02-16 18:26:41] [SESSION 4] Processing page 11
[2026-02-16 18:26:42] [SESSION 4] Saved 10 bids from page 11
[2026-02-16 18:26:44] [SESSION 4] Processing page 12
[2026-02-16 18:26:45] [SESSION 4] Saved 10 bids from page 12
[2026-02-16 18:26:46] [SESSION 4] Processing page 13
[2026-02-16 18:26:47] [SESSION 4] Saved 9 bids from page 13
[2026-02-16 18:26:49] [SESSION 4] Processing page 14
[2026-02-16 18:26:49] [SESSION 4] Saved 10 bids from page 14
[2026-02-16 18:26:51] [SESSION 4] Processing page 15
[2026-02-16 18:26:51] [SESSION 4] Saved 10 bids from page 15
[2026-02-16 18:26:53] [SESSION 4] Processing page 16
[2026-02-16 18:26:53] [SESSION 4] Saved 10 bids from page 16
[2026-02-16 18:26:55] [SESSION 4] Processing page 17
[2026-02-16 18:26:55] [SESSION 4] Saved 9 bids from page 17
[2026-02-16 18:26:57] [SESSION 4] Processing page 18
[2026-02-16 18:26:58] [SESSION 4] Saved 9 bids from page 18
[2026-02-16 18:26:59] [SESSION 4] Processing page 19
[2026-02-16 18:27:00] [SESSION 4] Saved 9 bids from page 19
[2026-02-16 18:27:02] [SESSION 4] Processing page 20
[2026-02-16 18:27:02] [SESSION 4] Saved 9 bids from page 20
[2026-02-16 18:27:04] [SESSION 4] Processing page 21
[2026-02-16 18:27:04] [SESSION 4] Saved 10 bids from page 21
[2026-02-16 18:27:06] [SESSION 4] Processing page 22
[2026-02-16 18:27:07] [SESSION 4] Saved 10 bids from page 22
[2026-02-16 18:27:08] [SESSION 4] Processing page 23
[2026-02-16 18:27:09] [SESSION 4] Saved 10 bids from page 23
[2026-02-16 18:27:10] [SESSION 4] Processing page 24
[2026-02-16 18:27:11] [SESSION 4] Saved 10 bids from page 24
[2026-02-16 18:27:12] [SESSION 4] Processing page 25
[2026-02-16 18:27:13] [SESSION 4] Saved 10 bids from page 25
[2026-02-16 18:27:14] [SESSION 4] Processing page 26
[2026-02-16 18:27:15] [SESSION 4] Saved 10 bids from page 26
[2026-02-16 18:27:17] [SESSION 4] Processing page 27
[2026-02-16 18:27:17] [SESSION 4] Saved 10 bids from page 27
[2026-02-16 18:27:19] [SESSION 4] Processing page 28
[2026-02-16 18:27:19] [SESSION 4] Saved 10 bids from page 28
[2026-02-16 18:27:21] [SESSION 4] Processing page 29
[2026-02-16 18:27:21] [SESSION 4] Saved 10 bids from page 29
[2026-02-16 18:27:23] [SESSION 4] Processing page 30
[2026-02-16 18:27:23] [SESSION 4] Saved 10 bids from page 30
[2026-02-16 18:27:25] [SESSION 4] Processing page 31
[2026-02-16 18:27:26] [SESSION 4] Saved 10 bids from page 31
[2026-02-16 18:27:27] [SESSION 4] Processing page 32
[2026-02-16 18:27:28] [SESSION 4] Saved 10 bids from page 32
[2026-02-16 18:27:30] [SESSION 4] Processing page 33
[2026-02-16 18:27:30] [SESSION 4] Saved 10 bids from page 33
[2026-02-16 18:27:32] [SESSION 4] Processing page 34
[2026-02-16 18:27:32] [SESSION 4] Saved 9 bids from page 34
[2026-02-16 18:27:34] [SESSION 4] Processing page 35
[2026-02-16 18:27:35] [SESSION 4] Saved 10 bids from page 35
[2026-02-16 18:27:36] [SESSION 4] Processing page 36
[2026-02-16 18:27:37] [SESSION 4] Saved 8 bids from page 36
[2026-02-16 18:27:39] [SESSION 4] Processing page 37
[2026-02-16 18:27:39] [SESSION 4] Saved 10 bids from page 37
[2026-02-16 18:27:41] [SESSION 4] Processing page 38
[2026-02-16 18:27:42] [SESSION 4] Saved 9 bids from page 38
[2026-02-16 18:27:44] [SESSION 4] Processing page 39
[2026-02-16 18:27:44] [SESSION 4] Saved 10 bids from page 39
[2026-02-16 18:27:46] [SESSION 4] Processing page 40
[2026-02-16 18:27:47] [SESSION 4] Saved 10 bids from page 40
[2026-02-16 18:27:49] [SESSION 4] Processing page 41
[2026-02-16 18:27:49] [SESSION 4] Saved 10 bids from page 41
[2026-02-16 18:27:51] [SESSION 4] Processing page 42
[2026-02-16 18:27:52] [SESSION 4] Saved 9 bids from page 42
[2026-02-16 18:27:54] [SESSION 4] Processing page 43
[2026-02-16 18:27:54] [SESSION 4] Saved 10 bids from page 43
[2026-02-16 18:27:56] [SESSION 4] Processing page 44
[2026-02-16 18:27:57] [SESSION 4] Saved 9 bids from page 44
[2026-02-16 18:27:58] [SESSION 4] Processing page 45
[2026-02-16 18:27:59] [SESSION 4] Saved 10 bids from page 45
[2026-02-16 18:28:01] [SESSION 4] Processing page 46
[2026-02-16 18:28:01] [SESSION 4] Saved 9 bids from page 46
[2026-02-16 18:28:04] [SESSION 4] Processing page 47
[2026-02-16 18:28:04] [SESSION 4] Saved 10 bids from page 47
[2026-02-16 18:28:06] [SESSION 4] Processing page 48
[2026-02-16 18:28:07] [SESSION 4] Saved 10 bids from page 48
[2026-02-16 18:28:08] [SESSION 4] Processing page 49
[2026-02-16 18:28:09] [SESSION 4] Saved 9 bids from page 49
[2026-02-16 18:28:11] [SESSION 4] Processing page 50
[2026-02-16 18:28:11] [SESSION 4] Saved 10 bids from page 50
[2026-02-16 18:28:13] [SESSION 4] Processing page 51
[2026-02-16 18:28:14] [SESSION 4] Saved 10 bids from page 51
[2026-02-16 18:28:16] [SESSION 4] Processing page 52
[2026-02-16 18:28:16] [SESSION 4] Saved 9 bids from page 52
[2026-02-16 18:28:18] [SESSION 4] Processing page 53
[2026-02-16 18:28:18] [SESSION 4] Saved 8 bids from page 53
[2026-02-16 18:28:21] [SESSION 4] Processing page 54
[2026-02-16 18:28:22] [SESSION 4] Saved 9 bids from page 54
[2026-02-16 18:28:23] [SESSION 4] Processing page 55
[2026-02-16 18:28:24] [SESSION 4] Saved 10 bids from page 55
[2026-02-16 18:28:26] [SESSION 4] Processing page 56
[2026-02-16 18:28:27] [SESSION 4] Saved 8 bids from page 56
[2026-02-16 18:28:29] [SESSION 4] Processing page 57
[2026-02-16 18:28:29] [SESSION 4] Saved 9 bids from page 57
[2026-02-16 18:28:31] [SESSION 4] Processing page 58
[2026-02-16 18:28:31] [SESSION 4] Saved 10 bids from page 58
[2026-02-16 18:28:33] [SESSION 4] Processing page 59
[2026-02-16 18:28:34] [SESSION 4] Saved 9 bids from page 59
[2026-02-16 18:28:35] [SESSION 4] Processing page 60
[2026-02-16 18:28:36] [SESSION 4] Saved 9 bids from page 60
[2026-02-16 18:28:37] [SESSION 4] Processing page 61
[2026-02-16 18:28:38] [SESSION 4] Saved 9 bids from page 61
[2026-02-16 18:28:40] [SESSION 4] Processing page 62
[2026-02-16 18:28:40] [SESSION 4] Saved 10 bids from page 62
[2026-02-16 18:28:42] [SESSION 4] Processing page 63
[2026-02-16 18:28:42] [SESSION 4] Saved 10 bids from page 63
[2026-02-16 18:28:44] [SESSION 4] Processing page 64
[2026-02-16 18:28:44] [SESSION 4] Saved 6 bids from page 64
[2026-02-16 18:28:46] [SESSION 4] Processing page 65
[2026-02-16 18:28:47] [SESSION 4] Saved 10 bids from page 65
[2026-02-16 18:28:48] [SESSION 4] Processing page 66
[2026-02-16 18:28:49] [SESSION 4] Saved 10 bids from page 66
[2026-02-16 18:28:50] [SESSION 4] Processing page 67
[2026-02-16 18:28:51] [SESSION 4] Saved 10 bids from page 67
[2026-02-16 18:28:53] [SESSION 4] Processing page 68
[2026-02-16 18:28:53] [SESSION 4] Saved 9 bids from page 68
[2026-02-16 18:28:55] [SESSION 4] Processing page 69
[2026-02-16 18:28:55] [SESSION 4] Saved 10 bids from page 69
[2026-02-16 18:28:57] [SESSION 4] Processing page 70
[2026-02-16 18:28:57] [SESSION 4] Saved 9 bids from page 70
[2026-02-16 18:28:59] [SESSION 4] Processing page 71
[2026-02-16 18:28:59] [SESSION 4] Saved 10 bids from page 71
[2026-02-16 18:29:01] [SESSION 4] Processing page 72
[2026-02-16 18:29:01] [SESSION 4] Saved 10 bids from page 72
[2026-02-16 18:29:03] [SESSION 4] Processing page 73
[2026-02-16 18:29:04] [SESSION 4] Saved 10 bids from page 73
[2026-02-16 18:29:07] [SESSION 4] Processing page 74
[2026-02-16 18:29:08] [SESSION 4] Saved 10 bids from page 74
[2026-02-16 18:29:11] [SESSION 4] Processing page 75
[2026-02-16 18:29:12] [SESSION 4] Saved 10 bids from page 75
[2026-02-16 18:29:16] [SESSION 4] Processing page 76
[2026-02-16 18:29:16] [SESSION 4] Saved 10 bids from page 76
[2026-02-16 18:29:19] [SESSION 4] Processing page 77
[2026-02-16 18:29:19] [SESSION 4] Saved 10 bids from page 77
[2026-02-16 18:29:22] [SESSION 4] Processing page 78
[2026-02-16 18:29:23] [SESSION 4] Saved 9 bids from page 78
[2026-02-16 18:29:25] [SESSION 4] Processing page 79
[2026-02-16 18:29:25] [SESSION 4] Saved 10 bids from page 79
[2026-02-16 18:29:28] [SESSION 4] Processing page 80
[2026-02-16 18:29:29] [SESSION 4] Saved 10 bids from page 80
[2026-02-16 18:29:32] [SESSION 4] Processing page 81
[2026-02-16 18:29:32] [SESSION 4] Saved 10 bids from page 81
[2026-02-16 18:29:35] [SESSION 4] Processing page 82
[2026-02-16 18:29:35] [SESSION 4] Saved 10 bids from page 82
[2026-02-16 18:29:38] [SESSION 4] Processing page 83
[2026-02-16 18:29:39] [SESSION 4] Saved 10 bids from page 83
[2026-02-16 18:29:41] [SESSION 4] Processing page 84
[2026-02-16 18:29:42] [SESSION 4] Saved 10 bids from page 84
[2026-02-16 18:29:44] [SESSION 4] Processing page 85
[2026-02-16 18:29:45] [SESSION 4] Saved 9 bids from page 85
[2026-02-16 18:29:49] [SESSION 4] Processing page 86
[2026-02-16 18:29:49] [SESSION 4] Saved 9 bids from page 86
[2026-02-16 18:29:52] [SESSION 4] Processing page 87
[2026-02-16 18:29:53] [SESSION 4] Saved 10 bids from page 87
[2026-02-16 18:29:55] [SESSION 4] Processing page 88
[2026-02-16 18:29:56] [SESSION 4] Saved 10 bids from page 88
[2026-02-16 18:29:59] [SESSION 4] Processing page 89
[2026-02-16 18:30:00] [SESSION 4] Saved 10 bids from page 89
[2026-02-16 18:30:03] [SESSION 4] Processing page 90
[2026-02-16 18:30:04] [SESSION 4] Saved 10 bids from page 90
[2026-02-16 18:30:06] [SESSION 4] Processing page 91
[2026-02-16 18:30:07] [SESSION 4] Saved 10 bids from page 91
[2026-02-16 18:30:09] [SESSION 4] Processing page 92
[2026-02-16 18:30:10] [SESSION 4] Saved 10 bids from page 92
[2026-02-16 18:30:12] [SESSION 4] Processing page 93
[2026-02-16 18:30:13] [SESSION 4] Saved 10 bids from page 93
[2026-02-16 18:30:15] [SESSION 4] Processing page 94
[2026-02-16 18:30:16] [SESSION 4] Saved 10 bids from page 94
[2026-02-16 18:30:18] [SESSION 4] Processing page 95
[2026-02-16 18:30:19] [SESSION 4] Saved 10 bids from page 95
[2026-02-16 18:30:22] [SESSION 4] Processing page 96
[2026-02-16 18:30:23] [SESSION 4] Saved 10 bids from page 96
[2026-02-16 18:30:26] [SESSION 4] Processing page 97
[2026-02-16 18:30:27] [SESSION 4] Saved 10 bids from page 97
[2026-02-16 18:30:30] [SESSION 4] Processing page 98
[2026-02-16 18:30:31] [SESSION 4] Saved 10 bids from page 98
[2026-02-16 18:30:34] [SESSION 4] Processing page 99
[2026-02-16 18:30:35] [SESSION 4] Saved 10 bids from page 99
[2026-02-16 18:30:38] [SESSION 4] Processing page 100
[2026-02-16 18:30:39] [SESSION 4] Saved 10 bids from page 100
[2026-02-16 18:30:41] [SESSION 4] Processing page 101
[2026-02-16 18:30:42] [SESSION 4] Saved 10 bids from page 101
[2026-02-16 18:30:45] [SESSION 4] Processing page 102
[2026-02-16 18:30:45] [SESSION 4] Saved 10 bids from page 102
[2026-02-16 18:30:48] [SESSION 4] Processing page 103
[2026-02-16 18:30:49] [SESSION 4] Saved 10 bids from page 103
[2026-02-16 18:30:52] [SESSION 4] Processing page 104
[2026-02-16 18:30:53] [SESSION 4] Saved 10 bids from page 104
[2026-02-16 18:30:55] [SESSION 4] Processing page 105
[2026-02-16 18:30:56] [SESSION 4] Saved 10 bids from page 105
[2026-02-16 18:30:58] [SESSION 4] Processing page 106
[2026-02-16 18:30:59] [SESSION 4] Saved 10 bids from page 106
[2026-02-16 18:31:01] [SESSION 4] Processing page 107
[2026-02-16 18:31:02] [SESSION 4] Saved 10 bids from page 107
[2026-02-16 18:31:05] [SESSION 4] Processing page 108
[2026-02-16 18:31:05] [SESSION 4] Saved 1 bids from page 108
[2026-02-16 18:31:08] [SESSION 4] Processing page 109
[2026-02-16 18:31:08] [SESSION 4] Saved 0 bids from page 109
[2026-02-16 18:31:08] [SESSION 4] Pagination completed safely.
[2026-02-16 18:31:08] [SESSION 4] Session completed: 8 new bids found, 109 pages processed
[2026-02-17 10:35:26] [SESSION 4] Starting scraper - Keyword: 'batter' | Output: gem_all_bids_session4.csv
[2026-02-17 10:35:39] [SESSION 4] Processing page 1
[2026-02-17 10:35:41] [SESSION 4] Saved 10 bids from page 1
[2026-02-17 10:35:43] [SESSION 4] Processing page 2
[2026-02-17 10:35:44] [SESSION 4] Saved 10 bids from page 2
[2026-02-17 10:35:45] [SESSION 4] Processing page 3
[2026-02-17 10:35:46] [SESSION 4] Saved 10 bids from page 3
[2026-02-17 10:35:48] [SESSION 4] Processing page 4
[2026-02-17 10:35:48] [SESSION 4] Saved 8 bids from page 4
[2026-02-17 10:35:50] [SESSION 4] Processing page 5
[2026-02-17 10:35:51] [SESSION 4] Saved 10 bids from page 5
[2026-02-17 10:35:52] [SESSION 4] Processing page 6
[2026-02-17 10:35:53] [SESSION 4] Saved 10 bids from page 6
[2026-02-17 10:35:54] [SESSION 4] Processing page 7
[2026-02-17 10:35:55] [SESSION 4] Saved 10 bids from page 7
[2026-02-17 10:35:57] [SESSION 4] Processing page 8
[2026-02-17 10:35:58] [SESSION 4] Saved 10 bids from page 8
[2026-02-17 10:36:00] [SESSION 4] Processing page 9
[2026-02-17 10:36:00] [SESSION 4] Saved 10 bids from page 9
[2026-02-17 10:36:02] [SESSION 4] Processing page 10
[2026-02-17 10:36:03] [SESSION 4] Saved 10 bids from page 10
[2026-02-17 10:36:05] [SESSION 4] Processing page 11
[2026-02-17 10:36:06] [SESSION 4] Saved 10 bids from page 11
[2026-02-17 10:36:07] [SESSION 4] Processing page 12
[2026-02-17 10:36:08] [SESSION 4] Saved 10 bids from page 12
[2026-02-17 10:36:10] [SESSION 4] Processing page 13
[2026-02-17 10:36:11] [SESSION 4] Saved 10 bids from page 13
[2026-02-17 10:36:13] [SESSION 4] Processing page 14
[2026-02-17 10:36:13] [SESSION 4] Saved 10 bids from page 14
[2026-02-17 10:36:15] [SESSION 4] Processing page 15
[2026-02-17 10:36:15] [SESSION 4] Saved 10 bids from page 15
[2026-02-17 10:36:17] [SESSION 4] Processing page 16
[2026-02-17 10:36:17] [SESSION 4] Saved 10 bids from page 16
[2026-02-17 10:36:19] [SESSION 4] Processing page 17
[2026-02-17 10:36:19] [SESSION 4] Saved 10 bids from page 17
[2026-02-17 10:36:21] [SESSION 4] Processing page 18
[2026-02-17 10:36:21] [SESSION 4] Saved 10 bids from page 18
[2026-02-17 10:36:23] [SESSION 4] Processing page 19
[2026-02-17 10:36:24] [SESSION 4] Saved 10 bids from page 19
[2026-02-17 10:36:26] [SESSION 4] Processing page 20
[2026-02-17 10:36:27] [SESSION 4] Saved 10 bids from page 20
[2026-02-17 10:36:29] [SESSION 4] Processing page 21
[2026-02-17 10:36:30] [SESSION 4] Saved 10 bids from page 21
[2026-02-17 10:36:31] [SESSION 4] Processing page 22
[2026-02-17 10:36:32] [SESSION 4] Saved 10 bids from page 22
[2026-02-17 10:36:34] [SESSION 4] Processing page 23
[2026-02-17 10:36:34] [SESSION 4] Saved 10 bids from page 23
[2026-02-17 10:36:36] [SESSION 4] Processing page 24
[2026-02-17 10:36:38] [SESSION 4] Saved 10 bids from page 24
[2026-02-17 10:36:40] [SESSION 4] Processing page 25
[2026-02-17 10:36:41] [SESSION 4] Saved 10 bids from page 25
[2026-02-17 10:36:43] [SESSION 4] Processing page 26
[2026-02-17 10:36:44] [SESSION 4] Saved 10 bids from page 26
[2026-02-17 10:36:45] [SESSION 4] Processing page 27
[2026-02-17 10:36:46] [SESSION 4] Saved 10 bids from page 27
[2026-02-17 10:36:48] [SESSION 4] Processing page 28
[2026-02-17 10:36:48] [SESSION 4] Saved 10 bids from page 28
[2026-02-17 10:36:50] [SESSION 4] Processing page 29
[2026-02-17 10:36:50] [SESSION 4] Saved 10 bids from page 29
[2026-02-17 10:36:52] [SESSION 4] Processing page 30
[2026-02-17 10:36:53] [SESSION 4] Saved 10 bids from page 30
[2026-02-17 10:36:55] [SESSION 4] Processing page 31
[2026-02-17 10:36:55] [SESSION 4] Saved 10 bids from page 31
[2026-02-17 10:36:57] [SESSION 4] Processing page 32
[2026-02-17 10:36:58] [SESSION 4] Saved 9 bids from page 32
[2026-02-17 10:36:59] [SESSION 4] Processing page 33
[2026-02-17 10:37:00] [SESSION 4] Saved 9 bids from page 33
[2026-02-17 10:37:02] [SESSION 4] Processing page 34
[2026-02-17 10:37:02] [SESSION 4] Saved 10 bids from page 34
[2026-02-17 10:37:04] [SESSION 4] Processing page 35
[2026-02-17 10:37:05] [SESSION 4] Saved 10 bids from page 35
[2026-02-17 10:37:06] [SESSION 4] Processing page 36
[2026-02-17 10:37:08] [SESSION 4] Saved 10 bids from page 36
[2026-02-17 10:37:10] [SESSION 4] Processing page 37
[2026-02-17 10:37:10] [SESSION 4] Saved 10 bids from page 37
[2026-02-17 10:37:12] [SESSION 4] Processing page 38
[2026-02-17 10:37:12] [SESSION 4] Saved 10 bids from page 38
[2026-02-17 10:37:14] [SESSION 4] Processing page 39
[2026-02-17 10:37:14] [SESSION 4] Saved 10 bids from page 39
[2026-02-17 10:37:16] [SESSION 4] Processing page 40
[2026-02-17 10:37:17] [SESSION 4] Saved 10 bids from page 40
[2026-02-17 10:37:18] [SESSION 4] Processing page 41
[2026-02-17 10:37:19] [SESSION 4] Saved 9 bids from page 41
[2026-02-17 10:37:20] [SESSION 4] Processing page 42
[2026-02-17 10:37:21] [SESSION 4] Saved 10 bids from page 42
[2026-02-17 10:37:23] [SESSION 4] Processing page 43
[2026-02-17 10:37:23] [SESSION 4] Saved 10 bids from page 43
[2026-02-17 10:37:25] [SESSION 4] Processing page 44
[2026-02-17 10:37:26] [SESSION 4] Saved 10 bids from page 44
[2026-02-17 10:37:28] [SESSION 4] Processing page 45
[2026-02-17 10:37:29] [SESSION 4] Saved 10 bids from page 45
[2026-02-17 10:37:31] [SESSION 4] Processing page 46
[2026-02-17 10:37:32] [SESSION 4] Saved 10 bids from page 46
[2026-02-17 10:37:33] [SESSION 4] Processing page 47
[2026-02-17 10:37:34] [SESSION 4] Saved 10 bids from page 47
[2026-02-17 10:37:36] [SESSION 4] Processing page 48
[2026-02-17 10:37:37] [SESSION 4] Saved 10 bids from page 48
[2026-02-17 10:37:39] [SESSION 4] Processing page 49
[2026-02-17 10:37:39] [SESSION 4] Saved 10 bids from page 49
[2026-02-17 10:37:42] [SESSION 4] Processing page 50
[2026-02-17 10:37:43] [SESSION 4] Saved 9 bids from page 50
[2026-02-17 10:37:44] [SESSION 4] Processing page 51
[2026-02-17 10:37:45] [SESSION 4] Saved 10 bids from page 51
[2026-02-17 10:37:46] [SESSION 4] Processing page 52
[2026-02-17 10:37:47] [SESSION 4] Saved 10 bids from page 52
[2026-02-17 10:37:50] [SESSION 4] Processing page 53
[2026-02-17 10:37:50] [SESSION 4] Saved 8 bids from page 53
[2026-02-17 10:37:53] [SESSION 4] Processing page 54
[2026-02-17 10:37:54] [SESSION 4] Saved 10 bids from page 54
[2026-02-17 10:37:57] [SESSION 4] Processing page 55
[2026-02-17 10:37:58] [SESSION 4] Saved 10 bids from page 55
[2026-02-17 10:38:02] [SESSION 4] Processing page 56
[2026-02-17 10:38:03] [SESSION 4] Saved 8 bids from page 56
[2026-02-17 10:38:07] [SESSION 4] Processing page 57
[2026-02-17 10:38:09] [SESSION 4] Saved 10 bids from page 57
[2026-02-17 10:38:11] [SESSION 4] Processing page 58
[2026-02-17 10:38:12] [SESSION 4] Saved 9 bids from page 58
[2026-02-17 10:38:15] [SESSION 4] Processing page 59
[2026-02-17 10:38:16] [SESSION 4] Saved 10 bids from page 59
[2026-02-17 10:38:20] [SESSION 4] Processing page 60
[2026-02-17 10:38:21] [SESSION 4] Saved 6 bids from page 60
[2026-02-17 10:38:23] [SESSION 4] Processing page 61
[2026-02-17 10:38:24] [SESSION 4] Saved 7 bids from page 61
[2026-02-17 10:38:27] [SESSION 4] Processing page 62
[2026-02-17 10:38:28] [SESSION 4] Saved 9 bids from page 62
[2026-02-17 10:38:30] [SESSION 4] Processing page 63
[2026-02-17 10:38:31] [SESSION 4] Saved 10 bids from page 63
[2026-02-17 10:38:34] [SESSION 4] Processing page 64
[2026-02-17 10:38:35] [SESSION 4] Saved 10 bids from page 64
[2026-02-17 10:38:37] [SESSION 4] Processing page 65
[2026-02-17 10:38:38] [SESSION 4] Saved 10 bids from page 65
[2026-02-17 10:38:40] [SESSION 4] Processing page 66
[2026-02-17 10:38:41] [SESSION 4] Saved 10 bids from page 66
[2026-02-17 10:38:43] [SESSION 4] Processing page 67
[2026-02-17 10:38:44] [SESSION 4] Saved 10 bids from page 67
[2026-02-17 10:38:48] [SESSION 4] Processing page 68
[2026-02-17 10:38:50] [SESSION 4] Saved 10 bids from page 68
[2026-02-17 10:38:52] [SESSION 4] Processing page 69
[2026-02-17 10:38:53] [SESSION 4] Saved 6 bids from page 69
[2026-02-17 10:38:56] [SESSION 4] Processing page 70
[2026-02-17 10:38:57] [SESSION 4] Saved 10 bids from page 70
[2026-02-17 10:38:59] [SESSION 4] Processing page 71
[2026-02-17 10:39:00] [SESSION 4] Saved 10 bids from page 71
[2026-02-17 10:39:04] [SESSION 4] Processing page 72
[2026-02-17 10:39:04] [SESSION 4] Saved 10 bids from page 72
[2026-02-17 10:39:07] [SESSION 4] Processing page 73
[2026-02-17 10:39:09] [SESSION 4] Saved 10 bids from page 73
[2026-02-17 10:39:11] [SESSION 4] Processing page 74
[2026-02-17 10:39:12] [SESSION 4] Saved 10 bids from page 74
[2026-02-17 10:39:15] [SESSION 4] Processing page 75
[2026-02-17 10:39:17] [SESSION 4] Saved 10 bids from page 75
[2026-02-17 10:39:21] [SESSION 4] Processing page 76
[2026-02-17 10:39:21] [SESSION 4] Saved 10 bids from page 76
[2026-02-17 10:39:24] [SESSION 4] Processing page 77
[2026-02-17 10:39:25] [SESSION 4] Saved 10 bids from page 77
[2026-02-17 10:39:27] [SESSION 4] Processing page 78
[2026-02-17 10:39:29] [SESSION 4] Saved 10 bids from page 78
[2026-02-17 10:39:31] [SESSION 4] Processing page 79
[2026-02-17 10:39:32] [SESSION 4] Saved 10 bids from page 79
[2026-02-17 10:39:35] [SESSION 4] Processing page 80
[2026-02-17 10:39:36] [SESSION 4] Saved 10 bids from page 80
[2026-02-17 10:39:40] [SESSION 4] Processing page 81
[2026-02-17 10:39:40] [SESSION 4] Saved 10 bids from page 81
[2026-02-17 10:39:44] [SESSION 4] Processing page 82
[2026-02-17 10:39:44] [SESSION 4] Saved 10 bids from page 82
[2026-02-17 10:39:48] [SESSION 4] Processing page 83
[2026-02-17 10:39:48] [SESSION 4] Saved 10 bids from page 83
[2026-02-17 10:39:52] [SESSION 4] Processing page 84
[2026-02-17 10:39:52] [SESSION 4] Saved 10 bids from page 84
[2026-02-17 10:39:56] [SESSION 4] Processing page 85
[2026-02-17 10:39:56] [SESSION 4] Saved 10 bids from page 85
[2026-02-17 10:40:00] [SESSION 4] Processing page 86
[2026-02-17 10:40:02] [SESSION 4] Saved 10 bids from page 86
[2026-02-17 10:40:05] [SESSION 4] Processing page 87
[2026-02-17 10:40:06] [SESSION 4] Saved 10 bids from page 87
[2026-02-17 10:40:10] [SESSION 4] Processing page 88
[2026-02-17 10:40:11] [SESSION 4] Saved 10 bids from page 88
[2026-02-17 10:40:15] [SESSION 4] Processing page 89
[2026-02-17 10:40:15] [SESSION 4] Saved 10 bids from page 89
[2026-02-17 10:40:19] [SESSION 4] Processing page 90
[2026-02-17 10:40:20] [SESSION 4] Saved 9 bids from page 90
[2026-02-17 10:40:23] [SESSION 4] Processing page 91
[2026-02-17 10:40:23] [SESSION 4] Saved 10 bids from page 91
[2026-02-17 10:40:26] [SESSION 4] Processing page 92
[2026-02-17 10:40:26] [SESSION 4] Saved 10 bids from page 92
[2026-02-17 10:40:30] [SESSION 4] Processing page 93
[2026-02-17 10:40:30] [SESSION 4] Saved 10 bids from page 93
[2026-02-17 10:40:34] [SESSION 4] Processing page 94
[2026-02-17 10:40:34] [SESSION 4] Saved 10 bids from page 94
[2026-02-17 10:40:37] [SESSION 4] Processing page 95
[2026-02-17 10:40:38] [SESSION 4] Saved 10 bids from page 95
[2026-02-17 10:40:41] [SESSION 4] Processing page 96
[2026-02-17 10:40:42] [SESSION 4] Saved 9 bids from page 96
[2026-02-17 10:40:45] [SESSION 4] Processing page 97
[2026-02-17 10:40:46] [SESSION 4] Saved 10 bids from page 97
[2026-02-17 10:40:49] [SESSION 4] Processing page 98
[2026-02-17 10:40:49] [SESSION 4] Saved 10 bids from page 98
[2026-02-17 10:40:53] [SESSION 4] Processing page 99
[2026-02-17 10:40:53] [SESSION 4] Saved 10 bids from page 99
[2026-02-17 10:40:56] [SESSION 4] Processing page 100
[2026-02-17 10:40:56] [SESSION 4] Saved 9 bids from page 100
[2026-02-17 10:41:00] [SESSION 4] Processing page 101
[2026-02-17 10:41:00] [SESSION 4] Saved 10 bids from page 101
[2026-02-17 10:41:04] [SESSION 4] Processing page 102
[2026-02-17 10:41:04] [SESSION 4] Saved 10 bids from page 102
[2026-02-17 10:41:08] [SESSION 4] Processing page 103
[2026-02-17 10:41:08] [SESSION 4] Saved 10 bids from page 103
[2026-02-17 10:41:11] [SESSION 4] Processing page 104
[2026-02-17 10:41:11] [SESSION 4] Saved 10 bids from page 104
[2026-02-17 10:41:14] [SESSION 4] Processing page 105
[2026-02-17 10:41:14] [SESSION 4] Saved 10 bids from page 105
[2026-02-17 10:41:17] [SESSION 4] Processing page 106
[2026-02-17 10:41:17] [SESSION 4] Saved 10 bids from page 106
[2026-02-17 10:41:20] [SESSION 4] Processing page 107
[2026-02-17 10:41:20] [SESSION 4] Saved 5 bids from page 107
[2026-02-17 10:41:22] [SESSION 4] Processing page 108
[2026-02-17 10:41:22] [SESSION 4] Saved 0 bids from page 108
[2026-02-17 10:41:22] [SESSION 4] Pagination completed safely.
[2026-02-17 10:41:23] [SESSION 4] Session completed: 25 new bids found, 108 pages processed
[2026-02-17 10:51:55] [SESSION 4] Starting scraper - Keyword: 'batter' | Output: gem_all_bids_session4.csv
[2026-02-17 10:52:05] [SESSION 4] Processing page 1
[2026-02-17 10:52:06] [SESSION 4] Saved 10 bids from page 1
[2026-02-17 10:52:07] [SESSION 4] Processing page 2
[2026-02-17 10:52:09] [SESSION 4] Saved 10 bids from page 2
[2026-02-17 10:52:12] [SESSION 4] Processing page 3
[2026-02-17 10:52:13] [SESSION 4] Saved 10 bids from page 3
[2026-02-17 10:52:15] [SESSION 4] Processing page 4
[2026-02-17 10:52:16] [SESSION 4] Saved 7 bids from page 4
[2026-02-17 10:52:17] [SESSION 4] Processing page 5
[2026-02-17 10:52:18] [SESSION 4] Saved 10 bids from page 5
[2026-02-17 10:52:20] [SESSION 4] Processing page 6
[2026-02-17 10:52:21] [SESSION 4] Saved 10 bids from page 6
[2026-02-17 10:52:23] [SESSION 4] Processing page 7
[2026-02-17 10:52:24] [SESSION 4] Saved 10 bids from page 7
[2026-02-17 10:52:25] [SESSION 4] Processing page 8
[2026-02-17 10:52:26] [SESSION 4] Saved 10 bids from page 8
[2026-02-17 10:52:27] [SESSION 4] Processing page 9
[2026-02-17 10:52:28] [SESSION 4] Saved 10 bids from page 9
[2026-02-17 10:52:30] [SESSION 4] Processing page 10
[2026-02-17 10:52:31] [SESSION 4] Saved 10 bids from page 10
[2026-02-17 10:52:32] [SESSION 4] Processing page 11
[2026-02-17 10:52:33] [SESSION 4] Saved 10 bids from page 11
[2026-02-17 10:52:35] [SESSION 4] Processing page 12
[2026-02-17 10:52:36] [SESSION 4] Saved 10 bids from page 12
[2026-02-17 10:52:38] [SESSION 4] Processing page 13
[2026-02-17 10:52:39] [SESSION 4] Saved 10 bids from page 13
[2026-02-17 10:52:41] [SESSION 4] Processing page 14
[2026-02-17 10:52:42] [SESSION 4] Saved 9 bids from page 14
[2026-02-17 10:52:44] [SESSION 4] Processing page 15
[2026-02-17 10:52:45] [SESSION 4] Saved 10 bids from page 15
[2026-02-17 10:52:46] [SESSION 4] Processing page 16
[2026-02-17 10:52:47] [SESSION 4] Saved 10 bids from page 16
[2026-02-17 10:52:49] [SESSION 4] Processing page 17
[2026-02-17 10:52:49] [SESSION 4] Saved 10 bids from page 17
[2026-02-17 10:52:51] [SESSION 4] Processing page 18
[2026-02-17 10:52:52] [SESSION 4] Saved 10 bids from page 18
[2026-02-17 10:52:53] [SESSION 4] Processing page 19
[2026-02-17 10:52:54] [SESSION 4] Saved 10 bids from page 19
[2026-02-17 10:52:56] [SESSION 4] Processing page 20
[2026-02-17 10:52:56] [SESSION 4] Saved 10 bids from page 20
[2026-02-17 10:52:58] [SESSION 4] Processing page 21
[2026-02-17 10:52:59] [SESSION 4] Saved 10 bids from page 21
[2026-02-17 10:53:00] [SESSION 4] Processing page 22
[2026-02-17 10:53:01] [SESSION 4] Saved 9 bids from page 22
[2026-02-17 10:53:03] [SESSION 4] Processing page 23
[2026-02-17 10:53:03] [SESSION 4] Saved 10 bids from page 23
[2026-02-17 10:53:05] [SESSION 4] Processing page 24
[2026-02-17 10:53:06] [SESSION 4] Saved 10 bids from page 24
[2026-02-17 10:53:07] [SESSION 4] Processing page 25
[2026-02-17 10:53:08] [SESSION 4] Saved 10 bids from page 25
[2026-02-17 10:53:10] [SESSION 4] Processing page 26
[2026-02-17 10:53:11] [SESSION 4] Saved 10 bids from page 26
[2026-02-17 10:53:12] [SESSION 4] Processing page 27
[2026-02-17 10:53:13] [SESSION 4] Saved 10 bids from page 27
[2026-02-17 10:53:15] [SESSION 4] Processing page 28
[2026-02-17 10:53:16] [SESSION 4] Saved 9 bids from page 28
[2026-02-17 10:53:18] [SESSION 4] Processing page 29
[2026-02-17 10:53:19] [SESSION 4] Saved 9 bids from page 29
[2026-02-17 10:53:20] [SESSION 4] Processing page 30
[2026-02-17 10:53:21] [SESSION 4] Saved 10 bids from page 30
[2026-02-17 10:53:23] [SESSION 4] Processing page 31
[2026-02-17 10:53:24] [SESSION 4] Saved 10 bids from page 31
[2026-02-17 10:53:25] [SESSION 4] Processing page 32
[2026-02-17 10:53:26] [SESSION 4] Saved 10 bids from page 32
[2026-02-17 10:53:28] [SESSION 4] Processing page 33
[2026-02-17 10:53:29] [SESSION 4] Saved 10 bids from page 33
[2026-02-17 10:53:31] [SESSION 4] Processing page 34
[2026-02-17 10:53:32] [SESSION 4] Saved 10 bids from page 34
[2026-02-17 10:53:34] [SESSION 4] Processing page 35
[2026-02-17 10:53:36] [SESSION 4] Saved 9 bids from page 35
[2026-02-17 10:53:37] [SESSION 4] Processing page 36
[2026-02-17 10:53:38] [SESSION 4] Saved 10 bids from page 36
[2026-02-17 10:53:39] [SESSION 4] Processing page 37
[2026-02-17 10:53:40] [SESSION 4] Saved 10 bids from page 37
[2026-02-17 10:53:42] [SESSION 4] Processing page 38
[2026-02-17 10:53:43] [SESSION 4] Saved 10 bids from page 38
[2026-02-17 10:53:44] [SESSION 4] Processing page 39
[2026-02-17 10:53:45] [SESSION 4] Saved 9 bids from page 39
[2026-02-17 10:53:47] [SESSION 4] Processing page 40
[2026-02-17 10:53:47] [SESSION 4] Saved 10 bids from page 40
[2026-02-17 10:53:49] [SESSION 4] Processing page 41
[2026-02-17 10:53:49] [SESSION 4] Saved 10 bids from page 41
[2026-02-17 10:53:51] [SESSION 4] Processing page 42
[2026-02-17 10:53:52] [SESSION 4] Saved 10 bids from page 42
[2026-02-17 10:53:53] [SESSION 4] Processing page 43
[2026-02-17 10:53:54] [SESSION 4] Saved 10 bids from page 43
[2026-02-17 10:53:56] [SESSION 4] Processing page 44
[2026-02-17 10:53:56] [SESSION 4] Saved 10 bids from page 44
[2026-02-17 10:53:58] [SESSION 4] Processing page 45
[2026-02-17 10:53:58] [SESSION 4] Saved 10 bids from page 45
[2026-02-17 10:54:00] [SESSION 4] Processing page 46
[2026-02-17 10:54:01] [SESSION 4] Saved 10 bids from page 46
[2026-02-17 10:54:02] [SESSION 4] Processing page 47
[2026-02-17 10:54:03] [SESSION 4] Saved 10 bids from page 47
[2026-02-17 10:54:05] [SESSION 4] Processing page 48
[2026-02-17 10:54:05] [SESSION 4] Saved 10 bids from page 48
[2026-02-17 10:54:07] [SESSION 4] Processing page 49
[2026-02-17 10:54:08] [SESSION 4] Saved 10 bids from page 49
[2026-02-17 10:54:10] [SESSION 4] Processing page 50
[2026-02-17 10:54:10] [SESSION 4] Saved 10 bids from page 50
[2026-02-17 10:54:12] [SESSION 4] Processing page 51
[2026-02-17 10:54:12] [SESSION 4] Saved 9 bids from page 51
[2026-02-17 10:54:14] [SESSION 4] Processing page 52
[2026-02-17 10:54:14] [SESSION 4] Saved 7 bids from page 52
[2026-02-17 10:54:16] [SESSION 4] Processing page 53
[2026-02-17 10:54:16] [SESSION 4] Saved 8 bids from page 53
[2026-02-17 10:54:18] [SESSION 4] Processing page 54
[2026-02-17 10:54:19] [SESSION 4] Saved 7 bids from page 54
[2026-02-17 10:54:21] [SESSION 4] Processing page 55
[2026-02-17 10:54:22] [SESSION 4] Saved 9 bids from page 55
[2026-02-17 10:54:24] [SESSION 4] Processing page 56
[2026-02-17 10:54:25] [SESSION 4] Saved 10 bids from page 56
[2026-02-17 10:54:26] [SESSION 4] Processing page 57
[2026-02-17 10:54:27] [SESSION 4] Saved 9 bids from page 57
[2026-02-17 10:54:29] [SESSION 4] Processing page 58
[2026-02-17 10:54:30] [SESSION 4] Saved 10 bids from page 58
[2026-02-17 10:54:32] [SESSION 4] Processing page 59
[2026-02-17 10:54:32] [SESSION 4] Saved 10 bids from page 59
[2026-02-17 10:54:34] [SESSION 4] Processing page 60
[2026-02-17 10:54:35] [SESSION 4] Saved 5 bids from page 60
[2026-02-17 10:54:37] [SESSION 4] Processing page 61
[2026-02-17 10:54:38] [SESSION 4] Saved 10 bids from page 61
[2026-02-17 10:54:40] [SESSION 4] Processing page 62
[2026-02-17 10:54:40] [SESSION 4] Saved 6 bids from page 62
[2026-02-17 10:54:42] [SESSION 4] Processing page 63
[2026-02-17 10:54:43] [SESSION 4] Saved 7 bids from page 63
[2026-02-17 10:54:44] [SESSION 4] Processing page 64
[2026-02-17 10:54:45] [SESSION 4] Saved 9 bids from page 64
[2026-02-17 10:54:47] [SESSION 4] Processing page 65
[2026-02-17 10:54:47] [SESSION 4] Saved 9 bids from page 65
[2026-02-17 10:54:49] [SESSION 4] Processing page 66
[2026-02-17 10:54:50] [SESSION 4] Saved 9 bids from page 66
[2026-02-17 10:54:51] [SESSION 4] Processing page 67
[2026-02-17 10:54:52] [SESSION 4] Saved 10 bids from page 67
[2026-02-17 10:54:54] [SESSION 4] Processing page 68
[2026-02-17 10:54:54] [SESSION 4] Saved 10 bids from page 68
[2026-02-17 10:54:56] [SESSION 4] Processing page 69
[2026-02-17 10:54:57] [SESSION 4] Saved 7 bids from page 69
[2026-02-17 10:54:59] [SESSION 4] Processing page 70
[2026-02-17 10:54:59] [SESSION 4] Saved 10 bids from page 70
[2026-02-17 10:55:01] [SESSION 4] Processing page 71
[2026-02-17 10:55:02] [SESSION 4] Saved 10 bids from page 71
[2026-02-17 10:55:04] [SESSION 4] Processing page 72
[2026-02-17 10:55:05] [SESSION 4] Saved 10 bids from page 72
[2026-02-17 10:55:07] [SESSION 4] Processing page 73
[2026-02-17 10:55:09] [SESSION 4] Saved 10 bids from page 73
[2026-02-17 10:55:10] [SESSION 4] Processing page 74
[2026-02-17 10:55:11] [SESSION 4] Saved 10 bids from page 74
[2026-02-17 10:55:13] [SESSION 4] Processing page 75
[2026-02-17 10:55:14] [SESSION 4] Saved 9 bids from page 75
[2026-02-17 10:55:16] [SESSION 4] Processing page 76
[2026-02-17 10:55:17] [SESSION 4] Saved 10 bids from page 76
[2026-02-17 10:55:19] [SESSION 4] Processing page 77
[2026-02-17 10:55:19] [SESSION 4] Saved 10 bids from page 77
[2026-02-17 10:55:21] [SESSION 4] Processing page 78
[2026-02-17 10:55:22] [SESSION 4] Saved 10 bids from page 78
[2026-02-17 10:55:23] [SESSION 4] Processing page 79
[2026-02-17 10:55:24] [SESSION 4] Saved 10 bids from page 79
[2026-02-17 10:55:26] [SESSION 4] Processing page 80
[2026-02-17 10:55:26] [SESSION 4] Saved 9 bids from page 80
[2026-02-17 10:55:28] [SESSION 4] Processing page 81
[2026-02-17 10:55:28] [SESSION 4] Saved 10 bids from page 81
[2026-02-17 10:55:30] [SESSION 4] Processing page 82
[2026-02-17 10:55:31] [SESSION 4] Saved 10 bids from page 82
[2026-02-17 10:55:32] [SESSION 4] Processing page 83
[2026-02-17 10:55:33] [SESSION 4] Saved 10 bids from page 83
[2026-02-17 10:55:35] [SESSION 4] Processing page 84
[2026-02-17 10:55:36] [SESSION 4] Saved 10 bids from page 84
[2026-02-17 10:55:38] [SESSION 4] Processing page 85
[2026-02-17 10:55:39] [SESSION 4] Saved 10 bids from page 85
[2026-02-17 10:55:40] [SESSION 4] Processing page 86
[2026-02-17 10:55:42] [SESSION 4] Saved 10 bids from page 86
[2026-02-17 10:55:44] [SESSION 4] Processing page 87
[2026-02-17 10:55:45] [SESSION 4] Saved 10 bids from page 87
[2026-02-17 10:55:47] [SESSION 4] Processing page 88
[2026-02-17 10:55:47] [SESSION 4] Saved 10 bids from page 88
[2026-02-17 10:55:49] [SESSION 4] Processing page 89
[2026-02-17 10:55:50] [SESSION 4] Saved 9 bids from page 89
[2026-02-17 10:55:52] [SESSION 4] Processing page 90
[2026-02-17 10:55:52] [SESSION 4] Saved 10 bids from page 90
[2026-02-17 10:55:54] [SESSION 4] Processing page 91
[2026-02-17 10:55:54] [SESSION 4] Saved 10 bids from page 91
[2026-02-17 10:55:56] [SESSION 4] Processing page 92
[2026-02-17 10:55:57] [SESSION 4] Saved 10 bids from page 92
[2026-02-17 10:55:58] [SESSION 4] Processing page 93
[2026-02-17 10:55:59] [SESSION 4] Saved 10 bids from page 93
[2026-02-17 10:56:01] [SESSION 4] Processing page 94
[2026-02-17 10:56:02] [SESSION 4] Saved 9 bids from page 94
[2026-02-17 10:56:04] [SESSION 4] Processing page 95
[2026-02-17 10:56:06] [SESSION 4] Saved 9 bids from page 95
[2026-02-17 10:56:07] [SESSION 4] Processing page 96
[2026-02-17 10:56:10] [SESSION 4] Saved 10 bids from page 96
[2026-02-17 10:56:12] [SESSION 4] Processing page 97
[2026-02-17 10:56:13] [SESSION 4] Saved 10 bids from page 97
[2026-02-17 10:56:14] [SESSION 4] Processing page 98
[2026-02-17 10:56:15] [SESSION 4] Saved 10 bids from page 98
[2026-02-17 10:56:17] [SESSION 4] Processing page 99
[2026-02-17 10:56:17] [SESSION 4] Saved 10 bids from page 99
[2026-02-17 10:56:19] [SESSION 4] Processing page 100
[2026-02-17 10:56:19] [SESSION 4] Saved 10 bids from page 100
[2026-02-17 10:56:21] [SESSION 4] Processing page 101
[2026-02-17 10:56:21] [SESSION 4] Saved 10 bids from page 101
[2026-02-17 10:56:23] [SESSION 4] Processing page 102
[2026-02-17 10:56:23] [SESSION 4] Saved 9 bids from page 102
[2026-02-17 10:56:25] [SESSION 4] Processing page 103
[2026-02-17 10:56:26] [SESSION 4] Saved 10 bids from page 103
[2026-02-17 10:56:27] [SESSION 4] Processing page 104
[2026-02-17 10:56:28] [SESSION 4] Saved 10 bids from page 104
[2026-02-17 10:56:29] [SESSION 4] Processing page 105
[2026-02-17 10:56:30] [SESSION 4] Saved 10 bids from page 105
[2026-02-17 10:56:31] [SESSION 4] Processing page 106
[2026-02-17 10:56:32] [SESSION 4] Saved 10 bids from page 106
[2026-02-17 10:56:33] [SESSION 4] Processing page 107
[2026-02-17 10:56:34] [SESSION 4] Saved 8 bids from page 107
[2026-02-17 10:56:36] [SESSION 4] Processing page 108
[2026-02-17 10:56:37] [SESSION 4] Saved 0 bids from page 108
[2026-02-17 10:56:37] [SESSION 4] Pagination completed safely.
[2026-02-17 10:56:44] [SESSION 4] Session completed: 3 new bids found, 108 pages processed
[2026-02-17 17:52:04] [SESSION 4] Starting scraper - Keyword: 'batter' | Output: gem_all_bids_session4.csv
[2026-02-17 18:30:35] [SESSION 4] Starting scraper - Keyword: 'batter' | Output: gem_all_bids_session4.csv
[2026-02-17 18:30:43] [SESSION 4] Processing page 1
[2026-02-17 18:30:44] [SESSION 4] Saved 10 bids from page 1
[2026-02-17 18:30:45] [SESSION 4] Processing page 2
[2026-02-17 18:30:46] [SESSION 4] Saved 10 bids from page 2
[2026-02-17 18:30:48] [SESSION 4] Processing page 3
[2026-02-17 18:30:48] [SESSION 4] Saved 9 bids from page 3
[2026-02-17 18:30:50] [SESSION 4] Processing page 4
[2026-02-17 18:30:51] [SESSION 4] Saved 10 bids from page 4
[2026-02-17 18:30:52] [SESSION 4] Processing page 5
[2026-02-17 18:30:53] [SESSION 4] Saved 9 bids from page 5
[2026-02-17 18:30:54] [SESSION 4] Processing page 6
[2026-02-17 18:30:55] [SESSION 4] Saved 9 bids from page 6
[2026-02-17 18:30:56] [SESSION 4] Processing page 7
[2026-02-17 18:30:57] [SESSION 4] Saved 10 bids from page 7
[2026-02-17 18:30:58] [SESSION 4] Processing page 8
[2026-02-17 18:30:59] [SESSION 4] Saved 10 bids from page 8
[2026-02-17 18:31:01] [SESSION 4] Processing page 9
[2026-02-17 18:31:01] [SESSION 4] Saved 10 bids from page 9
[2026-02-17 18:31:03] [SESSION 4] Processing page 10
[2026-02-17 18:31:03] [SESSION 4] Saved 10 bids from page 10
[2026-02-17 18:31:05] [SESSION 4] Processing page 11
[2026-02-17 18:31:05] [SESSION 4] Saved 10 bids from page 11
[2026-02-17 18:31:07] [SESSION 4] Processing page 12
[2026-02-17 18:31:07] [SESSION 4] Saved 10 bids from page 12
[2026-02-17 18:31:09] [SESSION 4] Processing page 13
[2026-02-17 18:31:09] [SESSION 4] Saved 10 bids from page 13
[2026-02-17 18:31:11] [SESSION 4] Processing page 14
[2026-02-17 18:31:11] [SESSION 4] Saved 10 bids from page 14
[2026-02-17 18:31:13] [SESSION 4] Processing page 15
[2026-02-17 18:31:13] [SESSION 4] Saved 10 bids from page 15
[2026-02-17 18:31:15] [SESSION 4] Processing page 16
[2026-02-17 18:31:16] [SESSION 4] Saved 10 bids from page 16
[2026-02-17 18:31:17] [SESSION 4] Processing page 17
[2026-02-17 18:31:18] [SESSION 4] Saved 10 bids from page 17
[2026-02-17 18:31:19] [SESSION 4] Processing page 18
[2026-02-17 18:31:20] [SESSION 4] Saved 10 bids from page 18
[2026-02-17 18:31:21] [SESSION 4] Processing page 19
[2026-02-17 18:31:22] [SESSION 4] Saved 10 bids from page 19
[2026-02-17 18:31:23] [SESSION 4] Processing page 20
[2026-02-17 18:31:24] [SESSION 4] Saved 10 bids from page 20
[2026-02-17 18:31:25] [SESSION 4] Processing page 21
[2026-02-17 18:31:26] [SESSION 4] Saved 10 bids from page 21
[2026-02-17 18:31:27] [SESSION 4] Processing page 22
[2026-02-17 18:31:28] [SESSION 4] Saved 10 bids from page 22
[2026-02-17 18:31:29] [SESSION 4] Processing page 23
[2026-02-17 18:31:30] [SESSION 4] Saved 10 bids from page 23
[2026-02-17 18:31:31] [SESSION 4] Processing page 24
[2026-02-17 18:31:32] [SESSION 4] Saved 9 bids from page 24
[2026-02-17 18:31:33] [SESSION 4] Processing page 25
[2026-02-17 18:31:34] [SESSION 4] Saved 10 bids from page 25
[2026-02-17 18:31:35] [SESSION 4] Processing page 26
[2026-02-17 18:31:36] [SESSION 4] Saved 10 bids from page 26
[2026-02-17 18:31:37] [SESSION 4] Processing page 27
[2026-02-17 18:31:38] [SESSION 4] Saved 10 bids from page 27
[2026-02-17 18:31:39] [SESSION 4] Processing page 28
[2026-02-17 18:31:40] [SESSION 4] Saved 9 bids from page 28
[2026-02-17 18:31:41] [SESSION 4] Processing page 29
[2026-02-17 18:31:42] [SESSION 4] Saved 8 bids from page 29
[2026-02-17 18:31:44] [SESSION 4] Processing page 30
[2026-02-17 18:31:44] [SESSION 4] Saved 9 bids from page 30
[2026-02-17 18:31:46] [SESSION 4] Processing page 31
[2026-02-17 18:31:46] [SESSION 4] Saved 10 bids from page 31
[2026-02-17 18:31:48] [SESSION 4] Processing page 32
[2026-02-17 18:31:48] [SESSION 4] Saved 10 bids from page 32
[2026-02-17 18:31:50] [SESSION 4] Processing page 33
[2026-02-17 18:31:50] [SESSION 4] Saved 9 bids from page 33
[2026-02-17 18:31:52] [SESSION 4] Processing page 34
[2026-02-17 18:31:52] [SESSION 4] Saved 10 bids from page 34
[2026-02-17 18:31:54] [SESSION 4] Processing page 35
[2026-02-17 18:31:54] [SESSION 4] Saved 10 bids from page 35
[2026-02-17 18:31:56] [SESSION 4] Processing page 36
[2026-02-17 18:31:56] [SESSION 4] Saved 10 bids from page 36
[2026-02-17 18:31:58] [SESSION 4] Processing page 37
[2026-02-17 18:31:59] [SESSION 4] Saved 10 bids from page 37
[2026-02-17 18:32:00] [SESSION 4] Processing page 38
[2026-02-17 18:32:00] [SESSION 4] Saved 10 bids from page 38
[2026-02-17 18:32:02] [SESSION 4] Processing page 39
[2026-02-17 18:32:02] [SESSION 4] Saved 10 bids from page 39
[2026-02-17 18:32:04] [SESSION 4] Processing page 40
[2026-02-17 18:32:04] [SESSION 4] Saved 10 bids from page 40
[2026-02-17 18:32:06] [SESSION 4] Processing page 41
[2026-02-17 18:32:07] [SESSION 4] Saved 10 bids from page 41
[2026-02-17 18:32:08] [SESSION 4] Processing page 42
[2026-02-17 18:32:09] [SESSION 4] Saved 10 bids from page 42
[2026-02-17 18:32:10] [SESSION 4] Processing page 43
[2026-02-17 18:32:11] [SESSION 4] Saved 9 bids from page 43
[2026-02-17 18:32:12] [SESSION 4] Processing page 44
[2026-02-17 18:32:13] [SESSION 4] Saved 10 bids from page 44
[2026-02-17 18:32:14] [SESSION 4] Processing page 45
[2026-02-17 18:32:15] [SESSION 4] Saved 10 bids from page 45
[2026-02-17 18:32:16] [SESSION 4] Processing page 46
[2026-02-17 18:32:17] [SESSION 4] Saved 8 bids from page 46
[2026-02-17 18:32:18] [SESSION 4] Processing page 47
[2026-02-17 18:32:19] [SESSION 4] Saved 9 bids from page 47
[2026-02-17 18:32:20] [SESSION 4] Processing page 48
[2026-02-17 18:32:21] [SESSION 4] Saved 9 bids from page 48
[2026-02-17 18:32:22] [SESSION 4] Processing page 49
[2026-02-17 18:32:23] [SESSION 4] Saved 3 bids from page 49
[2026-02-17 18:32:24] [SESSION 4] Processing page 50
[2026-02-17 18:32:25] [SESSION 4] Saved 10 bids from page 50
[2026-02-17 18:32:26] [SESSION 4] Processing page 51
[2026-02-17 18:32:27] [SESSION 4] Saved 9 bids from page 51
[2026-02-17 18:32:28] [SESSION 4] Processing page 52
[2026-02-17 18:32:29] [SESSION 4] Saved 10 bids from page 52
[2026-02-17 18:32:31] [SESSION 4] Processing page 53
[2026-02-17 18:32:31] [SESSION 4] Saved 8 bids from page 53
[2026-02-17 18:32:32] [SESSION 4] Processing page 54
[2026-02-17 18:32:33] [SESSION 4] Saved 10 bids from page 54
[2026-02-17 18:32:35] [SESSION 4] Processing page 55
[2026-02-17 18:32:35] [SESSION 4] Saved 9 bids from page 55
[2026-02-17 18:32:37] [SESSION 4] Processing page 56
[2026-02-17 18:32:37] [SESSION 4] Saved 10 bids from page 56
[2026-02-17 18:32:39] [SESSION 4] Processing page 57
[2026-02-17 18:32:39] [SESSION 4] Saved 7 bids from page 57
[2026-02-17 18:32:41] [SESSION 4] Processing page 58
[2026-02-17 18:32:41] [SESSION 4] Saved 10 bids from page 58
[2026-02-17 18:32:43] [SESSION 4] Processing page 59
[2026-02-17 18:32:43] [SESSION 4] Saved 4 bids from page 59
[2026-02-17 18:32:45] [SESSION 4] Processing page 60
[2026-02-17 18:32:45] [SESSION 4] Saved 9 bids from page 60
[2026-02-17 18:32:47] [SESSION 4] Processing page 61
[2026-02-17 18:32:47] [SESSION 4] Saved 10 bids from page 61
[2026-02-17 18:32:49] [SESSION 4] Processing page 62
[2026-02-17 18:32:49] [SESSION 4] Saved 9 bids from page 62
[2026-02-17 18:32:51] [SESSION 4] Processing page 63
[2026-02-17 18:32:51] [SESSION 4] Saved 9 bids from page 63
[2026-02-17 18:32:53] [SESSION 4] Processing page 64
[2026-02-17 18:32:53] [SESSION 4] Saved 10 bids from page 64
[2026-02-17 18:32:55] [SESSION 4] Processing page 65
[2026-02-17 18:32:55] [SESSION 4] Saved 10 bids from page 65
[2026-02-17 18:32:57] [SESSION 4] Processing page 66
[2026-02-17 18:32:57] [SESSION 4] Saved 9 bids from page 66
[2026-02-17 18:32:59] [SESSION 4] Processing page 67
[2026-02-17 18:32:59] [SESSION 4] Saved 10 bids from page 67
[2026-02-17 18:33:01] [SESSION 4] Processing page 68
[2026-02-17 18:33:01] [SESSION 4] Saved 10 bids from page 68
[2026-02-17 18:33:03] [SESSION 4] Processing page 69
[2026-02-17 18:33:03] [SESSION 4] Saved 10 bids from page 69
[2026-02-17 18:33:05] [SESSION 4] Processing page 70
[2026-02-17 18:33:05] [SESSION 4] Saved 10 bids from page 70
[2026-02-17 18:33:07] [SESSION 4] Processing page 71
[2026-02-17 18:33:07] [SESSION 4] Saved 10 bids from page 71
[2026-02-17 18:33:09] [SESSION 4] Processing page 72
[2026-02-17 18:33:09] [SESSION 4] Saved 10 bids from page 72
[2026-02-17 18:33:11] [SESSION 4] Processing page 73
[2026-02-17 18:33:12] [SESSION 4] Saved 10 bids from page 73
[2026-02-17 18:33:13] [SESSION 4] Processing page 74
[2026-02-17 18:33:14] [SESSION 4] Saved 10 bids from page 74
[2026-02-17 18:33:15] [SESSION 4] Processing page 75
[2026-02-17 18:33:15] [SESSION 4] Saved 10 bids from page 75
[2026-02-17 18:33:17] [SESSION 4] Processing page 76
[2026-02-17 18:33:18] [SESSION 4] Saved 10 bids from page 76
[2026-02-17 18:33:19] [SESSION 4] Processing page 77
[2026-02-17 18:33:20] [SESSION 4] Saved 10 bids from page 77
[2026-02-17 18:33:21] [SESSION 4] Processing page 78
[2026-02-17 18:33:21] [SESSION 4] Saved 10 bids from page 78
[2026-02-17 18:33:23] [SESSION 4] Processing page 79
[2026-02-17 18:33:23] [SESSION 4] Saved 10 bids from page 79
[2026-02-17 18:33:25] [SESSION 4] Processing page 80
[2026-02-17 18:33:26] [SESSION 4] Saved 10 bids from page 80
[2026-02-17 18:33:27] [SESSION 4] Processing page 81
[2026-02-17 18:33:28] [SESSION 4] Saved 9 bids from page 81
[2026-02-17 18:33:29] [SESSION 4] Processing page 82
[2026-02-17 18:33:30] [SESSION 4] Saved 10 bids from page 82
[2026-02-17 18:33:31] [SESSION 4] Processing page 83
[2026-02-17 18:33:32] [SESSION 4] Saved 10 bids from page 83
[2026-02-17 18:33:33] [SESSION 4] Processing page 84
[2026-02-17 18:33:34] [SESSION 4] Saved 10 bids from page 84
[2026-02-17 18:33:35] [SESSION 4] Processing page 85
[2026-02-17 18:33:36] [SESSION 4] Saved 10 bids from page 85
[2026-02-17 18:33:37] [SESSION 4] Processing page 86
[2026-02-17 18:33:38] [SESSION 4] Saved 9 bids from page 86
[2026-02-17 18:33:39] [SESSION 4] Processing page 87
[2026-02-17 18:33:40] [SESSION 4] Saved 9 bids from page 87
[2026-02-17 18:33:41] [SESSION 4] Processing page 88
[2026-02-17 18:33:42] [SESSION 4] Saved 10 bids from page 88
[2026-02-17 18:33:44] [SESSION 4] Processing page 89
[2026-02-17 18:33:44] [SESSION 4] Saved 10 bids from page 89
[2026-02-17 18:33:46] [SESSION 4] Processing page 90
[2026-02-17 18:33:46] [SESSION 4] Saved 10 bids from page 90
[2026-02-17 18:33:48] [SESSION 4] Processing page 91
[2026-02-17 18:33:48] [SESSION 4] Saved 10 bids from page 91
[2026-02-17 18:33:50] [SESSION 4] Processing page 92
[2026-02-17 18:33:50] [SESSION 4] Saved 10 bids from page 92
[2026-02-17 18:33:52] [SESSION 4] Processing page 93
[2026-02-17 18:33:52] [SESSION 4] Saved 10 bids from page 93
[2026-02-17 18:33:54] [SESSION 4] Processing page 94
[2026-02-17 18:33:54] [SESSION 4] Saved 10 bids from page 94
[2026-02-17 18:33:56] [SESSION 4] Processing page 95
[2026-02-17 18:33:56] [SESSION 4] Saved 10 bids from page 95
[2026-02-17 18:33:58] [SESSION 4] Processing page 96
[2026-02-17 18:33:58] [SESSION 4] Saved 10 bids from page 96
[2026-02-17 18:34:00] [SESSION 4] Processing page 97
[2026-02-17 18:34:00] [SESSION 4] Saved 10 bids from page 97
[2026-02-17 18:34:02] [SESSION 4] Processing page 98
[2026-02-17 18:34:02] [SESSION 4] Saved 10 bids from page 98
[2026-02-17 18:34:04] [SESSION 4] Processing page 99
[2026-02-17 18:34:04] [SESSION 4] Saved 10 bids from page 99
[2026-02-17 18:34:06] [SESSION 4] Processing page 100
[2026-02-17 18:34:06] [SESSION 4] Saved 10 bids from page 100
[2026-02-17 18:34:08] [SESSION 4] Processing page 101
[2026-02-17 18:34:08] [SESSION 4] Saved 10 bids from page 101
[2026-02-17 18:34:10] [SESSION 4] Processing page 102
[2026-02-17 18:34:10] [SESSION 4] Saved 10 bids from page 102
[2026-02-17 18:34:12] [SESSION 4] Processing page 103
[2026-02-17 18:34:12] [SESSION 4] Saved 10 bids from page 103
[2026-02-17 18:34:14] [SESSION 4] Processing page 104
[2026-02-17 18:34:14] [SESSION 4] Saved 10 bids from page 104
[2026-02-17 18:34:16] [SESSION 4] Processing page 105
[2026-02-17 18:34:16] [SESSION 4] Saved 10 bids from page 105
[2026-02-17 18:34:18] [SESSION 4] Processing page 106
[2026-02-17 18:34:18] [SESSION 4] Saved 9 bids from page 106
[2026-02-17 18:34:20] [SESSION 4] Processing page 107
[2026-02-17 18:34:20] [SESSION 4] Saved 9 bids from page 107
[2026-02-17 18:34:21] [SESSION 4] Processing page 108
[2026-02-17 18:34:22] [SESSION 4] Saved 10 bids from page 108
[2026-02-17 18:34:23] [SESSION 4] Processing page 109
[2026-02-17 18:34:24] [SESSION 4] Saved 10 bids from page 109
[2026-02-17 18:34:26] [SESSION 4] Processing page 110
[2026-02-17 18:34:26] [SESSION 4] Saved 9 bids from page 110
[2026-02-17 18:34:27] [SESSION 4] Processing page 111
[2026-02-17 18:34:28] [SESSION 4] Saved 8 bids from page 111
[2026-02-17 18:34:30] [SESSION 4] Processing page 112
[2026-02-17 18:34:30] [SESSION 4] Saved 0 bids from page 112
[2026-02-17 18:34:30] [SESSION 4] Pagination completed safely.
[2026-02-17 18:34:30] [SESSION 4] Session completed: 72 new bids found, 112 pages processed
[2026-02-18 10:39:46] [SESSION 4] Starting scraper - Keyword: 'batter' | Output: gem_all_bids_session4.csv
[2026-02-18 10:41:01] [SESSION 4] Starting scraper - Keyword: 'batter' | Output: gem_all_bids_session4.csv
[2026-02-18 10:44:22] [SESSION 4] Starting scraper - Keyword: 'batter' | Output: gem_all_bids_session4.csv
[2026-02-18 10:47:58] [SESSION 4] Starting scraper - Keyword: 'batter' | Output: gem_all_bids_session4.csv
[2026-02-18 10:48:08] [SESSION 4] Processing page 1
[2026-02-18 10:48:09] [SESSION 4] Saved 10 bids from page 1
[2026-02-18 10:48:11] [SESSION 4] Processing page 2
[2026-02-18 10:48:12] [SESSION 4] Saved 10 bids from page 2
[2026-02-18 10:48:13] [SESSION 4] Processing page 3
[2026-02-18 10:48:14] [SESSION 4] Saved 10 bids from page 3
[2026-02-18 10:48:16] [SESSION 4] Processing page 4
[2026-02-18 10:48:16] [SESSION 4] Saved 10 bids from page 4
[2026-02-18 10:48:18] [SESSION 4] Processing page 5
[2026-02-18 10:48:18] [SESSION 4] Saved 10 bids from page 5
[2026-02-18 10:48:20] [SESSION 4] Processing page 6
[2026-02-18 10:48:21] [SESSION 4] Saved 9 bids from page 6
[2026-02-18 10:48:22] [SESSION 4] Processing page 7
[2026-02-18 10:48:23] [SESSION 4] Saved 9 bids from page 7
[2026-02-18 10:48:24] [SESSION 4] Processing page 8
[2026-02-18 10:48:25] [SESSION 4] Saved 10 bids from page 8
[2026-02-18 10:48:27] [SESSION 4] Processing page 9
[2026-02-18 10:48:27] [SESSION 4] Saved 10 bids from page 9
[2026-02-18 10:48:29] [SESSION 4] Processing page 10
[2026-02-18 10:48:29] [SESSION 4] Saved 9 bids from page 10
[2026-02-18 10:48:31] [SESSION 4] Processing page 11
[2026-02-18 10:48:32] [SESSION 4] Saved 10 bids from page 11
[2026-02-18 10:48:33] [SESSION 4] Processing page 12
[2026-02-18 10:48:34] [SESSION 4] Saved 10 bids from page 12
[2026-02-18 10:48:35] [SESSION 4] Processing page 13
[2026-02-18 10:48:36] [SESSION 4] Saved 10 bids from page 13
[2026-02-18 10:48:38] [SESSION 4] Processing page 14
[2026-02-18 10:48:38] [SESSION 4] Saved 9 bids from page 14
[2026-02-18 10:48:40] [SESSION 4] Processing page 15
[2026-02-18 10:48:40] [SESSION 4] Saved 10 bids from page 15
[2026-02-18 10:48:42] [SESSION 4] Processing page 16
[2026-02-18 10:48:42] [SESSION 4] Saved 10 bids from page 16
[2026-02-18 10:48:44] [SESSION 4] Processing page 17
[2026-02-18 10:48:45] [SESSION 4] Saved 10 bids from page 17
[2026-02-18 10:48:46] [SESSION 4] Processing page 18
[2026-02-18 10:48:47] [SESSION 4] Saved 10 bids from page 18
[2026-02-18 10:48:48] [SESSION 4] Processing page 19
[2026-02-18 10:48:49] [SESSION 4] Saved 9 bids from page 19
[2026-02-18 10:48:51] [SESSION 4] Processing page 20
[2026-02-18 10:48:51] [SESSION 4] Saved 10 bids from page 20
[2026-02-18 10:48:53] [SESSION 4] Processing page 21
[2026-02-18 10:48:54] [SESSION 4] Saved 9 bids from page 21
[2026-02-18 10:48:56] [SESSION 4] Processing page 22
[2026-02-18 10:48:56] [SESSION 4] Saved 10 bids from page 22
[2026-02-18 10:48:58] [SESSION 4] Processing page 23
[2026-02-18 10:48:59] [SESSION 4] Saved 10 bids from page 23
[2026-02-18 10:49:01] [SESSION 4] Processing page 24
[2026-02-18 10:49:02] [SESSION 4] Saved 10 bids from page 24
[2026-02-18 10:49:03] [SESSION 4] Processing page 25
[2026-02-18 10:49:06] [SESSION 4] Saved 10 bids from page 25
[2026-02-18 10:49:08] [SESSION 4] Processing page 26
[2026-02-18 10:49:09] [SESSION 4] Saved 9 bids from page 26
[2026-02-18 10:49:11] [SESSION 4] Processing page 27
[2026-02-18 10:49:12] [SESSION 4] Saved 8 bids from page 27
[2026-02-18 10:49:14] [SESSION 4] Processing page 28
[2026-02-18 10:49:14] [SESSION 4] Saved 9 bids from page 28
[2026-02-18 10:49:16] [SESSION 4] Processing page 29
[2026-02-18 10:49:17] [SESSION 4] Saved 9 bids from page 29
[2026-02-18 10:49:18] [SESSION 4] Processing page 30
[2026-02-18 10:49:19] [SESSION 4] Saved 10 bids from page 30
[2026-02-18 10:49:20] [SESSION 4] Processing page 31
[2026-02-18 10:49:21] [SESSION 4] Saved 10 bids from page 31
[2026-02-18 10:49:23] [SESSION 4] Processing page 32
[2026-02-18 10:49:23] [SESSION 4] Saved 10 bids from page 32
[2026-02-18 10:49:25] [SESSION 4] Processing page 33
[2026-02-18 10:49:26] [SESSION 4] Saved 10 bids from page 33
[2026-02-18 10:49:27] [SESSION 4] Processing page 34
[2026-02-18 10:49:28] [SESSION 4] Saved 8 bids from page 34
[2026-02-18 10:49:29] [SESSION 4] Processing page 35
[2026-02-18 10:49:30] [SESSION 4] Saved 10 bids from page 35
[2026-02-18 10:49:32] [SESSION 4] Processing page 36
[2026-02-18 10:49:32] [SESSION 4] Saved 9 bids from page 36
[2026-02-18 10:49:34] [SESSION 4] Processing page 37
[2026-02-18 10:49:34] [SESSION 4] Saved 10 bids from page 37
[2026-02-18 10:49:36] [SESSION 4] Processing page 38
[2026-02-18 10:49:37] [SESSION 4] Saved 10 bids from page 38
[2026-02-18 10:49:39] [SESSION 4] Processing page 39
[2026-02-18 10:49:40] [SESSION 4] Saved 10 bids from page 39
[2026-02-18 10:49:41] [SESSION 4] Processing page 40
[2026-02-18 10:49:42] [SESSION 4] Saved 10 bids from page 40
[2026-02-18 10:49:43] [SESSION 4] Processing page 41
[2026-02-18 10:49:44] [SESSION 4] Saved 7 bids from page 41
[2026-02-18 10:49:46] [SESSION 4] Processing page 42
[2026-02-18 10:49:46] [SESSION 4] Saved 10 bids from page 42
[2026-02-18 10:49:48] [SESSION 4] Processing page 43
[2026-02-18 10:49:49] [SESSION 4] Saved 10 bids from page 43
[2026-02-18 10:49:50] [SESSION 4] Processing page 44
[2026-02-18 10:49:51] [SESSION 4] Saved 10 bids from page 44
[2026-02-18 10:49:53] [SESSION 4] Processing page 45
[2026-02-18 10:49:53] [SESSION 4] Saved 7 bids from page 45
[2026-02-18 10:49:55] [SESSION 4] Processing page 46
[2026-02-18 10:49:55] [SESSION 4] Saved 10 bids from page 46
[2026-02-18 10:49:57] [SESSION 4] Processing page 47
[2026-02-18 10:49:58] [SESSION 4] Saved 5 bids from page 47
[2026-02-18 10:49:59] [SESSION 4] Processing page 48
[2026-02-18 10:50:00] [SESSION 4] Saved 10 bids from page 48
[2026-02-18 10:50:01] [SESSION 4] Processing page 49
[2026-02-18 10:50:02] [SESSION 4] Saved 9 bids from page 49
[2026-02-18 10:50:03] [SESSION 4] Processing page 50
[2026-02-18 10:50:04] [SESSION 4] Saved 10 bids from page 50
[2026-02-18 10:50:05] [SESSION 4] Processing page 51
[2026-02-18 10:50:06] [SESSION 4] Saved 8 bids from page 51
[2026-02-18 10:50:08] [SESSION 4] Processing page 52
[2026-02-18 10:50:08] [SESSION 4] Saved 9 bids from page 52
[2026-02-18 10:50:10] [SESSION 4] Processing page 53
[2026-02-18 10:50:10] [SESSION 4] Saved 9 bids from page 53
[2026-02-18 10:50:12] [SESSION 4] Processing page 54
[2026-02-18 10:50:12] [SESSION 4] Saved 9 bids from page 54
[2026-02-18 10:50:14] [SESSION 4] Processing page 55
[2026-02-18 10:50:14] [SESSION 4] Saved 7 bids from page 55
[2026-02-18 10:50:16] [SESSION 4] Processing page 56
[2026-02-18 10:50:17] [SESSION 4] Saved 10 bids from page 56
[2026-02-18 10:50:18] [SESSION 4] Processing page 57
[2026-02-18 10:50:19] [SESSION 4] Saved 10 bids from page 57
[2026-02-18 10:50:20] [SESSION 4] Processing page 58
[2026-02-18 10:50:21] [SESSION 4] Saved 10 bids from page 58
[2026-02-18 10:50:22] [SESSION 4] Processing page 59
[2026-02-18 10:50:23] [SESSION 4] Saved 10 bids from page 59
[2026-02-18 10:50:24] [SESSION 4] Processing page 60
[2026-02-18 10:50:25] [SESSION 4] Saved 10 bids from page 60
[2026-02-18 10:50:26] [SESSION 4] Processing page 61
[2026-02-18 10:50:27] [SESSION 4] Saved 8 bids from page 61
[2026-02-18 10:50:29] [SESSION 4] Processing page 62
[2026-02-18 10:50:29] [SESSION 4] Saved 10 bids from page 62
[2026-02-18 10:50:31] [SESSION 4] Processing page 63
[2026-02-18 10:50:31] [SESSION 4] Saved 10 bids from page 63
[2026-02-18 10:50:33] [SESSION 4] Processing page 64
[2026-02-18 10:50:33] [SESSION 4] Saved 10 bids from page 64
[2026-02-18 10:50:35] [SESSION 4] Processing page 65
[2026-02-18 10:50:35] [SESSION 4] Saved 10 bids from page 65
[2026-02-18 10:50:37] [SESSION 4] Processing page 66
[2026-02-18 10:50:37] [SESSION 4] Saved 10 bids from page 66
[2026-02-18 10:50:39] [SESSION 4] Processing page 67
[2026-02-18 10:50:39] [SESSION 4] Saved 8 bids from page 67
[2026-02-18 10:50:41] [SESSION 4] Processing page 68
[2026-02-18 10:50:41] [SESSION 4] Saved 10 bids from page 68
[2026-02-18 10:50:43] [SESSION 4] Processing page 69
[2026-02-18 10:50:44] [SESSION 4] Saved 9 bids from page 69
[2026-02-18 10:50:45] [SESSION 4] Processing page 70
[2026-02-18 10:50:46] [SESSION 4] Saved 10 bids from page 70
[2026-02-18 10:50:47] [SESSION 4] Processing page 71
[2026-02-18 10:50:48] [SESSION 4] Saved 10 bids from page 71
[2026-02-18 10:50:49] [SESSION 4] Processing page 72
[2026-02-18 10:50:50] [SESSION 4] Saved 10 bids from page 72
[2026-02-18 10:50:51] [SESSION 4] Processing page 73
[2026-02-18 10:50:52] [SESSION 4] Saved 10 bids from page 73
[2026-02-18 10:50:53] [SESSION 4] Processing page 74
[2026-02-18 10:50:54] [SESSION 4] Saved 9 bids from page 74
[2026-02-18 10:50:55] [SESSION 4] Processing page 75
[2026-02-18 10:50:56] [SESSION 4] Saved 9 bids from page 75
[2026-02-18 10:50:57] [SESSION 4] Processing page 76
[2026-02-18 10:50:58] [SESSION 4] Saved 9 bids from page 76
[2026-02-18 10:51:00] [SESSION 4] Processing page 77
[2026-02-18 10:51:00] [SESSION 4] Saved 10 bids from page 77
[2026-02-18 10:51:02] [SESSION 4] Processing page 78
[2026-02-18 10:51:02] [SESSION 4] Saved 10 bids from page 78
[2026-02-18 10:51:04] [SESSION 4] Processing page 79
[2026-02-18 10:51:04] [SESSION 4] Saved 9 bids from page 79
[2026-02-18 10:51:06] [SESSION 4] Processing page 80
[2026-02-18 10:51:06] [SESSION 4] Saved 10 bids from page 80
[2026-02-18 10:51:08] [SESSION 4] Processing page 81
[2026-02-18 10:51:08] [SESSION 4] Saved 10 bids from page 81
[2026-02-18 10:51:10] [SESSION 4] Processing page 82
[2026-02-18 10:51:10] [SESSION 4] Saved 10 bids from page 82
[2026-02-18 10:51:12] [SESSION 4] Processing page 83
[2026-02-18 10:51:12] [SESSION 4] Saved 10 bids from page 83
[2026-02-18 10:51:14] [SESSION 4] Processing page 84
[2026-02-18 10:51:15] [SESSION 4] Saved 10 bids from page 84
[2026-02-18 10:51:16] [SESSION 4] Processing page 85
[2026-02-18 10:51:17] [SESSION 4] Saved 10 bids from page 85
[2026-02-18 10:51:18] [SESSION 4] Processing page 86
[2026-02-18 10:51:19] [SESSION 4] Saved 10 bids from page 86
[2026-02-18 10:51:20] [SESSION 4] Processing page 87
[2026-02-18 10:51:21] [SESSION 4] Saved 10 bids from page 87
[2026-02-18 10:51:23] [SESSION 4] Processing page 88
[2026-02-18 10:51:23] [SESSION 4] Saved 10 bids from page 88
[2026-02-18 10:51:25] [SESSION 4] Processing page 89
[2026-02-18 10:51:25] [SESSION 4] Saved 9 bids from page 89
[2026-02-18 10:51:27] [SESSION 4] Processing page 90
[2026-02-18 10:51:27] [SESSION 4] Saved 9 bids from page 90
[2026-02-18 10:51:29] [SESSION 4] Processing page 91
[2026-02-18 10:51:29] [SESSION 4] Saved 10 bids from page 91
[2026-02-18 10:51:31] [SESSION 4] Processing page 92
[2026-02-18 10:51:32] [SESSION 4] Saved 10 bids from page 92
[2026-02-18 10:51:33] [SESSION 4] Processing page 93
[2026-02-18 10:51:34] [SESSION 4] Saved 9 bids from page 93
[2026-02-18 10:51:35] [SESSION 4] Processing page 94
[2026-02-18 10:51:36] [SESSION 4] Saved 10 bids from page 94
[2026-02-18 10:51:37] [SESSION 4] Processing page 95
[2026-02-18 10:51:38] [SESSION 4] Saved 10 bids from page 95
[2026-02-18 10:51:40] [SESSION 4] Processing page 96
[2026-02-18 10:51:40] [SESSION 4] Saved 10 bids from page 96
[2026-02-18 10:51:42] [SESSION 4] Processing page 97
[2026-02-18 10:51:43] [SESSION 4] Saved 10 bids from page 97
[2026-02-18 10:51:45] [SESSION 4] Processing page 98
[2026-02-18 10:51:45] [SESSION 4] Saved 10 bids from page 98
[2026-02-18 10:51:47] [SESSION 4] Processing page 99
[2026-02-18 10:51:47] [SESSION 4] Saved 10 bids from page 99
[2026-02-18 10:51:49] [SESSION 4] Processing page 100
[2026-02-18 10:51:50] [SESSION 4] Saved 10 bids from page 100
[2026-02-18 10:51:52] [SESSION 4] Processing page 101
[2026-02-18 10:51:52] [SESSION 4] Saved 10 bids from page 101
[2026-02-18 10:51:54] [SESSION 4] Processing page 102
[2026-02-18 10:51:54] [SESSION 4] Saved 9 bids from page 102
[2026-02-18 10:51:56] [SESSION 4] Processing page 103
[2026-02-18 10:51:57] [SESSION 4] Saved 9 bids from page 103
[2026-02-18 10:51:58] [SESSION 4] Processing page 104
[2026-02-18 10:51:59] [SESSION 4] Saved 10 bids from page 104
[2026-02-18 10:52:00] [SESSION 4] Processing page 105
[2026-02-18 10:52:01] [SESSION 4] Saved 10 bids from page 105
[2026-02-18 10:52:02] [SESSION 4] Processing page 106
[2026-02-18 10:52:03] [SESSION 4] Saved 10 bids from page 106
[2026-02-18 10:52:04] [SESSION 4] Processing page 107
[2026-02-18 10:52:05] [SESSION 4] Saved 10 bids from page 107
[2026-02-18 10:52:07] [SESSION 4] Processing page 108
[2026-02-18 10:52:08] [SESSION 4] Saved 10 bids from page 108
[2026-02-18 10:52:09] [SESSION 4] Processing page 109
[2026-02-18 10:52:10] [SESSION 4] Saved 10 bids from page 109
[2026-02-18 10:52:11] [SESSION 4] Processing page 110
[2026-02-18 10:52:12] [SESSION 4] Saved 10 bids from page 110
[2026-02-18 10:52:14] [SESSION 4] Processing page 111
[2026-02-18 10:52:14] [SESSION 4] Saved 10 bids from page 111
[2026-02-18 10:52:16] [SESSION 4] Processing page 112
[2026-02-18 10:52:16] [SESSION 4] Saved 10 bids from page 112
[2026-02-18 10:52:18] [SESSION 4] Processing page 113
[2026-02-18 10:52:18] [SESSION 4] Saved 7 bids from page 113
[2026-02-18 10:52:20] [SESSION 4] Processing page 114
[2026-02-18 10:52:21] [SESSION 4] Saved 0 bids from page 114
[2026-02-18 10:52:21] [SESSION 4] Pagination completed safely.
[2026-02-18 10:52:21] [SESSION 4] Session completed: 37 new bids found, 114 pages processed
[2026-02-18 18:24:39] [SESSION 4] Starting scraper - Keyword: 'batter' | Output: gem_all_bids_session4.csv
[2026-02-18 18:24:49] [SESSION 4] Processing page 1
[2026-02-18 18:24:51] [SESSION 4] Saved 10 bids from page 1
[2026-02-18 18:24:52] [SESSION 4] Processing page 2
[2026-02-18 18:24:53] [SESSION 4] Saved 9 bids from page 2
[2026-02-18 18:24:55] [SESSION 4] Processing page 3
[2026-02-18 18:24:56] [SESSION 4] Saved 9 bids from page 3
[2026-02-18 18:24:57] [SESSION 4] Processing page 4
[2026-02-18 18:24:58] [SESSION 4] Saved 9 bids from page 4
[2026-02-18 18:24:59] [SESSION 4] Processing page 5
[2026-02-18 18:25:00] [SESSION 4] Saved 10 bids from page 5
[2026-02-18 18:25:01] [SESSION 4] Processing page 6
[2026-02-18 18:25:02] [SESSION 4] Saved 10 bids from page 6
[2026-02-18 18:25:03] [SESSION 4] Processing page 7
[2026-02-18 18:25:04] [SESSION 4] Saved 10 bids from page 7
[2026-02-18 18:25:05] [SESSION 4] Processing page 8
[2026-02-18 18:25:06] [SESSION 4] Saved 10 bids from page 8
[2026-02-18 18:25:07] [SESSION 4] Processing page 9
[2026-02-18 18:25:08] [SESSION 4] Saved 9 bids from page 9
[2026-02-18 18:25:10] [SESSION 4] Processing page 10
[2026-02-18 18:25:10] [SESSION 4] Saved 9 bids from page 10
[2026-02-18 18:25:12] [SESSION 4] Processing page 11
[2026-02-18 18:25:13] [SESSION 4] Saved 10 bids from page 11
[2026-02-18 18:25:15] [SESSION 4] Processing page 12
[2026-02-18 18:25:16] [SESSION 4] Saved 10 bids from page 12
[2026-02-18 18:25:19] [SESSION 4] Processing page 13
[2026-02-18 18:25:19] [SESSION 4] Saved 10 bids from page 13
[2026-02-18 18:25:23] [SESSION 4] Processing page 14
[2026-02-18 18:25:23] [SESSION 4] Saved 10 bids from page 14
[2026-02-18 18:25:27] [SESSION 4] Processing page 15
[2026-02-18 18:25:27] [SESSION 4] Saved 9 bids from page 15
[2026-02-18 18:25:31] [SESSION 4] Processing page 16
[2026-02-18 18:25:31] [SESSION 4] Saved 9 bids from page 16
[2026-02-18 18:25:35] [SESSION 4] Processing page 17
[2026-02-18 18:25:35] [SESSION 4] Saved 10 bids from page 17
[2026-02-18 18:25:39] [SESSION 4] Processing page 18
[2026-02-18 18:25:39] [SESSION 4] Saved 9 bids from page 18
[2026-02-18 18:25:43] [SESSION 4] Processing page 19
[2026-02-18 18:25:43] [SESSION 4] Saved 9 bids from page 19
[2026-02-18 18:25:46] [SESSION 4] Processing page 20
[2026-02-18 18:25:46] [SESSION 4] Saved 10 bids from page 20
[2026-02-18 18:25:50] [SESSION 4] Processing page 21
[2026-02-18 18:25:51] [SESSION 4] Saved 10 bids from page 21
[2026-02-18 18:25:54] [SESSION 4] Processing page 22
[2026-02-18 18:25:54] [SESSION 4] Saved 10 bids from page 22
[2026-02-18 18:25:58] [SESSION 4] Processing page 23
[2026-02-18 18:25:58] [SESSION 4] Saved 10 bids from page 23
[2026-02-18 18:26:02] [SESSION 4] Processing page 24
[2026-02-18 18:26:02] [SESSION 4] Saved 10 bids from page 24
[2026-02-18 18:26:06] [SESSION 4] Processing page 25
[2026-02-18 18:26:06] [SESSION 4] Saved 10 bids from page 25
[2026-02-18 18:26:10] [SESSION 4] Processing page 26
[2026-02-18 18:26:10] [SESSION 4] Saved 8 bids from page 26
[2026-02-18 18:26:14] [SESSION 4] Processing page 27
[2026-02-18 18:26:14] [SESSION 4] Saved 10 bids from page 27
[2026-02-18 18:26:18] [SESSION 4] Processing page 28
[2026-02-18 18:26:18] [SESSION 4] Saved 9 bids from page 28
[2026-02-18 18:26:22] [SESSION 4] Processing page 29
[2026-02-18 18:26:22] [SESSION 4] Saved 6 bids from page 29
[2026-02-18 18:26:26] [SESSION 4] Processing page 30
[2026-02-18 18:26:26] [SESSION 4] Saved 10 bids from page 30
[2026-02-18 18:26:30] [SESSION 4] Processing page 31
[2026-02-18 18:26:30] [SESSION 4] Saved 10 bids from page 31
[2026-02-18 18:26:34] [SESSION 4] Processing page 32
[2026-02-18 18:26:34] [SESSION 4] Saved 10 bids from page 32
[2026-02-18 18:26:38] [SESSION 4] Processing page 33
[2026-02-18 18:26:38] [SESSION 4] Saved 10 bids from page 33
[2026-02-18 18:26:42] [SESSION 4] Processing page 34
[2026-02-18 18:26:42] [SESSION 4] Saved 10 bids from page 34
[2026-02-18 18:26:46] [SESSION 4] Processing page 35
[2026-02-18 18:26:46] [SESSION 4] Saved 10 bids from page 35
[2026-02-18 18:26:50] [SESSION 4] Processing page 36
[2026-02-18 18:26:51] [SESSION 4] Saved 10 bids from page 36
[2026-02-18 18:26:54] [SESSION 4] Processing page 37
[2026-02-18 18:26:54] [SESSION 4] Saved 7 bids from page 37
[2026-02-18 18:26:58] [SESSION 4] Processing page 38
[2026-02-18 18:26:58] [SESSION 4] Saved 8 bids from page 38
[2026-02-18 18:27:01] [SESSION 4] Processing page 39
[2026-02-18 18:27:01] [SESSION 4] Saved 9 bids from page 39
[2026-02-18 18:27:05] [SESSION 4] Processing page 40
[2026-02-18 18:27:05] [SESSION 4] Saved 4 bids from page 40
[2026-02-18 18:27:08] [SESSION 4] Processing page 41
[2026-02-18 18:27:08] [SESSION 4] Saved 10 bids from page 41
[2026-02-18 18:27:12] [SESSION 4] Processing page 42
[2026-02-18 18:27:12] [SESSION 4] Saved 10 bids from page 42
[2026-02-18 18:27:16] [SESSION 4] Processing page 43
[2026-02-18 18:27:16] [SESSION 4] Saved 10 bids from page 43
[2026-02-18 18:27:20] [SESSION 4] Processing page 44
[2026-02-18 18:27:21] [SESSION 4] Saved 2 bids from page 44
[2026-02-18 18:27:24] [SESSION 4] Processing page 45
[2026-02-18 18:27:24] [SESSION 4] Saved 10 bids from page 45
[2026-02-18 18:27:28] [SESSION 4] Processing page 46
[2026-02-18 18:27:29] [SESSION 4] Saved 8 bids from page 46
[2026-02-18 18:27:32] [SESSION 4] Processing page 47
[2026-02-18 18:27:32] [SESSION 4] Saved 10 bids from page 47
[2026-02-18 18:27:36] [SESSION 4] Processing page 48
[2026-02-18 18:27:37] [SESSION 4] Saved 10 bids from page 48
[2026-02-18 18:27:40] [SESSION 4] Processing page 49
[2026-02-18 18:27:41] [SESSION 4] Saved 7 bids from page 49
[2026-02-18 18:27:44] [SESSION 4] Processing page 50
[2026-02-18 18:27:44] [SESSION 4] Saved 10 bids from page 50
[2026-02-18 18:27:47] [SESSION 4] Processing page 51
[2026-02-18 18:27:47] [SESSION 4] Saved 10 bids from page 51
[2026-02-18 18:27:50] [SESSION 4] Processing page 52
[2026-02-18 18:27:50] [SESSION 4] Saved 7 bids from page 52
[2026-02-18 18:27:53] [SESSION 4] Processing page 53
[2026-02-18 18:27:54] [SESSION 4] Saved 10 bids from page 53
[2026-02-18 18:27:57] [SESSION 4] Processing page 54
[2026-02-18 18:27:58] [SESSION 4] Saved 5 bids from page 54
[2026-02-18 18:28:01] [SESSION 4] Processing page 55
[2026-02-18 18:28:02] [SESSION 4] Saved 7 bids from page 55
[2026-02-18 18:28:05] [SESSION 4] Processing page 56
[2026-02-18 18:28:06] [SESSION 4] Saved 9 bids from page 56
[2026-02-18 18:28:09] [SESSION 4] Processing page 57
[2026-02-18 18:28:10] [SESSION 4] Saved 10 bids from page 57
[2026-02-18 18:28:13] [SESSION 4] Processing page 58
[2026-02-18 18:28:14] [SESSION 4] Saved 10 bids from page 58
[2026-02-18 18:28:16] [SESSION 4] Processing page 59
[2026-02-18 18:28:17] [SESSION 4] Saved 10 bids from page 59
[2026-02-18 18:28:20] [SESSION 4] Processing page 60
[2026-02-18 18:28:21] [SESSION 4] Saved 9 bids from page 60
[2026-02-18 18:28:24] [SESSION 4] Processing page 61
[2026-02-18 18:28:25] [SESSION 4] Saved 10 bids from page 61
[2026-02-18 18:28:28] [SESSION 4] Processing page 62
[2026-02-18 18:28:29] [SESSION 4] Saved 10 bids from page 62
[2026-02-18 18:28:32] [SESSION 4] Processing page 63
[2026-02-18 18:28:33] [SESSION 4] Saved 8 bids from page 63
[2026-02-18 18:28:36] [SESSION 4] Processing page 64
[2026-02-18 18:28:37] [SESSION 4] Saved 10 bids from page 64
[2026-02-18 18:28:40] [SESSION 4] Processing page 65
[2026-02-18 18:28:41] [SESSION 4] Saved 10 bids from page 65
[2026-02-18 18:28:43] [SESSION 4] Processing page 66
[2026-02-18 18:28:44] [SESSION 4] Saved 10 bids from page 66
[2026-02-18 18:28:46] [SESSION 4] Processing page 67
[2026-02-18 18:28:47] [SESSION 4] Saved 10 bids from page 67
[2026-02-18 18:28:51] [SESSION 4] Processing page 68
[2026-02-18 18:28:51] [SESSION 4] Saved 10 bids from page 68
[2026-02-18 18:28:54] [SESSION 4] Processing page 69
[2026-02-18 18:28:55] [SESSION 4] Saved 10 bids from page 69
[2026-02-18 18:28:57] [SESSION 4] Processing page 70
[2026-02-18 18:28:58] [SESSION 4] Saved 10 bids from page 70
[2026-02-18 18:29:01] [SESSION 4] Processing page 71
[2026-02-18 18:29:02] [SESSION 4] Saved 9 bids from page 71
[2026-02-18 18:29:05] [SESSION 4] Processing page 72
[2026-02-18 18:29:06] [SESSION 4] Saved 9 bids from page 72
[2026-02-18 18:29:09] [SESSION 4] Processing page 73
[2026-02-18 18:29:10] [SESSION 4] Saved 10 bids from page 73
[2026-02-18 18:29:13] [SESSION 4] Processing page 74
[2026-02-18 18:29:14] [SESSION 4] Saved 9 bids from page 74
[2026-02-18 18:29:17] [SESSION 4] Processing page 75
[2026-02-18 18:29:18] [SESSION 4] Saved 10 bids from page 75
[2026-02-18 18:29:21] [SESSION 4] Processing page 76
[2026-02-18 18:29:22] [SESSION 4] Saved 9 bids from page 76
[2026-02-18 18:29:24] [SESSION 4] Processing page 77
[2026-02-18 18:29:25] [SESSION 4] Saved 10 bids from page 77
[2026-02-18 18:29:27] [SESSION 4] Processing page 78
[2026-02-18 18:29:28] [SESSION 4] Saved 10 bids from page 78
[2026-02-18 18:29:30] [SESSION 4] Processing page 79
[2026-02-18 18:29:31] [SESSION 4] Saved 10 bids from page 79
[2026-02-18 18:29:34] [SESSION 4] Processing page 80
[2026-02-18 18:29:35] [SESSION 4] Saved 10 bids from page 80
[2026-02-18 18:29:38] [SESSION 4] Processing page 81
[2026-02-18 18:29:39] [SESSION 4] Saved 10 bids from page 81
[2026-02-18 18:29:42] [SESSION 4] Processing page 82
[2026-02-18 18:29:43] [SESSION 4] Saved 10 bids from page 82
[2026-02-18 18:29:46] [SESSION 4] Processing page 83
[2026-02-18 18:29:47] [SESSION 4] Saved 10 bids from page 83
[2026-02-18 18:29:51] [SESSION 4] Processing page 84
[2026-02-18 18:29:52] [SESSION 4] Saved 9 bids from page 84
[2026-02-18 18:29:54] [SESSION 4] Processing page 85
[2026-02-18 18:29:55] [SESSION 4] Saved 10 bids from page 85
[2026-02-18 18:29:58] [SESSION 4] Processing page 86
[2026-02-18 18:29:59] [SESSION 4] Saved 8 bids from page 86
[2026-02-18 18:30:03] [SESSION 4] Processing page 87
[2026-02-18 18:30:03] [SESSION 4] Saved 9 bids from page 87
[2026-02-18 18:30:07] [SESSION 4] Processing page 88
[2026-02-18 18:30:07] [SESSION 4] Saved 9 bids from page 88
[2026-02-18 18:30:11] [SESSION 4] Processing page 89
[2026-02-18 18:30:11] [SESSION 4] Saved 10 bids from page 89
[2026-02-18 18:30:15] [SESSION 4] Processing page 90
[2026-02-18 18:30:15] [SESSION 4] Saved 10 bids from page 90
[2026-02-18 18:30:19] [SESSION 4] Processing page 91
[2026-02-18 18:30:19] [SESSION 4] Saved 10 bids from page 91
[2026-02-18 18:30:22] [SESSION 4] Processing page 92
[2026-02-18 18:30:22] [SESSION 4] Saved 8 bids from page 92
[2026-02-18 18:30:25] [SESSION 4] Processing page 93
[2026-02-18 18:30:25] [SESSION 4] Saved 8 bids from page 93
[2026-02-18 18:30:28] [SESSION 4] Processing page 94
[2026-02-18 18:30:28] [SESSION 4] Saved 9 bids from page 94
[2026-02-18 18:30:31] [SESSION 4] Processing page 95
[2026-02-18 18:30:31] [SESSION 4] Saved 10 bids from page 95
[2026-02-18 18:30:35] [SESSION 4] Processing page 96
[2026-02-18 18:30:35] [SESSION 4] Saved 10 bids from page 96
[2026-02-18 18:30:39] [SESSION 4] Processing page 97
[2026-02-18 18:30:39] [SESSION 4] Saved 10 bids from page 97
[2026-02-18 18:30:43] [SESSION 4] Processing page 98
[2026-02-18 18:30:43] [SESSION 4] Saved 10 bids from page 98
[2026-02-18 18:30:46] [SESSION 4] Processing page 99
[2026-02-18 18:30:46] [SESSION 4] Saved 10 bids from page 99
[2026-02-18 18:30:49] [SESSION 4] Processing page 100
[2026-02-18 18:30:49] [SESSION 4] Saved 10 bids from page 100
[2026-02-18 18:30:52] [SESSION 4] Processing page 101
[2026-02-18 18:30:52] [SESSION 4] Saved 10 bids from page 101
[2026-02-18 18:30:55] [SESSION 4] Processing page 102
[2026-02-18 18:30:55] [SESSION 4] Saved 9 bids from page 102
[2026-02-18 18:30:58] [SESSION 4] Processing page 103
[2026-02-18 18:30:58] [SESSION 4] Saved 10 bids from page 103
[2026-02-18 18:31:01] [SESSION 4] Processing page 104
[2026-02-18 18:31:01] [SESSION 4] Saved 9 bids from page 104
[2026-02-18 18:31:04] [SESSION 4] Processing page 105
[2026-02-18 18:31:04] [SESSION 4] Saved 10 bids from page 105
[2026-02-18 18:31:08] [SESSION 4] Processing page 106
[2026-02-18 18:31:08] [SESSION 4] Saved 10 bids from page 106
[2026-02-18 18:31:11] [SESSION 4] Processing page 107
[2026-02-18 18:31:11] [SESSION 4] Saved 10 bids from page 107
[2026-02-18 18:31:15] [SESSION 4] Processing page 108
[2026-02-18 18:31:15] [SESSION 4] Saved 10 bids from page 108
[2026-02-18 18:31:18] [SESSION 4] Processing page 109
[2026-02-18 18:31:18] [SESSION 4] Saved 10 bids from page 109
[2026-02-18 18:31:21] [SESSION 4] Processing page 110
[2026-02-18 18:31:21] [SESSION 4] Saved 10 bids from page 110
[2026-02-18 18:31:24] [SESSION 4] Processing page 111
[2026-02-18 18:31:24] [SESSION 4] Saved 10 bids from page 111
[2026-02-18 18:31:27] [SESSION 4] Processing page 112
[2026-02-18 18:31:27] [SESSION 4] Saved 10 bids from page 112
[2026-02-18 18:31:30] [SESSION 4] Processing page 113
[2026-02-18 18:31:30] [SESSION 4] Saved 10 bids from page 113
[2026-02-18 18:31:33] [SESSION 4] Processing page 114
[2026-02-18 18:31:33] [SESSION 4] Saved 10 bids from page 114
[2026-02-18 18:31:36] [SESSION 4] Processing page 115
[2026-02-18 18:31:36] [SESSION 4] Saved 10 bids from page 115
[2026-02-18 18:31:39] [SESSION 4] Processing page 116
[2026-02-18 18:31:39] [SESSION 4] Saved 10 bids from page 116
[2026-02-18 18:31:42] [SESSION 4] Processing page 117
[2026-02-18 18:31:42] [SESSION 4] Saved 10 bids from page 117
[2026-02-18 18:31:45] [SESSION 4] Processing page 118
[2026-02-18 18:31:45] [SESSION 4] Saved 2 bids from page 118
[2026-02-18 18:31:47] [SESSION 4] Processing page 119
[2026-02-18 18:31:47] [SESSION 4] Saved 0 bids from page 119
[2026-02-18 18:31:47] [SESSION 4] Pagination completed safely.
[2026-02-18 18:31:47] [SESSION 4] Session completed: 83 new bids found, 119 pages processed
[2026-02-18 18:41:15] [SESSION 4] Starting scraper - Keyword: 'batter' | Output: gem_all_bids_session4.csv
[2026-02-18 18:41:23] [SESSION 4] Processing page 1
[2026-02-18 18:41:24] [SESSION 4] Saved 10 bids from page 1
[2026-02-18 18:41:28] [SESSION 4] Processing page 2
[2026-02-18 18:41:29] [SESSION 4] Saved 10 bids from page 2
[2026-02-18 18:41:32] [SESSION 4] Processing page 3
[2026-02-18 18:41:33] [SESSION 4] Saved 9 bids from page 3
[2026-02-18 18:41:36] [SESSION 4] Processing page 4
[2026-02-18 18:41:37] [SESSION 4] Saved 9 bids from page 4
[2026-02-18 18:41:40] [SESSION 4] Processing page 5
[2026-02-18 18:41:41] [SESSION 4] Saved 10 bids from page 5
[2026-02-18 18:41:44] [SESSION 4] Processing page 6
[2026-02-18 18:41:45] [SESSION 4] Saved 10 bids from page 6
[2026-02-18 18:41:48] [SESSION 4] Processing page 7
[2026-02-18 18:41:49] [SESSION 4] Saved 10 bids from page 7
[2026-02-18 18:41:52] [SESSION 4] Processing page 8
[2026-02-18 18:41:53] [SESSION 4] Saved 10 bids from page 8
[2026-02-18 18:41:56] [SESSION 4] Processing page 9
[2026-02-18 18:41:57] [SESSION 4] Saved 9 bids from page 9
[2026-02-18 18:42:00] [SESSION 4] Processing page 10
[2026-02-18 18:42:01] [SESSION 4] Saved 10 bids from page 10
[2026-02-18 18:42:04] [SESSION 4] Processing page 11
[2026-02-18 18:42:05] [SESSION 4] Saved 10 bids from page 11
[2026-02-18 18:42:08] [SESSION 4] Processing page 12
[2026-02-18 18:42:09] [SESSION 4] Saved 9 bids from page 12
[2026-02-18 18:42:12] [SESSION 4] Processing page 13
[2026-02-18 18:42:14] [SESSION 4] Saved 10 bids from page 13
[2026-02-18 18:42:17] [SESSION 4] Processing page 14
[2026-02-18 18:42:18] [SESSION 4] Saved 10 bids from page 14
[2026-02-18 18:42:20] [SESSION 4] Processing page 15
[2026-02-18 18:42:21] [SESSION 4] Saved 10 bids from page 15
[2026-02-18 18:42:24] [SESSION 4] Processing page 16
[2026-02-18 18:42:25] [SESSION 4] Saved 10 bids from page 16
[2026-02-18 18:42:27] [SESSION 4] Processing page 17
[2026-02-18 18:42:28] [SESSION 4] Saved 10 bids from page 17
[2026-02-18 18:42:30] [SESSION 4] Processing page 18
[2026-02-18 18:42:31] [SESSION 4] Saved 10 bids from page 18
[2026-02-18 18:42:34] [SESSION 4] Processing page 19
[2026-02-18 18:42:35] [SESSION 4] Saved 10 bids from page 19
[2026-02-18 18:42:38] [SESSION 4] Processing page 20
[2026-02-18 18:42:39] [SESSION 4] Saved 10 bids from page 20
[2026-02-18 18:42:42] [SESSION 4] Processing page 21
[2026-02-18 18:42:43] [SESSION 4] Saved 10 bids from page 21
[2026-02-18 18:42:47] [SESSION 4] Processing page 22
[2026-02-18 18:42:47] [SESSION 4] Saved 10 bids from page 22
[2026-02-18 18:42:51] [SESSION 4] Processing page 23
[2026-02-18 18:42:51] [SESSION 4] Saved 10 bids from page 23
[2026-02-18 18:42:54] [SESSION 4] Processing page 24
[2026-02-18 18:42:54] [SESSION 4] Saved 9 bids from page 24
[2026-02-18 18:42:57] [SESSION 4] Processing page 25
[2026-02-18 18:42:57] [SESSION 4] Saved 10 bids from page 25
[2026-02-18 18:43:00] [SESSION 4] Processing page 26
[2026-02-18 18:43:00] [SESSION 4] Saved 10 bids from page 26
[2026-02-18 18:43:03] [SESSION 4] Processing page 27
[2026-02-18 18:43:03] [SESSION 4] Saved 10 bids from page 27
[2026-02-18 18:43:05] [SESSION 4] Processing page 28
[2026-02-18 18:43:05] [SESSION 4] Saved 10 bids from page 28
[2026-02-18 18:43:07] [SESSION 4] Processing page 29
[2026-02-18 18:43:07] [SESSION 4] Saved 6 bids from page 29
[2026-02-18 18:43:09] [SESSION 4] Processing page 30
[2026-02-18 18:43:09] [SESSION 4] Saved 8 bids from page 30
[2026-02-18 18:43:11] [SESSION 4] Processing page 31
[2026-02-18 18:43:11] [SESSION 4] Saved 10 bids from page 31
[2026-02-18 18:43:14] [SESSION 4] Processing page 32
[2026-02-18 18:43:14] [SESSION 4] Saved 9 bids from page 32
[2026-02-18 18:43:17] [SESSION 4] Processing page 33
[2026-02-18 18:43:17] [SESSION 4] Saved 9 bids from page 33
[2026-02-18 18:43:21] [SESSION 4] Processing page 34
[2026-02-18 18:43:21] [SESSION 4] Saved 10 bids from page 34
[2026-02-18 18:43:24] [SESSION 4] Processing page 35
[2026-02-18 18:43:24] [SESSION 4] Saved 10 bids from page 35
[2026-02-18 18:43:27] [SESSION 4] Processing page 36
[2026-02-18 18:43:27] [SESSION 4] Saved 10 bids from page 36
[2026-02-18 18:43:30] [SESSION 4] Processing page 37
[2026-02-18 18:43:30] [SESSION 4] Saved 10 bids from page 37
[2026-02-18 18:43:33] [SESSION 4] Processing page 38
[2026-02-18 18:43:33] [SESSION 4] Saved 8 bids from page 38
[2026-02-18 18:43:36] [SESSION 4] Processing page 39
[2026-02-18 18:43:36] [SESSION 4] Saved 9 bids from page 39
[2026-02-18 18:43:40] [SESSION 4] Processing page 40
[2026-02-18 18:43:40] [SESSION 4] Saved 10 bids from page 40
[2026-02-18 18:43:43] [SESSION 4] Processing page 41
[2026-02-18 18:43:43] [SESSION 4] Saved 10 bids from page 41
[2026-02-18 18:43:46] [SESSION 4] Processing page 42
[2026-02-18 18:43:46] [SESSION 4] Saved 8 bids from page 42
[2026-02-18 18:43:49] [SESSION 4] Processing page 43
[2026-02-18 18:43:49] [SESSION 4] Saved 9 bids from page 43
[2026-02-18 18:43:53] [SESSION 4] Processing page 44
[2026-02-18 18:43:53] [SESSION 4] Saved 8 bids from page 44
[2026-02-18 18:43:56] [SESSION 4] Processing page 45
[2026-02-18 18:43:56] [SESSION 4] Saved 10 bids from page 45
[2026-02-18 18:43:59] [SESSION 4] Processing page 46
[2026-02-18 18:43:59] [SESSION 4] Saved 7 bids from page 46
[2026-02-18 18:44:02] [SESSION 4] Processing page 47
[2026-02-18 18:44:02] [SESSION 4] Saved 10 bids from page 47
[2026-02-18 18:44:05] [SESSION 4] Processing page 48
[2026-02-18 18:44:05] [SESSION 4] Saved 8 bids from page 48
[2026-02-18 18:44:08] [SESSION 4] Processing page 49
[2026-02-18 18:44:08] [SESSION 4] Saved 10 bids from page 49
[2026-02-18 18:44:11] [SESSION 4] Processing page 50
[2026-02-18 18:44:11] [SESSION 4] Saved 10 bids from page 50
[2026-02-18 18:44:14] [SESSION 4] Processing page 51
[2026-02-18 18:44:14] [SESSION 4] Saved 10 bids from page 51
[2026-02-18 18:44:17] [SESSION 4] Processing page 52
[2026-02-18 18:44:17] [SESSION 4] Saved 10 bids from page 52
[2026-02-18 18:44:20] [SESSION 4] Processing page 53
[2026-02-18 18:44:20] [SESSION 4] Saved 10 bids from page 53
[2026-02-18 18:44:23] [SESSION 4] Processing page 54
[2026-02-18 18:44:23] [SESSION 4] Saved 5 bids from page 54
[2026-02-18 18:44:26] [SESSION 4] Processing page 55
[2026-02-18 18:44:26] [SESSION 4] Saved 10 bids from page 55
[2026-02-18 18:44:29] [SESSION 4] Processing page 56
[2026-02-18 18:44:29] [SESSION 4] Saved 10 bids from page 56
[2026-02-18 18:44:32] [SESSION 4] Processing page 57
[2026-02-18 18:44:32] [SESSION 4] Saved 10 bids from page 57
[2026-02-18 18:44:34] [SESSION 4] Processing page 58
[2026-02-18 18:44:34] [SESSION 4] Saved 10 bids from page 58
[2026-02-18 18:44:36] [SESSION 4] Processing page 59
[2026-02-18 18:44:36] [SESSION 4] Saved 9 bids from page 59
[2026-02-18 18:44:38] [SESSION 4] Processing page 60
[2026-02-18 18:44:38] [SESSION 4] Saved 9 bids from page 60
[2026-02-18 18:44:42] [SESSION 4] Processing page 61
[2026-02-18 18:44:42] [SESSION 4] Saved 10 bids from page 61
[2026-02-18 18:44:45] [SESSION 4] Processing page 62
[2026-02-18 18:44:45] [SESSION 4] Saved 10 bids from page 62
[2026-02-18 18:44:49] [SESSION 4] Processing page 63
[2026-02-18 18:44:49] [SESSION 4] Saved 10 bids from page 63
[2026-02-18 18:44:53] [SESSION 4] Processing page 64
[2026-02-18 18:44:53] [SESSION 4] Saved 10 bids from page 64
[2026-02-18 18:44:57] [SESSION 4] Processing page 65
[2026-02-18 18:44:58] [SESSION 4] Saved 10 bids from page 65
[2026-02-18 18:45:02] [SESSION 4] Processing page 66
[2026-02-18 18:45:04] [SESSION 4] Saved 10 bids from page 66
[2026-02-18 18:45:07] [SESSION 4] Processing page 67
[2026-02-18 18:45:08] [SESSION 4] Saved 9 bids from page 67
[2026-02-18 18:45:11] [SESSION 4] Processing page 68
[2026-02-18 18:45:11] [SESSION 4] Saved 9 bids from page 68
[2026-02-18 18:45:14] [SESSION 4] Processing page 69
[2026-02-18 18:45:14] [SESSION 4] Saved 9 bids from page 69
[2026-02-18 18:45:17] [SESSION 4] Processing page 70
[2026-02-18 18:45:17] [SESSION 4] Saved 10 bids from page 70
[2026-02-18 18:45:20] [SESSION 4] Processing page 71
[2026-02-18 18:45:21] [SESSION 4] Saved 10 bids from page 71
[2026-02-18 18:45:23] [SESSION 4] Processing page 72
[2026-02-18 18:45:24] [SESSION 4] Saved 10 bids from page 72
[2026-02-18 18:45:26] [SESSION 4] Processing page 73
[2026-02-18 18:45:27] [SESSION 4] Saved 10 bids from page 73
[2026-02-18 18:45:30] [SESSION 4] Processing page 74
[2026-02-18 18:45:31] [SESSION 4] Saved 9 bids from page 74
[2026-02-18 18:45:34] [SESSION 4] Processing page 75
[2026-02-18 18:45:35] [SESSION 4] Saved 10 bids from page 75
[2026-02-18 18:45:38] [SESSION 4] Processing page 76
[2026-02-18 18:45:39] [SESSION 4] Saved 10 bids from page 76
[2026-02-18 18:45:42] [SESSION 4] Processing page 77
[2026-02-18 18:45:43] [SESSION 4] Saved 10 bids from page 77
[2026-02-18 18:45:46] [SESSION 4] Processing page 78
[2026-02-18 18:45:47] [SESSION 4] Saved 10 bids from page 78
[2026-02-18 18:45:50] [SESSION 4] Processing page 79
[2026-02-18 18:45:51] [SESSION 4] Saved 9 bids from page 79
[2026-02-18 18:45:54] [SESSION 4] Processing page 80
[2026-02-18 18:45:55] [SESSION 4] Saved 10 bids from page 80
[2026-02-18 18:45:59] [SESSION 4] Processing page 81
[2026-02-18 18:46:00] [SESSION 4] Saved 10 bids from page 81
[2026-02-18 18:46:03] [SESSION 4] Processing page 82
[2026-02-18 18:46:06] [SESSION 4] Saved 10 bids from page 82
[2026-02-18 18:46:09] [SESSION 4] Processing page 83
[2026-02-18 18:46:10] [SESSION 4] Saved 10 bids from page 83
[2026-02-18 18:46:13] [SESSION 4] Processing page 84
[2026-02-18 18:46:14] [SESSION 4] Saved 10 bids from page 84
[2026-02-18 18:46:17] [SESSION 4] Processing page 85
[2026-02-18 18:46:18] [SESSION 4] Saved 9 bids from page 85
[2026-02-18 18:46:20] [SESSION 4] Processing page 86
[2026-02-18 18:46:21] [SESSION 4] Saved 10 bids from page 86
[2026-02-18 18:46:23] [SESSION 4] Processing page 87
[2026-02-18 18:46:24] [SESSION 4] Saved 10 bids from page 87
[2026-02-18 18:46:27] [SESSION 4] Processing page 88
[2026-02-18 18:46:28] [SESSION 4] Saved 9 bids from page 88
[2026-02-18 18:46:31] [SESSION 4] Processing page 89
[2026-02-18 18:46:32] [SESSION 4] Saved 9 bids from page 89
[2026-02-18 18:46:35] [SESSION 4] Processing page 90
[2026-02-18 18:46:36] [SESSION 4] Saved 10 bids from page 90
[2026-02-18 18:46:39] [SESSION 4] Processing page 91
[2026-02-18 18:46:40] [SESSION 4] Saved 10 bids from page 91
[2026-02-18 18:46:43] [SESSION 4] Processing page 92
[2026-02-18 18:46:44] [SESSION 4] Saved 10 bids from page 92
[2026-02-18 18:46:46] [SESSION 4] Processing page 93
[2026-02-18 18:46:47] [SESSION 4] Saved 10 bids from page 93
[2026-02-18 18:46:50] [SESSION 4] Processing page 94
[2026-02-18 18:46:51] [SESSION 4] Saved 10 bids from page 94
[2026-02-18 18:46:53] [SESSION 4] Processing page 95
[2026-02-18 18:46:55] [SESSION 4] Saved 9 bids from page 95
[2026-02-18 18:46:57] [SESSION 4] Processing page 96
[2026-02-18 18:46:59] [SESSION 4] Saved 9 bids from page 96
[2026-02-18 18:47:01] [SESSION 4] Processing page 97
[2026-02-18 18:47:03] [SESSION 4] Saved 10 bids from page 97
[2026-02-18 18:47:05] [SESSION 4] Processing page 98
[2026-02-18 18:47:06] [SESSION 4] Saved 10 bids from page 98
[2026-02-18 18:47:09] [SESSION 4] Processing page 99
[2026-02-18 18:47:10] [SESSION 4] Saved 10 bids from page 99
[2026-02-18 18:47:12] [SESSION 4] Processing page 100
[2026-02-18 18:47:13] [SESSION 4] Saved 10 bids from page 100
[2026-02-18 18:47:15] [SESSION 4] Processing page 101
[2026-02-18 18:47:16] [SESSION 4] Saved 9 bids from page 101
[2026-02-18 18:47:19] [SESSION 4] Processing page 102
[2026-02-18 18:47:19] [SESSION 4] Saved 10 bids from page 102
[2026-02-18 18:47:23] [SESSION 4] Processing page 103
[2026-02-18 18:47:23] [SESSION 4] Saved 10 bids from page 103
[2026-02-18 18:47:27] [SESSION 4] Processing page 104
[2026-02-18 18:47:27] [SESSION 4] Saved 10 bids from page 104
[2026-02-18 18:47:30] [SESSION 4] Processing page 105
[2026-02-18 18:47:30] [SESSION 4] Saved 10 bids from page 105
[2026-02-18 18:47:33] [SESSION 4] Processing page 106
[2026-02-18 18:47:33] [SESSION 4] Saved 10 bids from page 106
[2026-02-18 18:47:36] [SESSION 4] Processing page 107
[2026-02-18 18:47:36] [SESSION 4] Saved 10 bids from page 107
[2026-02-18 18:47:39] [SESSION 4] Processing page 108
[2026-02-18 18:47:39] [SESSION 4] Saved 10 bids from page 108
[2026-02-18 18:47:43] [SESSION 4] Processing page 109
[2026-02-18 18:47:43] [SESSION 4] Saved 10 bids from page 109
[2026-02-18 18:47:47] [SESSION 4] Processing page 110
[2026-02-18 18:47:47] [SESSION 4] Saved 9 bids from page 110
[2026-02-18 18:47:51] [SESSION 4] Processing page 111
[2026-02-18 18:47:51] [SESSION 4] Saved 9 bids from page 111
[2026-02-18 18:47:55] [SESSION 4] Processing page 112
[2026-02-18 18:47:57] [SESSION 4] Saved 10 bids from page 112
[2026-02-18 18:48:01] [SESSION 4] Processing page 113
[2026-02-18 18:48:02] [SESSION 4] Saved 10 bids from page 113
[2026-02-18 18:48:06] [SESSION 4] Processing page 114
[2026-02-18 18:48:06] [SESSION 4] Saved 10 bids from page 114
[2026-02-18 18:48:10] [SESSION 4] Processing page 115
[2026-02-18 18:48:10] [SESSION 4] Saved 10 bids from page 115
[2026-02-18 18:48:14] [SESSION 4] Processing page 116
[2026-02-18 18:48:15] [SESSION 4] Saved 10 bids from page 116
[2026-02-18 18:48:18] [SESSION 4] Processing page 117
[2026-02-18 18:48:19] [SESSION 4] Saved 9 bids from page 117
[2026-02-18 18:48:22] [SESSION 4] Processing page 118
[2026-02-18 18:48:22] [SESSION 4] Saved 6 bids from page 118
[2026-02-18 18:48:24] [SESSION 4] Processing page 119
[2026-02-18 18:48:24] [SESSION 4] Saved 0 bids from page 119
[2026-02-18 18:48:24] [SESSION 4] Pagination completed safely.
[2026-02-18 18:48:26] [SESSION 4] Session completed: 3 new bids found, 119 pages processed
[2026-02-18 18:51:29] [SESSION 4] Starting scraper - Keyword: 'batter' | Output: gem_all_bids_session4.csv
[2026-02-18 18:51:38] [SESSION 4] Processing page 1
[2026-02-18 18:51:38] [SESSION 4] Saved 10 bids from page 1
[2026-02-18 18:51:40] [SESSION 4] Processing page 2
[2026-02-18 18:51:41] [SESSION 4] Saved 9 bids from page 2
[2026-02-18 18:51:43] [SESSION 4] Processing page 3
[2026-02-18 18:51:44] [SESSION 4] Saved 10 bids from page 3
[2026-02-18 18:51:46] [SESSION 4] Processing page 4
[2026-02-18 18:51:46] [SESSION 4] Saved 10 bids from page 4
[2026-02-18 18:51:48] [SESSION 4] Processing page 5
[2026-02-18 18:51:49] [SESSION 4] Saved 10 bids from page 5
[2026-02-18 18:51:50] [SESSION 4] Processing page 6
[2026-02-18 18:51:51] [SESSION 4] Saved 10 bids from page 6
[2026-02-18 18:51:52] [SESSION 4] Processing page 7
[2026-02-18 18:51:53] [SESSION 4] Saved 10 bids from page 7
[2026-02-18 18:51:55] [SESSION 4] Processing page 8
[2026-02-18 18:51:55] [SESSION 4] Saved 10 bids from page 8
[2026-02-18 18:51:57] [SESSION 4] Processing page 9
[2026-02-18 18:51:57] [SESSION 4] Saved 9 bids from page 9
[2026-02-18 18:51:59] [SESSION 4] Processing page 10
[2026-02-18 18:51:59] [SESSION 4] Saved 10 bids from page 10
[2026-02-18 18:52:01] [SESSION 4] Processing page 11
[2026-02-18 18:52:01] [SESSION 4] Saved 10 bids from page 11
[2026-02-18 18:52:03] [SESSION 4] Processing page 12
[2026-02-18 18:52:04] [SESSION 4] Saved 10 bids from page 12
[2026-02-18 18:52:05] [SESSION 4] Processing page 13
[2026-02-18 18:52:06] [SESSION 4] Saved 10 bids from page 13
[2026-02-18 18:52:07] [SESSION 4] Processing page 14
[2026-02-18 18:52:08] [SESSION 4] Saved 10 bids from page 14
[2026-02-18 18:52:09] [SESSION 4] Processing page 15
[2026-02-18 18:52:10] [SESSION 4] Saved 10 bids from page 15
[2026-02-18 18:52:12] [SESSION 4] Processing page 16
[2026-02-18 18:52:12] [SESSION 4] Saved 10 bids from page 16
[2026-02-18 18:52:14] [SESSION 4] Processing page 17
[2026-02-18 18:52:14] [SESSION 4] Saved 10 bids from page 17
[2026-02-18 18:52:15] [SESSION 4] Processing page 18
[2026-02-18 18:52:16] [SESSION 4] Saved 10 bids from page 18
[2026-02-18 18:52:18] [SESSION 4] Processing page 19
[2026-02-18 18:52:18] [SESSION 4] Saved 9 bids from page 19
[2026-02-18 18:52:20] [SESSION 4] Processing page 20
[2026-02-18 18:52:20] [SESSION 4] Saved 9 bids from page 20
[2026-02-18 18:52:22] [SESSION 4] Processing page 21
[2026-02-18 18:52:22] [SESSION 4] Saved 10 bids from page 21
[2026-02-18 18:52:24] [SESSION 4] Processing page 22
[2026-02-18 18:52:25] [SESSION 4] Saved 10 bids from page 22
[2026-02-18 18:52:26] [SESSION 4] Processing page 23
[2026-02-18 18:52:27] [SESSION 4] Saved 9 bids from page 23
[2026-02-18 18:52:28] [SESSION 4] Processing page 24
[2026-02-18 18:52:29] [SESSION 4] Saved 10 bids from page 24
[2026-02-18 18:52:31] [SESSION 4] Processing page 25
[2026-02-18 18:52:31] [SESSION 4] Saved 10 bids from page 25
[2026-02-18 18:52:33] [SESSION 4] Processing page 26
[2026-02-18 18:52:33] [SESSION 4] Saved 8 bids from page 26
[2026-02-18 18:52:35] [SESSION 4] Processing page 27
[2026-02-18 18:52:36] [SESSION 4] Saved 10 bids from page 27
[2026-02-18 18:52:37] [SESSION 4] Processing page 28
[2026-02-18 18:52:38] [SESSION 4] Saved 10 bids from page 28
[2026-02-18 18:52:39] [SESSION 4] Processing page 29
[2026-02-18 18:52:40] [SESSION 4] Saved 6 bids from page 29
[2026-02-18 18:52:41] [SESSION 4] Processing page 30
[2026-02-18 18:52:42] [SESSION 4] Saved 8 bids from page 30
[2026-02-18 18:52:43] [SESSION 4] Processing page 31
[2026-02-18 18:52:44] [SESSION 4] Saved 10 bids from page 31
[2026-02-18 18:52:46] [SESSION 4] Processing page 32
[2026-02-18 18:52:47] [SESSION 4] Saved 10 bids from page 32
[2026-02-18 18:52:48] [SESSION 4] Processing page 33
[2026-02-18 18:52:49] [SESSION 4] Saved 9 bids from page 33
[2026-02-18 18:52:51] [SESSION 4] Processing page 34
[2026-02-18 18:52:51] [SESSION 4] Saved 10 bids from page 34
[2026-02-18 18:52:53] [SESSION 4] Processing page 35
[2026-02-18 18:52:53] [SESSION 4] Saved 10 bids from page 35
[2026-02-18 18:52:55] [SESSION 4] Processing page 36
[2026-02-18 18:52:56] [SESSION 4] Saved 10 bids from page 36
[2026-02-18 18:52:57] [SESSION 4] Processing page 37
[2026-02-18 18:52:58] [SESSION 4] Saved 9 bids from page 37
[2026-02-18 18:52:59] [SESSION 4] Processing page 38
[2026-02-18 18:53:00] [SESSION 4] Saved 10 bids from page 38
[2026-02-18 18:53:02] [SESSION 4] Processing page 39
[2026-02-18 18:53:02] [SESSION 4] Saved 10 bids from page 39
[2026-02-18 18:53:04] [SESSION 4] Processing page 40
[2026-02-18 18:53:04] [SESSION 4] Saved 10 bids from page 40
[2026-02-18 18:53:06] [SESSION 4] Processing page 41
[2026-02-18 18:53:06] [SESSION 4] Saved 10 bids from page 41
[2026-02-18 18:53:08] [SESSION 4] Processing page 42
[2026-02-18 18:53:08] [SESSION 4] Saved 10 bids from page 42
[2026-02-18 18:53:10] [SESSION 4] Processing page 43
[2026-02-18 18:53:10] [SESSION 4] Saved 10 bids from page 43
[2026-02-18 18:53:12] [SESSION 4] Processing page 44
[2026-02-18 18:53:12] [SESSION 4] Saved 5 bids from page 44
[2026-02-18 18:53:14] [SESSION 4] Processing page 45
[2026-02-18 18:53:14] [SESSION 4] Saved 9 bids from page 45
[2026-02-18 18:53:16] [SESSION 4] Processing page 46
[2026-02-18 18:53:16] [SESSION 4] Saved 8 bids from page 46
[2026-02-18 18:53:18] [SESSION 4] Processing page 47
[2026-02-18 18:53:18] [SESSION 4] Saved 10 bids from page 47
[2026-02-18 18:53:20] [SESSION 4] Processing page 48
[2026-02-18 18:53:20] [SESSION 4] Saved 8 bids from page 48
[2026-02-18 18:53:22] [SESSION 4] Processing page 49
[2026-02-18 18:53:22] [SESSION 4] Saved 9 bids from page 49
[2026-02-18 18:53:24] [SESSION 4] Processing page 50
[2026-02-18 18:53:25] [SESSION 4] Saved 10 bids from page 50
[2026-02-18 18:53:26] [SESSION 4] Processing page 51
[2026-02-18 18:53:27] [SESSION 4] Saved 10 bids from page 51
[2026-02-18 18:53:28] [SESSION 4] Processing page 52
[2026-02-18 18:53:29] [SESSION 4] Saved 10 bids from page 52
[2026-02-18 18:53:30] [SESSION 4] Processing page 53
[2026-02-18 18:53:31] [SESSION 4] Saved 10 bids from page 53
[2026-02-18 18:53:32] [SESSION 4] Processing page 54
[2026-02-18 18:53:33] [SESSION 4] Saved 7 bids from page 54
[2026-02-18 18:53:35] [SESSION 4] Processing page 55
[2026-02-18 18:53:35] [SESSION 4] Saved 10 bids from page 55
[2026-02-18 18:53:37] [SESSION 4] Processing page 56
[2026-02-18 18:53:37] [SESSION 4] Saved 10 bids from page 56
[2026-02-18 18:53:39] [SESSION 4] Processing page 57
[2026-02-18 18:53:39] [SESSION 4] Saved 10 bids from page 57
[2026-02-18 18:53:41] [SESSION 4] Processing page 58
[2026-02-18 18:53:41] [SESSION 4] Saved 9 bids from page 58
[2026-02-18 18:53:43] [SESSION 4] Processing page 59
[2026-02-18 18:53:43] [SESSION 4] Saved 9 bids from page 59
[2026-02-18 18:53:45] [SESSION 4] Processing page 60
[2026-02-18 18:53:45] [SESSION 4] Saved 10 bids from page 60
[2026-02-18 18:53:47] [SESSION 4] Processing page 61
[2026-02-18 18:53:48] [SESSION 4] Saved 10 bids from page 61
[2026-02-18 18:53:49] [SESSION 4] Processing page 62
[2026-02-18 18:53:50] [SESSION 4] Saved 10 bids from page 62
[2026-02-18 18:53:51] [SESSION 4] Processing page 63
[2026-02-18 18:53:52] [SESSION 4] Saved 10 bids from page 63
[2026-02-18 18:53:53] [SESSION 4] Processing page 64
[2026-02-18 18:53:54] [SESSION 4] Saved 10 bids from page 64
[2026-02-18 18:53:56] [SESSION 4] Processing page 65
[2026-02-18 18:53:56] [SESSION 4] Saved 10 bids from page 65
[2026-02-18 18:53:58] [SESSION 4] Processing page 66
[2026-02-18 18:53:58] [SESSION 4] Saved 9 bids from page 66
[2026-02-18 18:54:00] [SESSION 4] Processing page 67
[2026-02-18 18:54:00] [SESSION 4] Saved 10 bids from page 67
[2026-02-18 18:54:02] [SESSION 4] Processing page 68
[2026-02-18 18:54:02] [SESSION 4] Saved 9 bids from page 68
[2026-02-18 18:54:04] [SESSION 4] Processing page 69
[2026-02-18 18:54:04] [SESSION 4] Saved 10 bids from page 69
[2026-02-18 18:54:06] [SESSION 4] Processing page 70
[2026-02-18 18:54:06] [SESSION 4] Saved 10 bids from page 70
[2026-02-18 18:54:08] [SESSION 4] Processing page 71
[2026-02-18 18:54:08] [SESSION 4] Saved 10 bids from page 71
[2026-02-18 18:54:10] [SESSION 4] Processing page 72
[2026-02-18 18:54:11] [SESSION 4] Saved 10 bids from page 72
[2026-02-18 18:54:12] [SESSION 4] Processing page 73
[2026-02-18 18:54:13] [SESSION 4] Saved 10 bids from page 73
[2026-02-18 18:54:14] [SESSION 4] Processing page 74
[2026-02-18 18:54:15] [SESSION 4] Saved 9 bids from page 74
[2026-02-18 18:54:16] [SESSION 4] Processing page 75
[2026-02-18 18:54:17] [SESSION 4] Saved 10 bids from page 75
[2026-02-18 18:54:18] [SESSION 4] Processing page 76
[2026-02-18 18:54:19] [SESSION 4] Saved 10 bids from page 76
[2026-02-18 18:54:21] [SESSION 4] Processing page 77
[2026-02-18 18:54:21] [SESSION 4] Saved 8 bids from page 77
[2026-02-18 18:54:23] [SESSION 4] Processing page 78
[2026-02-18 18:54:23] [SESSION 4] Saved 10 bids from page 78
[2026-02-18 18:54:25] [SESSION 4] Processing page 79
[2026-02-18 18:54:26] [SESSION 4] Saved 9 bids from page 79
[2026-02-18 18:54:28] [SESSION 4] Processing page 80
[2026-02-18 18:54:28] [SESSION 4] Saved 10 bids from page 80
[2026-02-18 18:54:30] [SESSION 4] Processing page 81
[2026-02-18 18:54:31] [SESSION 4] Saved 10 bids from page 81
[2026-02-18 18:54:32] [SESSION 4] Processing page 82
[2026-02-18 18:54:33] [SESSION 4] Saved 10 bids from page 82
[2026-02-18 18:54:35] [SESSION 4] Processing page 83
[2026-02-18 18:54:36] [SESSION 4] Saved 10 bids from page 83
[2026-02-18 18:54:37] [SESSION 4] Processing page 84
[2026-02-18 18:54:38] [SESSION 4] Saved 10 bids from page 84
[2026-02-18 18:54:39] [SESSION 4] Processing page 85
[2026-02-18 18:54:40] [SESSION 4] Saved 9 bids from page 85
[2026-02-18 18:54:42] [SESSION 4] Processing page 86
[2026-02-18 18:54:42] [SESSION 4] Saved 10 bids from page 86
[2026-02-18 18:54:44] [SESSION 4] Processing page 87
[2026-02-18 18:54:44] [SESSION 4] Saved 9 bids from page 87
[2026-02-18 18:54:46] [SESSION 4] Processing page 88
[2026-02-18 18:54:46] [SESSION 4] Saved 9 bids from page 88
[2026-02-18 18:54:48] [SESSION 4] Processing page 89
[2026-02-18 18:54:49] [SESSION 4] Saved 10 bids from page 89
[2026-02-18 18:54:50] [SESSION 4] Processing page 90
[2026-02-18 18:54:51] [SESSION 4] Saved 10 bids from page 90
[2026-02-18 18:54:52] [SESSION 4] Processing page 91
[2026-02-18 18:54:53] [SESSION 4] Saved 10 bids from page 91
[2026-02-18 18:54:55] [SESSION 4] Processing page 92
[2026-02-18 18:54:55] [SESSION 4] Saved 10 bids from page 92
[2026-02-18 18:54:57] [SESSION 4] Processing page 93
[2026-02-18 18:54:57] [SESSION 4] Saved 10 bids from page 93
[2026-02-18 18:54:59] [SESSION 4] Processing page 94
[2026-02-18 18:54:59] [SESSION 4] Saved 10 bids from page 94
[2026-02-18 18:55:01] [SESSION 4] Processing page 95
[2026-02-18 18:55:02] [SESSION 4] Saved 10 bids from page 95
[2026-02-18 18:55:04] [SESSION 4] Processing page 96
[2026-02-18 18:55:04] [SESSION 4] Saved 10 bids from page 96
[2026-02-18 18:55:06] [SESSION 4] Processing page 97
[2026-02-18 18:55:07] [SESSION 4] Saved 10 bids from page 97
[2026-02-18 18:55:09] [SESSION 4] Processing page 98
[2026-02-18 18:55:09] [SESSION 4] Saved 10 bids from page 98
[2026-02-18 18:55:11] [SESSION 4] Processing page 99
[2026-02-18 18:55:11] [SESSION 4] Saved 10 bids from page 99
[2026-02-18 18:55:13] [SESSION 4] Processing page 100
[2026-02-18 18:55:13] [SESSION 4] Saved 10 bids from page 100
[2026-02-18 18:55:15] [SESSION 4] Processing page 101
[2026-02-18 18:55:15] [SESSION 4] Saved 10 bids from page 101
[2026-02-18 18:55:17] [SESSION 4] Processing page 102
[2026-02-18 18:55:17] [SESSION 4] Saved 10 bids from page 102
[2026-02-18 18:55:19] [SESSION 4] Processing page 103
[2026-02-18 18:55:19] [SESSION 4] Saved 10 bids from page 103
[2026-02-18 18:55:21] [SESSION 4] Processing page 104
[2026-02-18 18:55:21] [SESSION 4] Saved 10 bids from page 104
[2026-02-18 18:55:23] [SESSION 4] Processing page 105
[2026-02-18 18:55:23] [SESSION 4] Saved 10 bids from page 105
[2026-02-18 18:55:25] [SESSION 4] Processing page 106
[2026-02-18 18:55:25] [SESSION 4] Saved 10 bids from page 106
[2026-02-18 18:55:27] [SESSION 4] Processing page 107
[2026-02-18 18:55:28] [SESSION 4] Saved 10 bids from page 107
[2026-02-18 18:55:29] [SESSION 4] Processing page 108
[2026-02-18 18:55:30] [SESSION 4] Saved 10 bids from page 108
[2026-02-18 18:55:31] [SESSION 4] Processing page 109
[2026-02-18 18:55:32] [SESSION 4] Saved 10 bids from page 109
[2026-02-18 18:55:33] [SESSION 4] Processing page 110
[2026-02-18 18:55:34] [SESSION 4] Saved 9 bids from page 110
[2026-02-18 18:55:35] [SESSION 4] Processing page 111
[2026-02-18 18:55:36] [SESSION 4] Saved 10 bids from page 111
[2026-02-18 18:55:38] [SESSION 4] Processing page 112
[2026-02-18 18:55:38] [SESSION 4] Saved 10 bids from page 112
[2026-02-18 18:55:40] [SESSION 4] Processing page 113
[2026-02-18 18:55:40] [SESSION 4] Saved 10 bids from page 113
[2026-02-18 18:55:42] [SESSION 4] Processing page 114
[2026-02-18 18:55:42] [SESSION 4] Saved 10 bids from page 114
[2026-02-18 18:55:44] [SESSION 4] Processing page 115
[2026-02-18 18:55:44] [SESSION 4] Saved 10 bids from page 115
[2026-02-18 18:55:46] [SESSION 4] Processing page 116
[2026-02-18 18:55:46] [SESSION 4] Saved 10 bids from page 116
[2026-02-18 18:55:48] [SESSION 4] Processing page 117
[2026-02-18 18:55:48] [SESSION 4] Saved 10 bids from page 117
[2026-02-18 18:55:50] [SESSION 4] Processing page 118
[2026-02-18 18:55:50] [SESSION 4] Saved 6 bids from page 118
[2026-02-18 18:55:52] [SESSION 4] Processing page 119
[2026-02-18 18:55:52] [SESSION 4] Saved 0 bids from page 119
[2026-02-18 18:55:52] [SESSION 4] Pagination completed safely.
[2026-02-18 18:55:53] [SESSION 4] Session completed: 2 new bids found, 119 pages processed
[2026-02-19 11:05:53] [SESSION 4] Starting scraper - Keyword: 'batter' | Output: gem_all_bids_session4.csv
[2026-02-19 11:06:03] [SESSION 4] Processing page 1
[2026-02-19 11:06:04] [SESSION 4] Saved 10 bids from page 1
[2026-02-19 11:06:06] [SESSION 4] Processing page 2
[2026-02-19 11:06:08] [SESSION 4] Saved 10 bids from page 2
[2026-02-19 11:06:11] [SESSION 4] Processing page 3
[2026-02-19 11:06:12] [SESSION 4] Saved 10 bids from page 3
[2026-02-19 11:06:14] [SESSION 4] Processing page 4
[2026-02-19 11:06:14] [SESSION 4] Saved 10 bids from page 4
[2026-02-19 11:06:16] [SESSION 4] Processing page 5
[2026-02-19 11:06:17] [SESSION 4] Saved 10 bids from page 5
[2026-02-19 11:06:19] [SESSION 4] Processing page 6
[2026-02-19 11:06:21] [SESSION 4] Saved 10 bids from page 6
[2026-02-19 11:06:22] [SESSION 4] Processing page 7
[2026-02-19 11:06:24] [SESSION 4] Saved 9 bids from page 7
[2026-02-19 11:06:26] [SESSION 4] Processing page 8
[2026-02-19 11:06:27] [SESSION 4] Saved 10 bids from page 8
[2026-02-19 11:06:29] [SESSION 4] Processing page 9
[2026-02-19 11:06:29] [SESSION 4] Saved 10 bids from page 9
[2026-02-19 11:06:31] [SESSION 4] Processing page 10
[2026-02-19 11:06:32] [SESSION 4] Saved 10 bids from page 10
[2026-02-19 11:06:33] [SESSION 4] Processing page 11
[2026-02-19 11:06:35] [SESSION 4] Saved 10 bids from page 11
[2026-02-19 11:06:36] [SESSION 4] Processing page 12
[2026-02-19 11:06:37] [SESSION 4] Saved 10 bids from page 12
[2026-02-19 11:06:39] [SESSION 4] Processing page 13
[2026-02-19 11:06:39] [SESSION 4] Saved 9 bids from page 13
[2026-02-19 11:06:41] [SESSION 4] Processing page 14
[2026-02-19 11:06:42] [SESSION 4] Saved 9 bids from page 14
[2026-02-19 11:06:43] [SESSION 4] Processing page 15
[2026-02-19 11:06:44] [SESSION 4] Saved 10 bids from page 15
[2026-02-19 11:06:46] [SESSION 4] Processing page 16
[2026-02-19 11:06:47] [SESSION 4] Saved 10 bids from page 16
[2026-02-19 11:06:48] [SESSION 4] Processing page 17
[2026-02-19 11:06:49] [SESSION 4] Saved 10 bids from page 17
[2026-02-19 11:06:51] [SESSION 4] Processing page 18
[2026-02-19 11:06:51] [SESSION 4] Saved 9 bids from page 18
[2026-02-19 11:06:53] [SESSION 4] Processing page 19
[2026-02-19 11:06:54] [SESSION 4] Saved 8 bids from page 19
[2026-02-19 11:06:55] [SESSION 4] Processing page 20
[2026-02-19 11:06:56] [SESSION 4] Saved 9 bids from page 20
[2026-02-19 11:06:58] [SESSION 4] Processing page 21
[2026-02-19 11:06:59] [SESSION 4] Saved 10 bids from page 21
[2026-02-19 11:07:00] [SESSION 4] Processing page 22
[2026-02-19 11:07:01] [SESSION 4] Saved 10 bids from page 22
[2026-02-19 11:07:03] [SESSION 4] Processing page 23
[2026-02-19 11:07:03] [SESSION 4] Saved 9 bids from page 23
[2026-02-19 11:07:05] [SESSION 4] Processing page 24
[2026-02-19 11:07:06] [SESSION 4] Saved 9 bids from page 24
[2026-02-19 11:07:08] [SESSION 4] Processing page 25
[2026-02-19 11:07:08] [SESSION 4] Saved 10 bids from page 25
[2026-02-19 11:07:10] [SESSION 4] Processing page 26
[2026-02-19 11:07:11] [SESSION 4] Saved 10 bids from page 26
[2026-02-19 11:07:12] [SESSION 4] Processing page 27
[2026-02-19 11:07:13] [SESSION 4] Saved 10 bids from page 27
[2026-02-19 11:07:14] [SESSION 4] Processing page 28
[2026-02-19 11:07:15] [SESSION 4] Saved 8 bids from page 28
[2026-02-19 11:07:17] [SESSION 4] Processing page 29
[2026-02-19 11:07:17] [SESSION 4] Saved 10 bids from page 29
[2026-02-19 11:07:19] [SESSION 4] Processing page 30
[2026-02-19 11:07:20] [SESSION 4] Saved 10 bids from page 30
[2026-02-19 11:07:21] [SESSION 4] Processing page 31
[2026-02-19 11:07:22] [SESSION 4] Saved 9 bids from page 31
[2026-02-19 11:07:24] [SESSION 4] Processing page 32
[2026-02-19 11:07:24] [SESSION 4] Saved 10 bids from page 32
[2026-02-19 11:07:26] [SESSION 4] Processing page 33
[2026-02-19 11:07:26] [SESSION 4] Saved 10 bids from page 33
[2026-02-19 11:07:28] [SESSION 4] Processing page 34
[2026-02-19 11:07:29] [SESSION 4] Saved 10 bids from page 34
[2026-02-19 11:07:30] [SESSION 4] Processing page 35
[2026-02-19 11:07:31] [SESSION 4] Saved 10 bids from page 35
[2026-02-19 11:07:33] [SESSION 4] Processing page 36
[2026-02-19 11:07:33] [SESSION 4] Saved 9 bids from page 36
[2026-02-19 11:07:35] [SESSION 4] Processing page 37
[2026-02-19 11:07:35] [SESSION 4] Saved 10 bids from page 37
[2026-02-19 11:07:37] [SESSION 4] Processing page 38
[2026-02-19 11:07:38] [SESSION 4] Saved 4 bids from page 38
[2026-02-19 11:07:39] [SESSION 4] Processing page 39
[2026-02-19 11:07:40] [SESSION 4] Saved 10 bids from page 39
[2026-02-19 11:07:41] [SESSION 4] Processing page 40
[2026-02-19 11:07:42] [SESSION 4] Saved 10 bids from page 40
[2026-02-19 11:07:43] [SESSION 4] Processing page 41
[2026-02-19 11:07:44] [SESSION 4] Saved 9 bids from page 41
[2026-02-19 11:08:46] [SESSION 4] Pagination stalled. Retrying.
[2026-02-19 11:08:46] [SESSION 4] Processing page 42
[2026-02-19 11:08:47] [SESSION 4] Saved 2 bids from page 42
[2026-02-19 11:08:48] [SESSION 4] Processing page 43
[2026-02-19 11:08:49] [SESSION 4] Saved 10 bids from page 43
[2026-02-19 11:08:51] [SESSION 4] Processing page 44
[2026-02-19 11:08:51] [SESSION 4] Saved 7 bids from page 44
[2026-02-19 11:08:53] [SESSION 4] Processing page 45
[2026-02-19 11:08:53] [SESSION 4] Saved 10 bids from page 45
[2026-02-19 11:08:55] [SESSION 4] Processing page 46
[2026-02-19 11:08:55] [SESSION 4] Saved 7 bids from page 46
[2026-02-19 11:08:57] [SESSION 4] Processing page 47
[2026-02-19 11:08:58] [SESSION 4] Saved 10 bids from page 47
[2026-02-19 11:08:59] [SESSION 4] Processing page 48
[2026-02-19 11:09:00] [SESSION 4] Saved 9 bids from page 48
[2026-02-19 11:09:01] [SESSION 4] Processing page 49
[2026-02-19 11:09:02] [SESSION 4] Saved 9 bids from page 49
[2026-02-19 11:09:03] [SESSION 4] Processing page 50
[2026-02-19 11:09:04] [SESSION 4] Saved 7 bids from page 50
[2026-02-19 11:09:06] [SESSION 4] Processing page 51
[2026-02-19 11:09:06] [SESSION 4] Saved 10 bids from page 51
[2026-02-19 11:09:08] [SESSION 4] Processing page 52
[2026-02-19 11:09:08] [SESSION 4] Saved 10 bids from page 52
[2026-02-19 11:09:10] [SESSION 4] Processing page 53
[2026-02-19 11:09:10] [SESSION 4] Saved 10 bids from page 53
[2026-02-19 11:09:12] [SESSION 4] Processing page 54
[2026-02-19 11:09:12] [SESSION 4] Saved 9 bids from page 54
[2026-02-19 11:09:14] [SESSION 4] Processing page 55
[2026-02-19 11:09:15] [SESSION 4] Saved 8 bids from page 55
[2026-02-19 11:09:16] [SESSION 4] Processing page 56
[2026-02-19 11:09:17] [SESSION 4] Saved 10 bids from page 56
[2026-02-19 11:09:18] [SESSION 4] Processing page 57
[2026-02-19 11:09:19] [SESSION 4] Saved 10 bids from page 57
[2026-02-19 11:09:21] [SESSION 4] Processing page 58
[2026-02-19 11:09:21] [SESSION 4] Saved 10 bids from page 58
[2026-02-19 11:09:23] [SESSION 4] Processing page 59
[2026-02-19 11:09:24] [SESSION 4] Saved 10 bids from page 59
[2026-02-19 11:09:25] [SESSION 4] Processing page 60
[2026-02-19 11:09:26] [SESSION 4] Saved 10 bids from page 60
[2026-02-19 11:09:28] [SESSION 4] Processing page 61
[2026-02-19 11:09:28] [SESSION 4] Saved 10 bids from page 61
[2026-02-19 11:09:30] [SESSION 4] Processing page 62
[2026-02-19 11:09:31] [SESSION 4] Saved 10 bids from page 62
[2026-02-19 11:09:32] [SESSION 4] Processing page 63
[2026-02-19 11:09:33] [SESSION 4] Saved 10 bids from page 63
[2026-02-19 11:09:34] [SESSION 4] Processing page 64
[2026-02-19 11:09:35] [SESSION 4] Saved 10 bids from page 64
[2026-02-19 11:09:37] [SESSION 4] Processing page 65
[2026-02-19 11:09:38] [SESSION 4] Saved 10 bids from page 65
[2026-02-19 11:09:39] [SESSION 4] Processing page 66
[2026-02-19 11:09:40] [SESSION 4] Saved 10 bids from page 66
[2026-02-19 11:09:41] [SESSION 4] Processing page 67
[2026-02-19 11:09:42] [SESSION 4] Saved 10 bids from page 67
[2026-02-19 11:09:44] [SESSION 4] Processing page 68
[2026-02-19 11:09:44] [SESSION 4] Saved 10 bids from page 68
[2026-02-19 11:09:46] [SESSION 4] Processing page 69
[2026-02-19 11:09:46] [SESSION 4] Saved 9 bids from page 69
[2026-02-19 11:09:48] [SESSION 4] Processing page 70
[2026-02-19 11:09:48] [SESSION 4] Saved 10 bids from page 70
[2026-02-19 11:09:50] [SESSION 4] Processing page 71
[2026-02-19 11:09:50] [SESSION 4] Saved 10 bids from page 71
[2026-02-19 11:09:52] [SESSION 4] Processing page 72
[2026-02-19 11:09:52] [SESSION 4] Saved 9 bids from page 72
[2026-02-19 11:09:54] [SESSION 4] Processing page 73
[2026-02-19 11:09:54] [SESSION 4] Saved 10 bids from page 73
[2026-02-19 11:09:56] [SESSION 4] Processing page 74
[2026-02-19 11:09:57] [SESSION 4] Saved 10 bids from page 74
[2026-02-19 11:09:58] [SESSION 4] Processing page 75
[2026-02-19 11:09:59] [SESSION 4] Saved 9 bids from page 75
[2026-02-19 11:10:00] [SESSION 4] Processing page 76
[2026-02-19 11:10:01] [SESSION 4] Saved 10 bids from page 76
[2026-02-19 11:10:02] [SESSION 4] Processing page 77
[2026-02-19 11:10:03] [SESSION 4] Saved 10 bids from page 77
[2026-02-19 11:10:05] [SESSION 4] Processing page 78
[2026-02-19 11:10:05] [SESSION 4] Saved 10 bids from page 78
[2026-02-19 11:10:07] [SESSION 4] Processing page 79
[2026-02-19 11:10:07] [SESSION 4] Saved 10 bids from page 79
[2026-02-19 11:10:09] [SESSION 4] Processing page 80
[2026-02-19 11:10:09] [SESSION 4] Saved 10 bids from page 80
[2026-02-19 11:10:11] [SESSION 4] Processing page 81
[2026-02-19 11:10:11] [SESSION 4] Saved 10 bids from page 81
[2026-02-19 11:10:13] [SESSION 4] Processing page 82
[2026-02-19 11:10:14] [SESSION 4] Saved 10 bids from page 82
[2026-02-19 11:10:15] [SESSION 4] Processing page 83
[2026-02-19 11:10:16] [SESSION 4] Saved 10 bids from page 83
[2026-02-19 11:10:18] [SESSION 4] Processing page 84
[2026-02-19 11:10:18] [SESSION 4] Saved 10 bids from page 84
[2026-02-19 11:10:20] [SESSION 4] Processing page 85
[2026-02-19 11:10:20] [SESSION 4] Saved 10 bids from page 85
[2026-02-19 11:10:22] [SESSION 4] Processing page 86
[2026-02-19 11:10:23] [SESSION 4] Saved 10 bids from page 86
[2026-02-19 11:10:24] [SESSION 4] Processing page 87
[2026-02-19 11:10:25] [SESSION 4] Saved 10 bids from page 87
[2026-02-19 11:10:26] [SESSION 4] Processing page 88
[2026-02-19 11:10:27] [SESSION 4] Saved 8 bids from page 88
[2026-02-19 11:10:28] [SESSION 4] Processing page 89
[2026-02-19 11:10:29] [SESSION 4] Saved 10 bids from page 89
[2026-02-19 11:10:31] [SESSION 4] Processing page 90
[2026-02-19 11:10:31] [SESSION 4] Saved 10 bids from page 90
[2026-02-19 11:10:33] [SESSION 4] Processing page 91
[2026-02-19 11:10:33] [SESSION 4] Saved 9 bids from page 91
[2026-02-19 11:10:35] [SESSION 4] Processing page 92
[2026-02-19 11:10:35] [SESSION 4] Saved 8 bids from page 92
[2026-02-19 11:10:37] [SESSION 4] Processing page 93
[2026-02-19 11:10:37] [SESSION 4] Saved 10 bids from page 93
[2026-02-19 11:10:39] [SESSION 4] Processing page 94
[2026-02-19 11:10:39] [SESSION 4] Saved 10 bids from page 94
[2026-02-19 11:10:41] [SESSION 4] Processing page 95
[2026-02-19 11:10:42] [SESSION 4] Saved 10 bids from page 95
[2026-02-19 11:10:43] [SESSION 4] Processing page 96
[2026-02-19 11:10:44] [SESSION 4] Saved 10 bids from page 96
[2026-02-19 11:10:45] [SESSION 4] Processing page 97
[2026-02-19 11:10:46] [SESSION 4] Saved 10 bids from page 97
[2026-02-19 11:10:48] [SESSION 4] Processing page 98
[2026-02-19 11:10:48] [SESSION 4] Saved 10 bids from page 98
[2026-02-19 11:10:50] [SESSION 4] Processing page 99
[2026-02-19 11:10:51] [SESSION 4] Saved 10 bids from page 99
[2026-02-19 11:10:52] [SESSION 4] Processing page 100
[2026-02-19 11:10:53] [SESSION 4] Saved 10 bids from page 100
[2026-02-19 11:10:54] [SESSION 4] Processing page 101
[2026-02-19 11:10:55] [SESSION 4] Saved 10 bids from page 101
[2026-02-19 11:10:56] [SESSION 4] Processing page 102
[2026-02-19 11:10:57] [SESSION 4] Saved 10 bids from page 102
[2026-02-19 11:10:59] [SESSION 4] Processing page 103
[2026-02-19 11:10:59] [SESSION 4] Saved 9 bids from page 103
[2026-02-19 11:11:01] [SESSION 4] Processing page 104
[2026-02-19 11:11:01] [SESSION 4] Saved 9 bids from page 104
[2026-02-19 11:11:03] [SESSION 4] Processing page 105
[2026-02-19 11:11:03] [SESSION 4] Saved 10 bids from page 105
[2026-02-19 11:11:05] [SESSION 4] Processing page 106
[2026-02-19 11:11:05] [SESSION 4] Saved 10 bids from page 106
[2026-02-19 11:11:07] [SESSION 4] Processing page 107
[2026-02-19 11:11:07] [SESSION 4] Saved 10 bids from page 107
[2026-02-19 11:11:09] [SESSION 4] Processing page 108
[2026-02-19 11:11:09] [SESSION 4] Saved 10 bids from page 108
[2026-02-19 11:11:11] [SESSION 4] Processing page 109
[2026-02-19 11:11:11] [SESSION 4] Saved 10 bids from page 109
[2026-02-19 11:11:13] [SESSION 4] Processing page 110
[2026-02-19 11:11:13] [SESSION 4] Saved 10 bids from page 110
[2026-02-19 11:11:15] [SESSION 4] Processing page 111
[2026-02-19 11:11:15] [SESSION 4] Saved 10 bids from page 111
[2026-02-19 11:11:17] [SESSION 4] Processing page 112
[2026-02-19 11:11:17] [SESSION 4] Saved 10 bids from page 112
[2026-02-19 11:11:19] [SESSION 4] Processing page 113
[2026-02-19 11:11:19] [SESSION 4] Saved 10 bids from page 113
[2026-02-19 11:11:21] [SESSION 4] Processing page 114
[2026-02-19 11:11:21] [SESSION 4] Saved 10 bids from page 114
[2026-02-19 11:11:23] [SESSION 4] Processing page 115
[2026-02-19 11:11:23] [SESSION 4] Saved 10 bids from page 115
[2026-02-19 11:11:25] [SESSION 4] Processing page 116
[2026-02-19 11:11:26] [SESSION 4] Saved 10 bids from page 116
[2026-02-19 11:11:27] [SESSION 4] Processing page 117
[2026-02-19 11:11:27] [SESSION 4] Saved 10 bids from page 117
[2026-02-19 11:11:29] [SESSION 4] Processing page 118
[2026-02-19 11:11:29] [SESSION 4] Saved 10 bids from page 118
[2026-02-19 11:11:31] [SESSION 4] Processing page 119
[2026-02-19 11:11:31] [SESSION 4] Saved 1 bids from page 119
[2026-02-19 11:11:33] [SESSION 4] Processing page 120
[2026-02-19 11:11:33] [SESSION 4] Saved 0 bids from page 120
[2026-02-19 11:11:33] [SESSION 4] Pagination completed safely.
[2026-02-19 11:11:34] [SESSION 4] Session completed: 26 new bids found, 120 pages processed
[2026-02-19 17:03:38] [SESSION 4] Starting scraper - Keyword: 'batter' | Output: gem_all_bids_session4.csv
[2026-02-19 17:03:49] [SESSION 4] Processing page 1
[2026-02-19 17:03:50] [SESSION 4] Saved 10 bids from page 1
[2026-02-19 17:03:52] [SESSION 4] Processing page 2
[2026-02-19 17:03:53] [SESSION 4] Saved 10 bids from page 2
[2026-02-19 17:03:54] [SESSION 4] Processing page 3
[2026-02-19 17:03:55] [SESSION 4] Saved 9 bids from page 3
[2026-02-19 17:03:56] [SESSION 4] Processing page 4
[2026-02-19 17:03:57] [SESSION 4] Saved 9 bids from page 4
[2026-02-19 17:03:59] [SESSION 4] Processing page 5
[2026-02-19 17:03:59] [SESSION 4] Saved 10 bids from page 5
[2026-02-19 17:04:01] [SESSION 4] Processing page 6
[2026-02-19 17:04:02] [SESSION 4] Saved 10 bids from page 6
[2026-02-19 17:04:04] [SESSION 4] Processing page 7
[2026-02-19 17:04:04] [SESSION 4] Saved 9 bids from page 7
[2026-02-19 17:04:06] [SESSION 4] Processing page 8
[2026-02-19 17:04:07] [SESSION 4] Saved 10 bids from page 8
[2026-02-19 17:04:08] [SESSION 4] Processing page 9
[2026-02-19 17:04:09] [SESSION 4] Saved 10 bids from page 9
[2026-02-19 17:04:10] [SESSION 4] Processing page 10
[2026-02-19 17:04:11] [SESSION 4] Saved 10 bids from page 10
[2026-02-19 17:04:12] [SESSION 4] Processing page 11
[2026-02-19 17:04:13] [SESSION 4] Saved 10 bids from page 11
[2026-02-19 17:04:14] [SESSION 4] Processing page 12
[2026-02-19 17:04:15] [SESSION 4] Saved 8 bids from page 12
[2026-02-19 17:04:16] [SESSION 4] Processing page 13
[2026-02-19 17:04:17] [SESSION 4] Saved 8 bids from page 13
[2026-02-19 17:04:18] [SESSION 4] Processing page 14
[2026-02-19 17:04:19] [SESSION 4] Saved 10 bids from page 14
[2026-02-19 17:04:20] [SESSION 4] Processing page 15
[2026-02-19 17:04:21] [SESSION 4] Saved 10 bids from page 15
[2026-02-19 17:04:23] [SESSION 4] Processing page 16
[2026-02-19 17:04:23] [SESSION 4] Saved 10 bids from page 16
[2026-02-19 17:04:25] [SESSION 4] Processing page 17
[2026-02-19 17:04:25] [SESSION 4] Saved 10 bids from page 17
[2026-02-19 17:04:27] [SESSION 4] Processing page 18
[2026-02-19 17:04:27] [SESSION 4] Saved 9 bids from page 18
[2026-02-19 17:04:29] [SESSION 4] Processing page 19
[2026-02-19 17:04:29] [SESSION 4] Saved 10 bids from page 19
[2026-02-19 17:04:31] [SESSION 4] Processing page 20
[2026-02-19 17:04:31] [SESSION 4] Saved 10 bids from page 20
[2026-02-19 17:04:33] [SESSION 4] Processing page 21
[2026-02-19 17:04:34] [SESSION 4] Saved 6 bids from page 21
[2026-02-19 17:04:35] [SESSION 4] Processing page 22
[2026-02-19 17:04:36] [SESSION 4] Saved 8 bids from page 22
[2026-02-19 17:04:37] [SESSION 4] Processing page 23
[2026-02-19 17:04:38] [SESSION 4] Saved 10 bids from page 23
[2026-02-19 17:04:39] [SESSION 4] Processing page 24
[2026-02-19 17:04:40] [SESSION 4] Saved 10 bids from page 24
[2026-02-19 17:04:41] [SESSION 4] Processing page 25
[2026-02-19 17:04:42] [SESSION 4] Saved 9 bids from page 25
[2026-02-19 17:04:44] [SESSION 4] Processing page 26
[2026-02-19 17:04:44] [SESSION 4] Saved 9 bids from page 26
[2026-02-19 17:04:46] [SESSION 4] Processing page 27
[2026-02-19 17:04:46] [SESSION 4] Saved 10 bids from page 27
[2026-02-19 17:04:48] [SESSION 4] Processing page 28
[2026-02-19 17:04:48] [SESSION 4] Saved 10 bids from page 28
[2026-02-19 17:04:50] [SESSION 4] Processing page 29
[2026-02-19 17:04:51] [SESSION 4] Saved 10 bids from page 29
[2026-02-19 17:04:52] [SESSION 4] Processing page 30
[2026-02-19 17:04:53] [SESSION 4] Saved 10 bids from page 30
[2026-02-19 17:04:54] [SESSION 4] Processing page 31
[2026-02-19 17:04:55] [SESSION 4] Saved 10 bids from page 31
[2026-02-19 17:04:57] [SESSION 4] Processing page 32
[2026-02-19 17:04:57] [SESSION 4] Saved 10 bids from page 32
[2026-02-19 17:04:59] [SESSION 4] Processing page 33
[2026-02-19 17:04:59] [SESSION 4] Saved 10 bids from page 33
[2026-02-19 17:05:01] [SESSION 4] Processing page 34
[2026-02-19 17:05:01] [SESSION 4] Saved 10 bids from page 34
[2026-02-19 17:05:03] [SESSION 4] Processing page 35
[2026-02-19 17:05:03] [SESSION 4] Saved 10 bids from page 35
[2026-02-19 17:05:05] [SESSION 4] Processing page 36
[2026-02-19 17:05:06] [SESSION 4] Saved 10 bids from page 36
[2026-02-19 17:05:07] [SESSION 4] Processing page 37
[2026-02-19 17:05:08] [SESSION 4] Saved 10 bids from page 37
[2026-02-19 17:05:10] [SESSION 4] Processing page 38
[2026-02-19 17:05:10] [SESSION 4] Saved 8 bids from page 38
[2026-02-19 17:05:12] [SESSION 4] Processing page 39
[2026-02-19 17:05:13] [SESSION 4] Saved 9 bids from page 39
[2026-02-19 17:05:15] [SESSION 4] Processing page 40
[2026-02-19 17:05:15] [SESSION 4] Saved 9 bids from page 40
[2026-02-19 17:05:17] [SESSION 4] Processing page 41
[2026-02-19 17:05:17] [SESSION 4] Saved 10 bids from page 41
[2026-02-19 17:05:19] [SESSION 4] Processing page 42
[2026-02-19 17:05:19] [SESSION 4] Saved 10 bids from page 42
[2026-02-19 17:05:21] [SESSION 4] Processing page 43
[2026-02-19 17:05:21] [SESSION 4] Saved 7 bids from page 43
[2026-02-19 17:05:23] [SESSION 4] Processing page 44
[2026-02-19 17:05:23] [SESSION 4] Saved 10 bids from page 44
[2026-02-19 17:05:25] [SESSION 4] Processing page 45
[2026-02-19 17:05:25] [SESSION 4] Saved 10 bids from page 45
[2026-02-19 17:05:27] [SESSION 4] Processing page 46
[2026-02-19 17:05:27] [SESSION 4] Saved 10 bids from page 46
[2026-02-19 17:05:29] [SESSION 4] Processing page 47
[2026-02-19 17:05:30] [SESSION 4] Saved 10 bids from page 47
[2026-02-19 17:05:31] [SESSION 4] Processing page 48
[2026-02-19 17:05:32] [SESSION 4] Saved 8 bids from page 48
[2026-02-19 17:05:33] [SESSION 4] Processing page 49
[2026-02-19 17:05:34] [SESSION 4] Saved 9 bids from page 49
[2026-02-19 17:05:35] [SESSION 4] Processing page 50
[2026-02-19 17:05:36] [SESSION 4] Saved 10 bids from page 50
[2026-02-19 17:05:38] [SESSION 4] Processing page 51
[2026-02-19 17:05:38] [SESSION 4] Saved 7 bids from page 51
[2026-02-19 17:05:40] [SESSION 4] Processing page 52
[2026-02-19 17:05:40] [SESSION 4] Saved 10 bids from page 52
[2026-02-19 17:05:42] [SESSION 4] Processing page 53
[2026-02-19 17:05:42] [SESSION 4] Saved 10 bids from page 53
[2026-02-19 17:05:44] [SESSION 4] Processing page 54
[2026-02-19 17:05:44] [SESSION 4] Saved 9 bids from page 54
[2026-02-19 17:05:45] [SESSION 4] Processing page 55
[2026-02-19 17:05:46] [SESSION 4] Saved 7 bids from page 55
[2026-02-19 17:05:48] [SESSION 4] Processing page 56
[2026-02-19 17:05:48] [SESSION 4] Saved 10 bids from page 56
[2026-02-19 17:05:50] [SESSION 4] Processing page 57
[2026-02-19 17:05:51] [SESSION 4] Saved 9 bids from page 57
[2026-02-19 17:05:53] [SESSION 4] Processing page 58
[2026-02-19 17:05:53] [SESSION 4] Saved 10 bids from page 58
[2026-02-19 17:05:55] [SESSION 4] Processing page 59
[2026-02-19 17:05:56] [SESSION 4] Saved 10 bids from page 59
[2026-02-19 17:05:57] [SESSION 4] Processing page 60
[2026-02-19 17:05:59] [SESSION 4] Saved 10 bids from page 60
[2026-02-19 17:06:00] [SESSION 4] Processing page 61
[2026-02-19 17:06:01] [SESSION 4] Saved 10 bids from page 61
[2026-02-19 17:06:02] [SESSION 4] Processing page 62
[2026-02-19 17:06:03] [SESSION 4] Saved 10 bids from page 62
[2026-02-19 17:06:05] [SESSION 4] Processing page 63
[2026-02-19 17:06:05] [SESSION 4] Saved 9 bids from page 63
[2026-02-19 17:06:07] [SESSION 4] Processing page 64
[2026-02-19 17:06:07] [SESSION 4] Saved 9 bids from page 64
[2026-02-19 17:06:09] [SESSION 4] Processing page 65
[2026-02-19 17:06:10] [SESSION 4] Saved 10 bids from page 65
[2026-02-19 17:06:11] [SESSION 4] Processing page 66
[2026-02-19 17:06:12] [SESSION 4] Saved 10 bids from page 66
[2026-02-19 17:06:14] [SESSION 4] Processing page 67
[2026-02-19 17:06:14] [SESSION 4] Saved 10 bids from page 67
[2026-02-19 17:06:16] [SESSION 4] Processing page 68
[2026-02-19 17:06:17] [SESSION 4] Saved 10 bids from page 68
[2026-02-19 17:06:19] [SESSION 4] Processing page 69
[2026-02-19 17:06:19] [SESSION 4] Saved 10 bids from page 69
[2026-02-19 17:06:21] [SESSION 4] Processing page 70
[2026-02-19 17:06:21] [SESSION 4] Saved 9 bids from page 70
[2026-02-19 17:06:23] [SESSION 4] Processing page 71
[2026-02-19 17:06:24] [SESSION 4] Saved 9 bids from page 71
[2026-02-19 17:06:25] [SESSION 4] Processing page 72
[2026-02-19 17:06:26] [SESSION 4] Saved 10 bids from page 72
[2026-02-19 17:06:27] [SESSION 4] Processing page 73
[2026-02-19 17:06:28] [SESSION 4] Saved 10 bids from page 73
[2026-02-19 17:06:29] [SESSION 4] Processing page 74
[2026-02-19 17:06:30] [SESSION 4] Saved 10 bids from page 74
[2026-02-19 17:06:32] [SESSION 4] Processing page 75
[2026-02-19 17:06:32] [SESSION 4] Saved 10 bids from page 75
[2026-02-19 17:06:34] [SESSION 4] Processing page 76
[2026-02-19 17:06:34] [SESSION 4] Saved 10 bids from page 76
[2026-02-19 17:06:36] [SESSION 4] Processing page 77
[2026-02-19 17:06:36] [SESSION 4] Saved 10 bids from page 77
[2026-02-19 17:06:38] [SESSION 4] Processing page 78
[2026-02-19 17:06:38] [SESSION 4] Saved 10 bids from page 78
[2026-02-19 17:06:40] [SESSION 4] Processing page 79
[2026-02-19 17:06:40] [SESSION 4] Saved 10 bids from page 79
[2026-02-19 17:06:42] [SESSION 4] Processing page 80
[2026-02-19 17:06:42] [SESSION 4] Saved 9 bids from page 80
[2026-02-19 17:06:44] [SESSION 4] Processing page 81
[2026-02-19 17:06:45] [SESSION 4] Saved 10 bids from page 81
[2026-02-19 17:06:47] [SESSION 4] Processing page 82
[2026-02-19 17:06:47] [SESSION 4] Saved 9 bids from page 82
[2026-02-19 17:06:49] [SESSION 4] Processing page 83
[2026-02-19 17:06:49] [SESSION 4] Saved 10 bids from page 83
[2026-02-19 17:06:50] [SESSION 4] Processing page 84
[2026-02-19 17:06:51] [SESSION 4] Saved 8 bids from page 84
[2026-02-19 17:06:53] [SESSION 4] Processing page 85
[2026-02-19 17:06:53] [SESSION 4] Saved 10 bids from page 85
[2026-02-19 17:06:55] [SESSION 4] Processing page 86
[2026-02-19 17:06:55] [SESSION 4] Saved 10 bids from page 86
[2026-02-19 17:06:57] [SESSION 4] Processing page 87
[2026-02-19 17:06:57] [SESSION 4] Saved 10 bids from page 87
[2026-02-19 17:06:59] [SESSION 4] Processing page 88
[2026-02-19 17:07:00] [SESSION 4] Saved 10 bids from page 88
[2026-02-19 17:07:01] [SESSION 4] Processing page 89
[2026-02-19 17:07:02] [SESSION 4] Saved 10 bids from page 89
[2026-02-19 17:07:03] [SESSION 4] Processing page 90
[2026-02-19 17:07:04] [SESSION 4] Saved 10 bids from page 90
[2026-02-19 17:07:05] [SESSION 4] Processing page 91
[2026-02-19 17:07:06] [SESSION 4] Saved 10 bids from page 91
[2026-02-19 17:07:07] [SESSION 4] Processing page 92
[2026-02-19 17:07:08] [SESSION 4] Saved 10 bids from page 92
[2026-02-19 17:07:10] [SESSION 4] Processing page 93
[2026-02-19 17:07:10] [SESSION 4] Saved 10 bids from page 93
[2026-02-19 17:07:12] [SESSION 4] Processing page 94
[2026-02-19 17:07:12] [SESSION 4] Saved 9 bids from page 94
[2026-02-19 17:07:14] [SESSION 4] Processing page 95
[2026-02-19 17:07:14] [SESSION 4] Saved 10 bids from page 95
[2026-02-19 17:07:16] [SESSION 4] Processing page 96
[2026-02-19 17:07:17] [SESSION 4] Saved 10 bids from page 96
[2026-02-19 17:07:18] [SESSION 4] Processing page 97
[2026-02-19 17:07:19] [SESSION 4] Saved 10 bids from page 97
[2026-02-19 17:07:21] [SESSION 4] Processing page 98
[2026-02-19 17:07:22] [SESSION 4] Saved 10 bids from page 98
[2026-02-19 17:07:24] [SESSION 4] Processing page 99
[2026-02-19 17:07:24] [SESSION 4] Saved 10 bids from page 99
[2026-02-19 17:07:26] [SESSION 4] Processing page 100
[2026-02-19 17:07:26] [SESSION 4] Saved 10 bids from page 100
[2026-02-19 17:07:28] [SESSION 4] Processing page 101
[2026-02-19 17:07:28] [SESSION 4] Saved 9 bids from page 101
[2026-02-19 17:07:30] [SESSION 4] Processing page 102
[2026-02-19 17:07:31] [SESSION 4] Saved 10 bids from page 102
[2026-02-19 17:07:32] [SESSION 4] Processing page 103
[2026-02-19 17:07:33] [SESSION 4] Saved 10 bids from page 103
[2026-02-19 17:07:34] [SESSION 4] Processing page 104
[2026-02-19 17:07:35] [SESSION 4] Saved 10 bids from page 104
[2026-02-19 17:07:36] [SESSION 4] Processing page 105
[2026-02-19 17:07:37] [SESSION 4] Saved 10 bids from page 105
[2026-02-19 17:07:38] [SESSION 4] Processing page 106
[2026-02-19 17:07:39] [SESSION 4] Saved 9 bids from page 106
[2026-02-19 17:07:40] [SESSION 4] Processing page 107
[2026-02-19 17:07:42] [SESSION 4] Saved 10 bids from page 107
[2026-02-19 17:07:43] [SESSION 4] Processing page 108
[2026-02-19 17:07:44] [SESSION 4] Saved 10 bids from page 108
[2026-02-19 17:07:46] [SESSION 4] Processing page 109
[2026-02-19 17:07:46] [SESSION 4] Saved 8 bids from page 109
[2026-02-19 17:07:48] [SESSION 4] Processing page 110
[2026-02-19 17:07:48] [SESSION 4] Saved 10 bids from page 110
[2026-02-19 17:07:50] [SESSION 4] Processing page 111
[2026-02-19 17:07:50] [SESSION 4] Saved 10 bids from page 111
[2026-02-19 17:07:52] [SESSION 4] Processing page 112
[2026-02-19 17:07:52] [SESSION 4] Saved 10 bids from page 112
[2026-02-19 17:07:54] [SESSION 4] Processing page 113
[2026-02-19 17:07:54] [SESSION 4] Saved 10 bids from page 113
[2026-02-19 17:07:56] [SESSION 4] Processing page 114
[2026-02-19 17:07:56] [SESSION 4] Saved 10 bids from page 114
[2026-02-19 17:07:58] [SESSION 4] Processing page 115
[2026-02-19 17:07:58] [SESSION 4] Saved 9 bids from page 115
[2026-02-19 17:08:00] [SESSION 4] Processing page 116
[2026-02-19 17:08:00] [SESSION 4] Saved 10 bids from page 116
[2026-02-19 17:08:01] [SESSION 4] Processing page 117
[2026-02-19 17:08:02] [SESSION 4] Saved 10 bids from page 117
[2026-02-19 17:08:03] [SESSION 4] Processing page 118
[2026-02-19 17:08:04] [SESSION 4] Saved 10 bids from page 118
[2026-02-19 17:08:06] [SESSION 4] Processing page 119
[2026-02-19 17:08:06] [SESSION 4] Saved 8 bids from page 119
[2026-02-19 17:08:08] [SESSION 4] Processing page 120
[2026-02-19 17:08:08] [SESSION 4] Saved 0 bids from page 120
[2026-02-19 17:08:08] [SESSION 4] Pagination completed safely.
[2026-02-19 17:08:09] [SESSION 4] Session completed: 50 new bids found, 120 pages processed
[2026-02-19 17:14:10] [SESSION 4] Starting scraper - Keyword: 'batter' | Output: gem_all_bids_session4.csv
[2026-02-19 17:14:18] [SESSION 4] Processing page 1
[2026-02-19 17:14:19] [SESSION 4] Saved 10 bids from page 1
[2026-02-19 17:14:21] [SESSION 4] Processing page 2
[2026-02-19 17:14:21] [SESSION 4] Saved 10 bids from page 2
[2026-02-19 17:14:23] [SESSION 4] Processing page 3
[2026-02-19 17:14:24] [SESSION 4] Saved 10 bids from page 3
[2026-02-19 17:14:26] [SESSION 4] Processing page 4
[2026-02-19 17:14:27] [SESSION 4] Saved 9 bids from page 4
[2026-02-19 17:14:28] [SESSION 4] Processing page 5
[2026-02-19 17:14:29] [SESSION 4] Saved 10 bids from page 5
[2026-02-19 17:14:31] [SESSION 4] Processing page 6
[2026-02-19 17:14:32] [SESSION 4] Saved 10 bids from page 6
[2026-02-19 17:14:34] [SESSION 4] Processing page 7
[2026-02-19 17:14:34] [SESSION 4] Saved 10 bids from page 7
[2026-02-19 17:14:36] [SESSION 4] Processing page 8
[2026-02-19 17:14:36] [SESSION 4] Saved 10 bids from page 8
[2026-02-19 17:14:38] [SESSION 4] Processing page 9
[2026-02-19 17:14:38] [SESSION 4] Saved 10 bids from page 9
[2026-02-19 17:14:40] [SESSION 4] Processing page 10
[2026-02-19 17:14:41] [SESSION 4] Saved 10 bids from page 10
[2026-02-19 17:14:42] [SESSION 4] Processing page 11
[2026-02-19 17:14:43] [SESSION 4] Saved 10 bids from page 11
[2026-02-19 17:14:44] [SESSION 4] Processing page 12
[2026-02-19 17:14:45] [SESSION 4] Saved 10 bids from page 12
[2026-02-19 17:14:47] [SESSION 4] Processing page 13
[2026-02-19 17:14:47] [SESSION 4] Saved 10 bids from page 13
[2026-02-19 17:14:49] [SESSION 4] Processing page 14
[2026-02-19 17:14:49] [SESSION 4] Saved 9 bids from page 14
[2026-02-19 17:14:51] [SESSION 4] Processing page 15
[2026-02-19 17:14:51] [SESSION 4] Saved 10 bids from page 15
[2026-02-19 17:14:53] [SESSION 4] Processing page 16
[2026-02-19 17:14:54] [SESSION 4] Saved 10 bids from page 16
[2026-02-19 17:14:55] [SESSION 4] Processing page 17
[2026-02-19 17:14:55] [SESSION 4] Saved 10 bids from page 17
[2026-02-19 17:14:57] [SESSION 4] Processing page 18
[2026-02-19 17:14:58] [SESSION 4] Saved 9 bids from page 18
[2026-02-19 17:14:59] [SESSION 4] Processing page 19
[2026-02-19 17:15:00] [SESSION 4] Saved 10 bids from page 19
[2026-02-19 17:15:02] [SESSION 4] Processing page 20
[2026-02-19 17:15:02] [SESSION 4] Saved 10 bids from page 20
[2026-02-19 17:15:04] [SESSION 4] Processing page 21
[2026-02-19 17:15:04] [SESSION 4] Saved 10 bids from page 21
[2026-02-19 17:15:06] [SESSION 4] Processing page 22
[2026-02-19 17:15:07] [SESSION 4] Saved 8 bids from page 22
[2026-02-19 17:15:08] [SESSION 4] Processing page 23
[2026-02-19 17:15:09] [SESSION 4] Saved 9 bids from page 23
[2026-02-19 17:15:11] [SESSION 4] Processing page 24
[2026-02-19 17:15:11] [SESSION 4] Saved 10 bids from page 24
[2026-02-19 17:15:13] [SESSION 4] Processing page 25
[2026-02-19 17:15:13] [SESSION 4] Saved 10 bids from page 25
[2026-02-19 17:15:15] [SESSION 4] Processing page 26
[2026-02-19 17:15:15] [SESSION 4] Saved 9 bids from page 26
[2026-02-19 17:15:17] [SESSION 4] Processing page 27
[2026-02-19 17:15:18] [SESSION 4] Saved 10 bids from page 27
[2026-02-19 17:15:19] [SESSION 4] Processing page 28
[2026-02-19 17:15:20] [SESSION 4] Saved 10 bids from page 28
[2026-02-19 17:15:21] [SESSION 4] Processing page 29
[2026-02-19 17:15:23] [SESSION 4] Saved 10 bids from page 29
[2026-02-19 17:15:24] [SESSION 4] Processing page 30
[2026-02-19 17:15:25] [SESSION 4] Saved 10 bids from page 30
[2026-02-19 17:15:26] [SESSION 4] Processing page 31
[2026-02-19 17:15:27] [SESSION 4] Saved 9 bids from page 31
[2026-02-19 17:15:28] [SESSION 4] Processing page 32
[2026-02-19 17:15:29] [SESSION 4] Saved 10 bids from page 32
[2026-02-19 17:15:31] [SESSION 4] Processing page 33
[2026-02-19 17:15:32] [SESSION 4] Saved 10 bids from page 33
[2026-02-19 17:15:33] [SESSION 4] Processing page 34
[2026-02-19 17:15:35] [SESSION 4] Saved 10 bids from page 34
[2026-02-19 17:15:36] [SESSION 4] Processing page 35
[2026-02-19 17:15:37] [SESSION 4] Saved 10 bids from page 35
[2026-02-19 17:15:38] [SESSION 4] Processing page 36
[2026-02-19 17:15:39] [SESSION 4] Saved 9 bids from page 36
[2026-02-19 17:15:40] [SESSION 4] Processing page 37
[2026-02-19 17:15:41] [SESSION 4] Saved 10 bids from page 37
[2026-02-19 17:15:43] [SESSION 4] Processing page 38
[2026-02-19 17:15:43] [SESSION 4] Saved 6 bids from page 38
[2026-02-19 17:15:45] [SESSION 4] Processing page 39
[2026-02-19 17:15:45] [SESSION 4] Saved 9 bids from page 39
[2026-02-19 17:15:47] [SESSION 4] Processing page 40
[2026-02-19 17:15:47] [SESSION 4] Saved 9 bids from page 40
[2026-02-19 17:15:49] [SESSION 4] Processing page 41
[2026-02-19 17:15:49] [SESSION 4] Saved 10 bids from page 41
[2026-02-19 17:15:51] [SESSION 4] Processing page 42
[2026-02-19 17:15:52] [SESSION 4] Saved 8 bids from page 42
[2026-02-19 17:15:53] [SESSION 4] Processing page 43
[2026-02-19 17:15:54] [SESSION 4] Saved 10 bids from page 43
[2026-02-19 17:15:55] [SESSION 4] Processing page 44
[2026-02-19 17:15:56] [SESSION 4] Saved 10 bids from page 44
[2026-02-19 17:15:57] [SESSION 4] Processing page 45
[2026-02-19 17:15:58] [SESSION 4] Saved 10 bids from page 45
[2026-02-19 17:16:00] [SESSION 4] Processing page 46
[2026-02-19 17:16:00] [SESSION 4] Saved 10 bids from page 46
[2026-02-19 17:16:02] [SESSION 4] Processing page 47
[2026-02-19 17:16:02] [SESSION 4] Saved 10 bids from page 47
[2026-02-19 17:16:04] [SESSION 4] Processing page 48
[2026-02-19 17:16:05] [SESSION 4] Saved 10 bids from page 48
[2026-02-19 17:16:06] [SESSION 4] Processing page 49
[2026-02-19 17:16:07] [SESSION 4] Saved 10 bids from page 49
[2026-02-19 17:16:08] [SESSION 4] Processing page 50
[2026-02-19 17:16:09] [SESSION 4] Saved 10 bids from page 50
[2026-02-19 17:16:10] [SESSION 4] Processing page 51
[2026-02-19 17:16:11] [SESSION 4] Saved 8 bids from page 51
[2026-02-19 17:16:12] [SESSION 4] Processing page 52
[2026-02-19 17:16:13] [SESSION 4] Saved 10 bids from page 52
[2026-02-19 17:16:14] [SESSION 4] Processing page 53
[2026-02-19 17:16:15] [SESSION 4] Saved 10 bids from page 53
[2026-02-19 17:16:17] [SESSION 4] Processing page 54
[2026-02-19 17:16:17] [SESSION 4] Saved 9 bids from page 54
[2026-02-19 17:16:19] [SESSION 4] Processing page 55
[2026-02-19 17:16:20] [SESSION 4] Saved 10 bids from page 55
[2026-02-19 17:16:21] [SESSION 4] Processing page 56
[2026-02-19 17:16:22] [SESSION 4] Saved 10 bids from page 56
[2026-02-19 17:16:23] [SESSION 4] Processing page 57
[2026-02-19 17:16:24] [SESSION 4] Saved 10 bids from page 57
[2026-02-19 17:16:26] [SESSION 4] Processing page 58
[2026-02-19 17:16:27] [SESSION 4] Saved 10 bids from page 58
[2026-02-19 17:16:28] [SESSION 4] Processing page 59
[2026-02-19 17:16:29] [SESSION 4] Saved 10 bids from page 59
[2026-02-19 17:16:31] [SESSION 4] Processing page 60
[2026-02-19 17:16:31] [SESSION 4] Saved 8 bids from page 60
[2026-02-19 17:16:33] [SESSION 4] Processing page 61
[2026-02-19 17:16:33] [SESSION 4] Saved 10 bids from page 61
[2026-02-19 17:16:35] [SESSION 4] Processing page 62
[2026-02-19 17:16:35] [SESSION 4] Saved 10 bids from page 62
[2026-02-19 17:16:37] [SESSION 4] Processing page 63
[2026-02-19 17:16:37] [SESSION 4] Saved 9 bids from page 63
[2026-02-19 17:16:39] [SESSION 4] Processing page 64
[2026-02-19 17:16:39] [SESSION 4] Saved 9 bids from page 64
[2026-02-19 17:16:41] [SESSION 4] Processing page 65
[2026-02-19 17:16:42] [SESSION 4] Saved 9 bids from page 65
[2026-02-19 17:16:43] [SESSION 4] Processing page 66
[2026-02-19 17:16:44] [SESSION 4] Saved 10 bids from page 66
[2026-02-19 17:16:45] [SESSION 4] Processing page 67
[2026-02-19 17:16:46] [SESSION 4] Saved 10 bids from page 67
[2026-02-19 17:16:47] [SESSION 4] Processing page 68
[2026-02-19 17:16:48] [SESSION 4] Saved 10 bids from page 68
[2026-02-19 17:16:49] [SESSION 4] Processing page 69
[2026-02-19 17:16:50] [SESSION 4] Saved 10 bids from page 69
[2026-02-19 17:16:52] [SESSION 4] Processing page 70
[2026-02-19 17:16:52] [SESSION 4] Saved 10 bids from page 70
[2026-02-19 17:16:54] [SESSION 4] Processing page 71
[2026-02-19 17:16:55] [SESSION 4] Saved 10 bids from page 71
[2026-02-19 17:16:56] [SESSION 4] Processing page 72
[2026-02-19 17:16:57] [SESSION 4] Saved 10 bids from page 72
[2026-02-19 17:16:58] [SESSION 4] Processing page 73
[2026-02-19 17:16:59] [SESSION 4] Saved 10 bids from page 73
[2026-02-19 17:17:01] [SESSION 4] Processing page 74
[2026-02-19 17:17:01] [SESSION 4] Saved 10 bids from page 74
[2026-02-19 17:17:03] [SESSION 4] Processing page 75
[2026-02-19 17:17:03] [SESSION 4] Saved 10 bids from page 75
[2026-02-19 17:17:05] [SESSION 4] Processing page 76
[2026-02-19 17:17:06] [SESSION 4] Saved 10 bids from page 76
[2026-02-19 17:17:07] [SESSION 4] Processing page 77
[2026-02-19 17:17:08] [SESSION 4] Saved 10 bids from page 77
[2026-02-19 17:17:09] [SESSION 4] Processing page 78
[2026-02-19 17:17:10] [SESSION 4] Saved 10 bids from page 78
[2026-02-19 17:17:11] [SESSION 4] Processing page 79
[2026-02-19 17:17:12] [SESSION 4] Saved 10 bids from page 79
[2026-02-19 17:17:14] [SESSION 4] Processing page 80
[2026-02-19 17:17:14] [SESSION 4] Saved 10 bids from page 80
[2026-02-19 17:17:16] [SESSION 4] Processing page 81
[2026-02-19 17:17:17] [SESSION 4] Saved 10 bids from page 81
[2026-02-19 17:17:19] [SESSION 4] Processing page 82
[2026-02-19 17:17:19] [SESSION 4] Saved 10 bids from page 82
[2026-02-19 17:17:21] [SESSION 4] Processing page 83
[2026-02-19 17:17:21] [SESSION 4] Saved 7 bids from page 83
[2026-02-19 17:17:23] [SESSION 4] Processing page 84
[2026-02-19 17:17:24] [SESSION 4] Saved 9 bids from page 84
[2026-02-19 17:17:25] [SESSION 4] Processing page 85
[2026-02-19 17:17:26] [SESSION 4] Saved 8 bids from page 85
[2026-02-19 17:17:27] [SESSION 4] Processing page 86
[2026-02-19 17:17:28] [SESSION 4] Saved 10 bids from page 86
[2026-02-19 17:17:30] [SESSION 4] Processing page 87
[2026-02-19 17:17:30] [SESSION 4] Saved 10 bids from page 87
[2026-02-19 17:17:32] [SESSION 4] Processing page 88
[2026-02-19 17:17:33] [SESSION 4] Saved 8 bids from page 88
[2026-02-19 17:17:34] [SESSION 4] Processing page 89
[2026-02-19 17:17:35] [SESSION 4] Saved 9 bids from page 89
[2026-02-19 17:17:36] [SESSION 4] Processing page 90
[2026-02-19 17:17:37] [SESSION 4] Saved 10 bids from page 90
[2026-02-19 17:17:39] [SESSION 4] Processing page 91
[2026-02-19 17:17:39] [SESSION 4] Saved 9 bids from page 91
[2026-02-19 17:17:41] [SESSION 4] Processing page 92
[2026-02-19 17:17:42] [SESSION 4] Saved 10 bids from page 92
[2026-02-19 17:17:44] [SESSION 4] Processing page 93
[2026-02-19 17:17:45] [SESSION 4] Saved 8 bids from page 93
[2026-02-19 17:17:46] [SESSION 4] Processing page 94
[2026-02-19 17:17:47] [SESSION 4] Saved 10 bids from page 94
[2026-02-19 17:17:48] [SESSION 4] Processing page 95
[2026-02-19 17:17:49] [SESSION 4] Saved 9 bids from page 95
[2026-02-19 17:17:50] [SESSION 4] Processing page 96
[2026-02-19 17:17:51] [SESSION 4] Saved 7 bids from page 96
[2026-02-19 17:17:53] [SESSION 4] Processing page 97
[2026-02-19 17:17:53] [SESSION 4] Saved 9 bids from page 97
[2026-02-19 17:17:55] [SESSION 4] Processing page 98
[2026-02-19 17:17:56] [SESSION 4] Saved 10 bids from page 98
[2026-02-19 17:17:57] [SESSION 4] Processing page 99
[2026-02-19 17:17:58] [SESSION 4] Saved 10 bids from page 99
[2026-02-19 17:17:59] [SESSION 4] Processing page 100
[2026-02-19 17:18:00] [SESSION 4] Saved 10 bids from page 100
[2026-02-19 17:18:01] [SESSION 4] Processing page 101
[2026-02-19 17:18:02] [SESSION 4] Saved 10 bids from page 101
[2026-02-19 17:18:04] [SESSION 4] Processing page 102
[2026-02-19 17:18:04] [SESSION 4] Saved 10 bids from page 102
[2026-02-19 17:18:06] [SESSION 4] Processing page 103
[2026-02-19 17:18:07] [SESSION 4] Saved 10 bids from page 103
[2026-02-19 17:18:08] [SESSION 4] Processing page 104
[2026-02-19 17:18:09] [SESSION 4] Saved 9 bids from page 104
[2026-02-19 17:18:10] [SESSION 4] Processing page 105
[2026-02-19 17:18:11] [SESSION 4] Saved 10 bids from page 105
[2026-02-19 17:18:13] [SESSION 4] Processing page 106
[2026-02-19 17:18:13] [SESSION 4] Saved 10 bids from page 106
[2026-02-19 17:18:15] [SESSION 4] Processing page 107
[2026-02-19 17:18:15] [SESSION 4] Saved 9 bids from page 107
[2026-02-19 17:18:17] [SESSION 4] Processing page 108
[2026-02-19 17:18:17] [SESSION 4] Saved 10 bids from page 108
[2026-02-19 17:18:19] [SESSION 4] Processing page 109
[2026-02-19 17:18:19] [SESSION 4] Saved 10 bids from page 109
[2026-02-19 17:18:21] [SESSION 4] Processing page 110
[2026-02-19 17:18:21] [SESSION 4] Saved 10 bids from page 110
[2026-02-19 17:18:23] [SESSION 4] Processing page 111
[2026-02-19 17:18:23] [SESSION 4] Saved 10 bids from page 111
[2026-02-19 17:18:25] [SESSION 4] Processing page 112
[2026-02-19 17:18:25] [SESSION 4] Saved 10 bids from page 112
[2026-02-19 17:18:26] [SESSION 4] Processing page 113
[2026-02-19 17:18:27] [SESSION 4] Saved 10 bids from page 113
[2026-02-19 17:18:28] [SESSION 4] Processing page 114
[2026-02-19 17:18:29] [SESSION 4] Saved 10 bids from page 114
[2026-02-19 17:18:30] [SESSION 4] Processing page 115
[2026-02-19 17:18:31] [SESSION 4] Saved 10 bids from page 115
[2026-02-19 17:18:32] [SESSION 4] Processing page 116
[2026-02-19 17:18:33] [SESSION 4] Saved 10 bids from page 116
[2026-02-19 17:18:34] [SESSION 4] Processing page 117
[2026-02-19 17:18:34] [SESSION 4] Saved 9 bids from page 117
[2026-02-19 17:18:36] [SESSION 4] Processing page 118
[2026-02-19 17:18:36] [SESSION 4] Saved 10 bids from page 118
[2026-02-19 17:18:38] [SESSION 4] Processing page 119
[2026-02-19 17:18:38] [SESSION 4] Saved 10 bids from page 119
[2026-02-19 17:18:40] [SESSION 4] Processing page 120
[2026-02-19 17:18:41] [SESSION 4] Saved 0 bids from page 120
[2026-02-19 17:18:41] [SESSION 4] Pagination completed safely.
[2026-02-19 17:18:41] [SESSION 4] Session completed: 6 new bids found, 120 pages processed
[2026-02-19 17:20:17] [SESSION 4] Starting scraper - Keyword: 'batter' | Output: gem_all_bids_session4.csv
[2026-02-19 17:22:27] [SESSION 4] Starting scraper - Keyword: 'batter' | Output: gem_all_bids_session4.csv
[2026-02-19 17:22:36] [SESSION 4] Processing page 1
[2026-02-19 17:22:36] [SESSION 4] Saved 10 bids from page 1
[2026-02-19 17:22:38] [SESSION 4] Processing page 2
[2026-02-19 17:22:39] [SESSION 4] Saved 10 bids from page 2
[2026-02-19 17:22:40] [SESSION 4] Processing page 3
[2026-02-19 17:22:41] [SESSION 4] Saved 10 bids from page 3
[2026-02-19 17:22:43] [SESSION 4] Processing page 4
[2026-02-19 17:22:44] [SESSION 4] Saved 10 bids from page 4
[2026-02-19 17:22:45] [SESSION 4] Processing page 5
[2026-02-19 17:22:46] [SESSION 4] Saved 10 bids from page 5
[2026-02-19 17:22:47] [SESSION 4] Processing page 6
[2026-02-19 17:22:48] [SESSION 4] Saved 10 bids from page 6
[2026-02-19 17:22:49] [SESSION 4] Processing page 7
[2026-02-19 17:22:50] [SESSION 4] Saved 10 bids from page 7
[2026-02-19 17:22:52] [SESSION 4] Processing page 8
[2026-02-19 17:22:52] [SESSION 4] Saved 10 bids from page 8
[2026-02-19 17:22:54] [SESSION 4] Processing page 9
[2026-02-19 17:22:54] [SESSION 4] Saved 10 bids from page 9
[2026-02-19 17:22:56] [SESSION 4] Processing page 10
[2026-02-19 17:22:56] [SESSION 4] Saved 10 bids from page 10
[2026-02-19 17:22:58] [SESSION 4] Processing page 11
[2026-02-19 17:22:58] [SESSION 4] Saved 10 bids from page 11
[2026-02-19 17:23:00] [SESSION 4] Processing page 12
[2026-02-19 17:23:01] [SESSION 4] Saved 10 bids from page 12
[2026-02-19 17:23:03] [SESSION 4] Processing page 13
[2026-02-19 17:23:03] [SESSION 4] Saved 8 bids from page 13
[2026-02-19 17:23:05] [SESSION 4] Processing page 14
[2026-02-19 17:23:06] [SESSION 4] Saved 10 bids from page 14
[2026-02-19 17:23:07] [SESSION 4] Processing page 15
[2026-02-19 17:23:08] [SESSION 4] Saved 10 bids from page 15
[2026-02-19 17:23:10] [SESSION 4] Processing page 16
[2026-02-19 17:23:10] [SESSION 4] Saved 9 bids from page 16
[2026-02-19 17:23:12] [SESSION 4] Processing page 17
[2026-02-19 17:23:13] [SESSION 4] Saved 10 bids from page 17
[2026-02-19 17:23:14] [SESSION 4] Processing page 18
[2026-02-19 17:23:15] [SESSION 4] Saved 9 bids from page 18
[2026-02-19 17:23:16] [SESSION 4] Processing page 19
[2026-02-19 17:23:17] [SESSION 4] Saved 10 bids from page 19
[2026-02-19 17:23:19] [SESSION 4] Processing page 20
[2026-02-19 17:23:19] [SESSION 4] Saved 9 bids from page 20
[2026-02-19 17:23:21] [SESSION 4] Processing page 21
[2026-02-19 17:23:22] [SESSION 4] Saved 9 bids from page 21
[2026-02-19 17:23:24] [SESSION 4] Processing page 22
[2026-02-19 17:23:24] [SESSION 4] Saved 10 bids from page 22
[2026-02-19 17:23:26] [SESSION 4] Processing page 23
[2026-02-19 17:23:27] [SESSION 4] Saved 10 bids from page 23
[2026-02-19 17:23:28] [SESSION 4] Processing page 24
[2026-02-19 17:23:29] [SESSION 4] Saved 9 bids from page 24
[2026-02-19 17:23:30] [SESSION 4] Processing page 25
[2026-02-19 17:23:31] [SESSION 4] Saved 10 bids from page 25
[2026-02-19 17:23:33] [SESSION 4] Processing page 26
[2026-02-19 17:23:33] [SESSION 4] Saved 10 bids from page 26
[2026-02-19 17:23:35] [SESSION 4] Processing page 27
[2026-02-19 17:23:35] [SESSION 4] Saved 10 bids from page 27
[2026-02-19 17:23:37] [SESSION 4] Processing page 28
[2026-02-19 17:23:37] [SESSION 4] Saved 10 bids from page 28
[2026-02-19 17:23:39] [SESSION 4] Processing page 29
[2026-02-19 17:23:39] [SESSION 4] Saved 9 bids from page 29
[2026-02-19 17:23:41] [SESSION 4] Processing page 30
[2026-02-19 17:23:41] [SESSION 4] Saved 9 bids from page 30
[2026-02-19 17:23:43] [SESSION 4] Processing page 31
[2026-02-19 17:23:44] [SESSION 4] Saved 10 bids from page 31
[2026-02-19 17:23:45] [SESSION 4] Processing page 32
[2026-02-19 17:23:46] [SESSION 4] Saved 10 bids from page 32
[2026-02-19 17:23:47] [SESSION 4] Processing page 33
[2026-02-19 17:23:48] [SESSION 4] Saved 10 bids from page 33
[2026-02-19 17:23:50] [SESSION 4] Processing page 34
[2026-02-19 17:23:50] [SESSION 4] Saved 4 bids from page 34
[2026-02-19 17:23:52] [SESSION 4] Processing page 35
[2026-02-19 17:23:52] [SESSION 4] Saved 9 bids from page 35
[2026-02-19 17:23:54] [SESSION 4] Processing page 36
[2026-02-19 17:23:55] [SESSION 4] Saved 8 bids from page 36
[2026-02-19 17:23:56] [SESSION 4] Processing page 37
[2026-02-19 17:23:57] [SESSION 4] Saved 10 bids from page 37
[2026-02-19 17:23:58] [SESSION 4] Processing page 38
[2026-02-19 17:23:59] [SESSION 4] Saved 6 bids from page 38
[2026-02-19 17:24:00] [SESSION 4] Processing page 39
[2026-02-19 17:24:02] [SESSION 4] Saved 10 bids from page 39
[2026-02-19 17:24:03] [SESSION 4] Processing page 40
[2026-02-19 17:24:04] [SESSION 4] Saved 7 bids from page 40
[2026-02-19 17:24:05] [SESSION 4] Processing page 41
[2026-02-19 17:24:06] [SESSION 4] Saved 10 bids from page 41
[2026-02-19 17:24:07] [SESSION 4] Processing page 42
[2026-02-19 17:24:08] [SESSION 4] Saved 10 bids from page 42
[2026-02-19 17:24:10] [SESSION 4] Processing page 43
[2026-02-19 17:24:10] [SESSION 4] Saved 9 bids from page 43
[2026-02-19 17:24:12] [SESSION 4] Processing page 44
[2026-02-19 17:24:12] [SESSION 4] Saved 10 bids from page 44
[2026-02-19 17:24:14] [SESSION 4] Processing page 45
[2026-02-19 17:24:15] [SESSION 4] Saved 9 bids from page 45
[2026-02-19 17:24:16] [SESSION 4] Processing page 46
[2026-02-19 17:24:17] [SESSION 4] Saved 10 bids from page 46
[2026-02-19 17:24:19] [SESSION 4] Processing page 47
[2026-02-19 17:24:19] [SESSION 4] Saved 10 bids from page 47
[2026-02-19 17:25:21] [SESSION 4] Pagination stalled. Retrying.
[2026-02-19 17:25:21] [SESSION 4] Processing page 48
[2026-02-19 17:25:22] [SESSION 4] Saved 2 bids from page 48
[2026-02-19 17:25:24] [SESSION 4] Processing page 49
[2026-02-19 17:25:24] [SESSION 4] Saved 10 bids from page 49
[2026-02-19 17:25:26] [SESSION 4] Processing page 50
[2026-02-19 17:25:26] [SESSION 4] Saved 10 bids from page 50
[2026-02-19 17:25:28] [SESSION 4] Processing page 51
[2026-02-19 17:25:29] [SESSION 4] Saved 10 bids from page 51
[2026-02-19 17:25:30] [SESSION 4] Processing page 52
[2026-02-19 17:25:31] [SESSION 4] Saved 9 bids from page 52
[2026-02-19 17:25:32] [SESSION 4] Processing page 53
[2026-02-19 17:25:33] [SESSION 4] Saved 10 bids from page 53
[2026-02-19 17:25:34] [SESSION 4] Processing page 54
[2026-02-19 17:25:35] [SESSION 4] Saved 10 bids from page 54
[2026-02-19 17:25:36] [SESSION 4] Processing page 55
[2026-02-19 17:25:37] [SESSION 4] Saved 10 bids from page 55
[2026-02-19 17:25:38] [SESSION 4] Processing page 56
[2026-02-19 17:25:39] [SESSION 4] Saved 10 bids from page 56
[2026-02-19 17:25:41] [SESSION 4] Processing page 57
[2026-02-19 17:25:41] [SESSION 4] Saved 10 bids from page 57
[2026-02-19 17:25:43] [SESSION 4] Processing page 58
[2026-02-19 17:25:43] [SESSION 4] Saved 10 bids from page 58
[2026-02-19 17:25:45] [SESSION 4] Processing page 59
[2026-02-19 17:25:45] [SESSION 4] Saved 10 bids from page 59
[2026-02-19 17:25:47] [SESSION 4] Processing page 60
[2026-02-19 17:25:48] [SESSION 4] Saved 10 bids from page 60
[2026-02-19 17:25:49] [SESSION 4] Processing page 61
[2026-02-19 17:25:50] [SESSION 4] Saved 9 bids from page 61
[2026-02-19 17:25:51] [SESSION 4] Processing page 62
[2026-02-19 17:25:52] [SESSION 4] Saved 10 bids from page 62
[2026-02-19 17:25:53] [SESSION 4] Processing page 63
[2026-02-19 17:25:54] [SESSION 4] Saved 9 bids from page 63
[2026-02-19 17:25:56] [SESSION 4] Processing page 64
[2026-02-19 17:25:57] [SESSION 4] Saved 8 bids from page 64
[2026-02-19 17:25:58] [SESSION 4] Processing page 65
[2026-02-19 17:25:59] [SESSION 4] Saved 10 bids from page 65
[2026-02-19 17:26:01] [SESSION 4] Processing page 66
[2026-02-19 17:26:01] [SESSION 4] Saved 10 bids from page 66
[2026-02-19 17:26:03] [SESSION 4] Processing page 67
[2026-02-19 17:26:04] [SESSION 4] Saved 10 bids from page 67
[2026-02-19 17:26:05] [SESSION 4] Processing page 68
[2026-02-19 17:26:06] [SESSION 4] Saved 10 bids from page 68
[2026-02-19 17:26:08] [SESSION 4] Processing page 69
[2026-02-19 17:26:08] [SESSION 4] Saved 10 bids from page 69
[2026-02-19 17:26:10] [SESSION 4] Processing page 70
[2026-02-19 17:26:11] [SESSION 4] Saved 10 bids from page 70
[2026-02-19 17:26:12] [SESSION 4] Processing page 71
[2026-02-19 17:26:13] [SESSION 4] Saved 10 bids from page 71
[2026-02-19 17:26:14] [SESSION 4] Processing page 72
[2026-02-19 17:26:15] [SESSION 4] Saved 10 bids from page 72
[2026-02-19 17:26:17] [SESSION 4] Processing page 73
[2026-02-19 17:26:17] [SESSION 4] Saved 10 bids from page 73
[2026-02-19 17:26:19] [SESSION 4] Processing page 74
[2026-02-19 17:26:20] [SESSION 4] Saved 10 bids from page 74
[2026-02-19 17:26:21] [SESSION 4] Processing page 75
[2026-02-19 17:26:22] [SESSION 4] Saved 10 bids from page 75
[2026-02-19 17:26:24] [SESSION 4] Processing page 76
[2026-02-19 17:26:24] [SESSION 4] Saved 10 bids from page 76
[2026-02-19 17:26:26] [SESSION 4] Processing page 77
[2026-02-19 17:26:26] [SESSION 4] Saved 10 bids from page 77
[2026-02-19 17:26:28] [SESSION 4] Processing page 78
[2026-02-19 17:26:28] [SESSION 4] Saved 10 bids from page 78
[2026-02-19 17:26:30] [SESSION 4] Processing page 79
[2026-02-19 17:26:30] [SESSION 4] Saved 10 bids from page 79
[2026-02-19 17:26:32] [SESSION 4] Processing page 80
[2026-02-19 17:26:32] [SESSION 4] Saved 10 bids from page 80
[2026-02-19 17:26:34] [SESSION 4] Processing page 81
[2026-02-19 17:26:34] [SESSION 4] Saved 10 bids from page 81
[2026-02-19 17:26:36] [SESSION 4] Processing page 82
[2026-02-19 17:26:36] [SESSION 4] Saved 10 bids from page 82
[2026-02-19 17:26:38] [SESSION 4] Processing page 83
[2026-02-19 17:26:38] [SESSION 4] Saved 10 bids from page 83
[2026-02-19 17:26:40] [SESSION 4] Processing page 84
[2026-02-19 17:26:40] [SESSION 4] Saved 10 bids from page 84
[2026-02-19 17:26:42] [SESSION 4] Processing page 85
[2026-02-19 17:26:42] [SESSION 4] Saved 8 bids from page 85
[2026-02-19 17:26:44] [SESSION 4] Processing page 86
[2026-02-19 17:26:44] [SESSION 4] Saved 9 bids from page 86
[2026-02-19 17:26:46] [SESSION 4] Processing page 87
[2026-02-19 17:26:46] [SESSION 4] Saved 9 bids from page 87
[2026-02-19 17:26:48] [SESSION 4] Processing page 88
[2026-02-19 17:26:48] [SESSION 4] Saved 10 bids from page 88
[2026-02-19 17:26:50] [SESSION 4] Processing page 89
[2026-02-19 17:26:50] [SESSION 4] Saved 10 bids from page 89
[2026-02-19 17:26:51] [SESSION 4] Processing page 90
[2026-02-19 17:26:52] [SESSION 4] Saved 10 bids from page 90
[2026-02-19 17:26:53] [SESSION 4] Processing page 91
[2026-02-19 17:26:54] [SESSION 4] Saved 10 bids from page 91
[2026-02-19 17:26:55] [SESSION 4] Processing page 92
[2026-02-19 17:26:56] [SESSION 4] Saved 10 bids from page 92
[2026-02-19 17:26:57] [SESSION 4] Processing page 93
[2026-02-19 17:26:58] [SESSION 4] Saved 10 bids from page 93
[2026-02-19 17:26:59] [SESSION 4] Processing page 94
[2026-02-19 17:26:59] [SESSION 4] Saved 8 bids from page 94
[2026-02-19 17:27:01] [SESSION 4] Processing page 95
[2026-02-19 17:27:01] [SESSION 4] Saved 9 bids from page 95
[2026-02-19 17:27:03] [SESSION 4] Processing page 96
[2026-02-19 17:27:03] [SESSION 4] Saved 7 bids from page 96
[2026-02-19 17:27:05] [SESSION 4] Processing page 97
[2026-02-19 17:27:06] [SESSION 4] Saved 9 bids from page 97
[2026-02-19 17:27:07] [SESSION 4] Processing page 98
[2026-02-19 17:27:07] [SESSION 4] Saved 6 bids from page 98
[2026-02-19 17:27:09] [SESSION 4] Processing page 99
[2026-02-19 17:27:09] [SESSION 4] Saved 10 bids from page 99
[2026-02-19 17:27:11] [SESSION 4] Processing page 100
[2026-02-19 17:27:12] [SESSION 4] Saved 10 bids from page 100
[2026-02-19 17:27:13] [SESSION 4] Processing page 101
[2026-02-19 17:27:13] [SESSION 4] Saved 10 bids from page 101
[2026-02-19 17:27:15] [SESSION 4] Processing page 102
[2026-02-19 17:27:15] [SESSION 4] Saved 10 bids from page 102
[2026-02-19 17:27:17] [SESSION 4] Processing page 103
[2026-02-19 17:27:17] [SESSION 4] Saved 10 bids from page 103
[2026-02-19 17:27:19] [SESSION 4] Processing page 104
[2026-02-19 17:27:19] [SESSION 4] Saved 9 bids from page 104
[2026-02-19 17:27:21] [SESSION 4] Processing page 105
[2026-02-19 17:27:21] [SESSION 4] Saved 10 bids from page 105
[2026-02-19 17:27:23] [SESSION 4] Processing page 106
[2026-02-19 17:27:23] [SESSION 4] Saved 10 bids from page 106
[2026-02-19 17:27:25] [SESSION 4] Processing page 107
[2026-02-19 17:27:25] [SESSION 4] Saved 10 bids from page 107
[2026-02-19 17:27:27] [SESSION 4] Processing page 108
[2026-02-19 17:27:27] [SESSION 4] Saved 10 bids from page 108
[2026-02-19 17:27:28] [SESSION 4] Processing page 109
[2026-02-19 17:27:29] [SESSION 4] Saved 10 bids from page 109
[2026-02-19 17:27:30] [SESSION 4] Processing page 110
[2026-02-19 17:27:31] [SESSION 4] Saved 9 bids from page 110
[2026-02-19 17:27:32] [SESSION 4] Processing page 111
[2026-02-19 17:27:33] [SESSION 4] Saved 9 bids from page 111
[2026-02-19 17:27:34] [SESSION 4] Processing page 112
[2026-02-19 17:27:35] [SESSION 4] Saved 10 bids from page 112
[2026-02-19 17:27:36] [SESSION 4] Processing page 113
[2026-02-19 17:27:37] [SESSION 4] Saved 10 bids from page 113
[2026-02-19 17:27:38] [SESSION 4] Processing page 114
[2026-02-19 17:27:38] [SESSION 4] Saved 10 bids from page 114
[2026-02-19 17:27:40] [SESSION 4] Processing page 115
[2026-02-19 17:27:40] [SESSION 4] Saved 10 bids from page 115
[2026-02-19 17:27:42] [SESSION 4] Processing page 116
[2026-02-19 17:27:42] [SESSION 4] Saved 10 bids from page 116
[2026-02-19 17:27:44] [SESSION 4] Processing page 117
[2026-02-19 17:27:44] [SESSION 4] Saved 9 bids from page 117
[2026-02-19 17:27:46] [SESSION 4] Processing page 118
[2026-02-19 17:27:47] [SESSION 4] Saved 10 bids from page 118
[2026-02-19 17:27:48] [SESSION 4] Processing page 119
[2026-02-19 17:27:49] [SESSION 4] Saved 10 bids from page 119
[2026-02-19 17:27:51] [SESSION 4] Processing page 120
[2026-02-19 17:27:51] [SESSION 4] Saved 3 bids from page 120
[2026-02-19 17:27:53] [SESSION 4] Processing page 121
[2026-02-19 17:27:54] [SESSION 4] Saved 0 bids from page 121
[2026-02-19 17:27:54] [SESSION 4] Pagination completed safely.
[2026-02-19 17:27:56] [SESSION 4] Session completed: 2 new bids found, 121 pages processed
[2026-02-19 18:16:54] [SESSION 4] Starting scraper - Keyword: 'batter' | Output: gem_all_bids_session4.csv
[2026-02-19 18:17:19] [SESSION 4] Processing page 1
[2026-02-19 18:17:23] [SESSION 4] Saved 10 bids from page 1
[2026-02-19 18:17:26] [SESSION 4] Processing page 2
[2026-02-19 18:17:28] [SESSION 4] Saved 10 bids from page 2
[2026-02-19 18:17:30] [SESSION 4] Processing page 3
[2026-02-19 18:17:31] [SESSION 4] Saved 10 bids from page 3
[2026-02-19 18:17:33] [SESSION 4] Processing page 4
[2026-02-19 18:17:35] [SESSION 4] Saved 10 bids from page 4
[2026-02-19 18:17:37] [SESSION 4] Processing page 5
[2026-02-19 18:17:37] [SESSION 4] Saved 10 bids from page 5
[2026-02-19 18:17:39] [SESSION 4] Processing page 6
[2026-02-19 18:17:40] [SESSION 4] Saved 10 bids from page 6
[2026-02-19 18:17:42] [SESSION 4] Processing page 7
[2026-02-19 18:17:42] [SESSION 4] Saved 10 bids from page 7
[2026-02-19 18:17:44] [SESSION 4] Processing page 8
[2026-02-19 18:17:45] [SESSION 4] Saved 10 bids from page 8
[2026-02-19 18:17:47] [SESSION 4] Processing page 9
[2026-02-19 18:17:48] [SESSION 4] Saved 10 bids from page 9
[2026-02-19 18:17:50] [SESSION 4] Processing page 10
[2026-02-19 18:17:50] [SESSION 4] Saved 10 bids from page 10
[2026-02-19 18:17:52] [SESSION 4] Processing page 11
[2026-02-19 18:17:53] [SESSION 4] Saved 9 bids from page 11
[2026-02-19 18:17:54] [SESSION 4] Processing page 12
[2026-02-19 18:17:56] [SESSION 4] Saved 10 bids from page 12
[2026-02-19 18:17:58] [SESSION 4] Processing page 13
[2026-02-19 18:18:03] [SESSION 4] Saved 10 bids from page 13
[2026-02-19 18:18:05] [SESSION 4] Processing page 14
[2026-02-19 18:18:08] [SESSION 4] Saved 10 bids from page 14
[2026-02-19 18:18:10] [SESSION 4] Processing page 15
[2026-02-19 18:18:13] [SESSION 4] Saved 10 bids from page 15
[2026-02-19 18:18:16] [SESSION 4] Processing page 16
[2026-02-19 18:18:17] [SESSION 4] Saved 10 bids from page 16
[2026-02-19 18:18:19] [SESSION 4] Processing page 17
[2026-02-19 18:18:22] [SESSION 4] Saved 10 bids from page 17
[2026-02-19 18:18:23] [SESSION 4] Processing page 18
[2026-02-19 18:18:25] [SESSION 4] Saved 10 bids from page 18
[2026-02-19 18:18:27] [SESSION 4] Processing page 19
[2026-02-19 18:18:29] [SESSION 4] Saved 10 bids from page 19
[2026-02-19 18:18:31] [SESSION 4] Processing page 20
[2026-02-19 18:18:34] [SESSION 4] Saved 6 bids from page 20
[2026-02-19 18:18:36] [SESSION 4] Processing page 21
[2026-02-19 18:18:37] [SESSION 4] Saved 8 bids from page 21
[2026-02-19 18:18:40] [SESSION 4] Processing page 22
[2026-02-19 18:18:40] [SESSION 4] Saved 10 bids from page 22
[2026-02-19 18:18:42] [SESSION 4] Processing page 23
[2026-02-19 18:18:43] [SESSION 4] Saved 9 bids from page 23
[2026-02-19 18:18:44] [SESSION 4] Processing page 24
[2026-02-19 18:18:45] [SESSION 4] Saved 9 bids from page 24
[2026-02-19 18:18:47] [SESSION 4] Processing page 25
[2026-02-19 18:18:47] [SESSION 4] Saved 10 bids from page 25
[2026-02-19 18:18:49] [SESSION 4] Processing page 26
[2026-02-19 18:18:50] [SESSION 4] Saved 10 bids from page 26
[2026-02-19 18:18:51] [SESSION 4] Processing page 27
[2026-02-19 18:18:52] [SESSION 4] Saved 10 bids from page 27
[2026-02-19 18:18:54] [SESSION 4] Processing page 28
[2026-02-19 18:18:55] [SESSION 4] Saved 10 bids from page 28
[2026-02-19 18:18:57] [SESSION 4] Processing page 29
[2026-02-19 18:18:58] [SESSION 4] Saved 10 bids from page 29
[2026-02-19 18:19:00] [SESSION 4] Processing page 30
[2026-02-19 18:19:02] [SESSION 4] Saved 10 bids from page 30
[2026-02-19 18:19:04] [SESSION 4] Processing page 31
[2026-02-19 18:19:05] [SESSION 4] Saved 7 bids from page 31
[2026-02-19 18:19:06] [SESSION 4] Processing page 32
[2026-02-19 18:19:07] [SESSION 4] Saved 10 bids from page 32
[2026-02-19 18:19:09] [SESSION 4] Processing page 33
[2026-02-19 18:19:10] [SESSION 4] Saved 3 bids from page 33
[2026-02-19 18:19:11] [SESSION 4] Processing page 34
[2026-02-19 18:19:12] [SESSION 4] Saved 10 bids from page 34
[2026-02-19 18:19:15] [SESSION 4] Processing page 35
[2026-02-19 18:19:16] [SESSION 4] Saved 6 bids from page 35
[2026-02-19 18:19:18] [SESSION 4] Processing page 36
[2026-02-19 18:19:19] [SESSION 4] Saved 9 bids from page 36
[2026-02-19 18:19:21] [SESSION 4] Processing page 37
[2026-02-19 18:19:22] [SESSION 4] Saved 10 bids from page 37
[2026-02-19 18:19:23] [SESSION 4] Processing page 38
[2026-02-19 18:19:24] [SESSION 4] Saved 8 bids from page 38
[2026-02-19 18:19:25] [SESSION 4] Processing page 39
[2026-02-19 18:19:26] [SESSION 4] Saved 10 bids from page 39
[2026-02-19 18:19:27] [SESSION 4] Processing page 40
[2026-02-19 18:19:28] [SESSION 4] Saved 10 bids from page 40
[2026-02-19 18:19:30] [SESSION 4] Processing page 41
[2026-02-19 18:19:32] [SESSION 4] Saved 7 bids from page 41
[2026-02-19 18:19:34] [SESSION 4] Processing page 42
[2026-02-19 18:19:35] [SESSION 4] Saved 10 bids from page 42
[2026-02-19 18:19:36] [SESSION 4] Processing page 43
[2026-02-19 18:19:38] [SESSION 4] Saved 9 bids from page 43
[2026-02-19 18:19:40] [SESSION 4] Processing page 44
[2026-02-19 18:19:41] [SESSION 4] Saved 10 bids from page 44
[2026-02-19 18:19:43] [SESSION 4] Processing page 45
[2026-02-19 18:19:44] [SESSION 4] Saved 9 bids from page 45
[2026-02-19 18:19:45] [SESSION 4] Processing page 46
[2026-02-19 18:19:46] [SESSION 4] Saved 10 bids from page 46
[2026-02-19 18:19:48] [SESSION 4] Processing page 47
[2026-02-19 18:19:49] [SESSION 4] Saved 10 bids from page 47
[2026-02-19 18:19:50] [SESSION 4] Processing page 48
[2026-02-19 18:19:51] [SESSION 4] Saved 10 bids from page 48
[2026-02-19 18:19:53] [SESSION 4] Processing page 49
[2026-02-19 18:19:54] [SESSION 4] Saved 10 bids from page 49
[2026-02-19 18:19:56] [SESSION 4] Processing page 50
[2026-02-19 18:19:57] [SESSION 4] Saved 10 bids from page 50
[2026-02-19 18:19:58] [SESSION 4] Processing page 51
[2026-02-19 18:19:59] [SESSION 4] Saved 10 bids from page 51
[2026-02-19 18:20:01] [SESSION 4] Processing page 52
[2026-02-19 18:20:02] [SESSION 4] Saved 10 bids from page 52
[2026-02-19 18:20:04] [SESSION 4] Processing page 53
[2026-02-19 18:20:05] [SESSION 4] Saved 10 bids from page 53
[2026-02-19 18:20:06] [SESSION 4] Processing page 54
[2026-02-19 18:20:07] [SESSION 4] Saved 10 bids from page 54
[2026-02-19 18:20:09] [SESSION 4] Processing page 55
[2026-02-19 18:20:10] [SESSION 4] Saved 10 bids from page 55
[2026-02-19 18:20:11] [SESSION 4] Processing page 56
[2026-02-19 18:20:12] [SESSION 4] Saved 10 bids from page 56
[2026-02-19 18:20:14] [SESSION 4] Processing page 57
[2026-02-19 18:20:15] [SESSION 4] Saved 10 bids from page 57
[2026-02-19 18:20:16] [SESSION 4] Processing page 58
[2026-02-19 18:20:17] [SESSION 4] Saved 10 bids from page 58
[2026-02-19 18:20:19] [SESSION 4] Processing page 59
[2026-02-19 18:20:20] [SESSION 4] Saved 10 bids from page 59
[2026-02-19 18:20:22] [SESSION 4] Processing page 60
[2026-02-19 18:20:23] [SESSION 4] Saved 9 bids from page 60
[2026-02-19 18:20:24] [SESSION 4] Processing page 61
[2026-02-19 18:20:25] [SESSION 4] Saved 9 bids from page 61
[2026-02-19 18:20:27] [SESSION 4] Processing page 62
[2026-02-19 18:20:30] [SESSION 4] Saved 9 bids from page 62
[2026-02-19 18:20:31] [SESSION 4] Processing page 63
[2026-02-19 18:20:34] [SESSION 4] Saved 10 bids from page 63
[2026-02-19 18:20:35] [SESSION 4] Processing page 64
[2026-02-19 18:20:36] [SESSION 4] Saved 10 bids from page 64
[2026-02-19 18:20:39] [SESSION 4] Processing page 65
[2026-02-19 18:20:40] [SESSION 4] Saved 10 bids from page 65
[2026-02-19 18:20:43] [SESSION 4] Processing page 66
[2026-02-19 18:20:44] [SESSION 4] Saved 10 bids from page 66
[2026-02-19 18:20:46] [SESSION 4] Processing page 67
[2026-02-19 18:20:47] [SESSION 4] Saved 10 bids from page 67
[2026-02-19 18:20:48] [SESSION 4] Processing page 68
[2026-02-19 18:20:50] [SESSION 4] Saved 10 bids from page 68
[2026-02-19 18:20:52] [SESSION 4] Processing page 69
[2026-02-19 18:20:53] [SESSION 4] Saved 9 bids from page 69
[2026-02-19 18:20:55] [SESSION 4] Processing page 70
[2026-02-19 18:20:57] [SESSION 4] Saved 10 bids from page 70
[2026-02-19 18:20:59] [SESSION 4] Processing page 71
[2026-02-19 18:21:02] [SESSION 4] Saved 10 bids from page 71
[2026-02-19 18:21:03] [SESSION 4] Processing page 72
[2026-02-19 18:21:04] [SESSION 4] Saved 9 bids from page 72
[2026-02-19 18:21:06] [SESSION 4] Processing page 73
[2026-02-19 18:21:07] [SESSION 4] Saved 10 bids from page 73
[2026-02-19 18:21:09] [SESSION 4] Processing page 74
[2026-02-19 18:21:10] [SESSION 4] Saved 10 bids from page 74
[2026-02-19 18:21:11] [SESSION 4] Processing page 75
[2026-02-19 18:21:12] [SESSION 4] Saved 10 bids from page 75
[2026-02-19 18:21:14] [SESSION 4] Processing page 76
[2026-02-19 18:21:15] [SESSION 4] Saved 10 bids from page 76
[2026-02-19 18:21:17] [SESSION 4] Processing page 77
[2026-02-19 18:21:17] [SESSION 4] Saved 10 bids from page 77
[2026-02-19 18:21:19] [SESSION 4] Processing page 78
[2026-02-19 18:21:19] [SESSION 4] Saved 10 bids from page 78
[2026-02-19 18:21:21] [SESSION 4] Processing page 79
[2026-02-19 18:21:22] [SESSION 4] Saved 10 bids from page 79
[2026-02-19 18:21:23] [SESSION 4] Processing page 80
[2026-02-19 18:21:24] [SESSION 4] Saved 9 bids from page 80
[2026-02-19 18:21:26] [SESSION 4] Processing page 81
[2026-02-19 18:21:26] [SESSION 4] Saved 10 bids from page 81
[2026-02-19 18:21:28] [SESSION 4] Processing page 82
[2026-02-19 18:21:28] [SESSION 4] Saved 8 bids from page 82
[2026-02-19 18:21:30] [SESSION 4] Processing page 83
[2026-02-19 18:21:30] [SESSION 4] Saved 9 bids from page 83
[2026-02-19 18:21:32] [SESSION 4] Processing page 84
[2026-02-19 18:21:33] [SESSION 4] Saved 10 bids from page 84
[2026-02-19 18:21:35] [SESSION 4] Processing page 85
[2026-02-19 18:21:35] [SESSION 4] Saved 10 bids from page 85
[2026-02-19 18:21:37] [SESSION 4] Processing page 86
[2026-02-19 18:21:37] [SESSION 4] Saved 8 bids from page 86
[2026-02-19 18:21:39] [SESSION 4] Processing page 87
[2026-02-19 18:21:40] [SESSION 4] Saved 9 bids from page 87
[2026-02-19 18:21:41] [SESSION 4] Processing page 88
[2026-02-19 18:21:42] [SESSION 4] Saved 9 bids from page 88
[2026-02-19 18:21:44] [SESSION 4] Processing page 89
[2026-02-19 18:21:45] [SESSION 4] Saved 10 bids from page 89
[2026-02-19 18:21:47] [SESSION 4] Processing page 90
[2026-02-19 18:21:48] [SESSION 4] Saved 10 bids from page 90
[2026-02-19 18:21:50] [SESSION 4] Processing page 91
[2026-02-19 18:21:51] [SESSION 4] Saved 10 bids from page 91
[2026-02-19 18:21:53] [SESSION 4] Processing page 92
[2026-02-19 18:21:53] [SESSION 4] Saved 9 bids from page 92
[2026-02-19 18:21:55] [SESSION 4] Processing page 93
[2026-02-19 18:21:55] [SESSION 4] Saved 8 bids from page 93
[2026-02-19 18:21:57] [SESSION 4] Processing page 94
[2026-02-19 18:21:58] [SESSION 4] Saved 10 bids from page 94
[2026-02-19 18:22:00] [SESSION 4] Processing page 95
[2026-02-19 18:22:01] [SESSION 4] Saved 8 bids from page 95
[2026-02-19 18:22:02] [SESSION 4] Processing page 96
[2026-02-19 18:22:04] [SESSION 4] Saved 9 bids from page 96
[2026-02-19 18:22:06] [SESSION 4] Processing page 97
[2026-02-19 18:22:07] [SESSION 4] Saved 6 bids from page 97
[2026-02-19 18:22:09] [SESSION 4] Processing page 98
[2026-02-19 18:22:09] [SESSION 4] Saved 8 bids from page 98
[2026-02-19 18:22:11] [SESSION 4] Processing page 99
[2026-02-19 18:22:12] [SESSION 4] Saved 10 bids from page 99
[2026-02-19 18:22:13] [SESSION 4] Processing page 100
[2026-02-19 18:22:14] [SESSION 4] Saved 10 bids from page 100
[2026-02-19 18:22:18] [SESSION 4] Processing page 101
[2026-02-19 18:22:19] [SESSION 4] Saved 10 bids from page 101
[2026-02-19 18:22:21] [SESSION 4] Processing page 102
[2026-02-19 18:22:22] [SESSION 4] Saved 10 bids from page 102
[2026-02-19 18:22:23] [SESSION 4] Processing page 103
[2026-02-19 18:22:24] [SESSION 4] Saved 10 bids from page 103
[2026-02-19 18:22:26] [SESSION 4] Processing page 104
[2026-02-19 18:22:27] [SESSION 4] Saved 10 bids from page 104
[2026-02-19 18:22:28] [SESSION 4] Processing page 105
[2026-02-19 18:22:29] [SESSION 4] Saved 10 bids from page 105
[2026-02-19 18:22:31] [SESSION 4] Processing page 106
[2026-02-19 18:22:32] [SESSION 4] Saved 10 bids from page 106
[2026-02-19 18:22:34] [SESSION 4] Processing page 107
[2026-02-19 18:22:34] [SESSION 4] Saved 10 bids from page 107
[2026-02-19 18:22:36] [SESSION 4] Processing page 108
[2026-02-19 18:22:37] [SESSION 4] Saved 10 bids from page 108
[2026-02-19 18:22:39] [SESSION 4] Processing page 109
[2026-02-19 18:22:40] [SESSION 4] Saved 9 bids from page 109
[2026-02-19 18:22:41] [SESSION 4] Processing page 110
[2026-02-19 18:22:42] [SESSION 4] Saved 10 bids from page 110
[2026-02-19 18:22:44] [SESSION 4] Processing page 111
[2026-02-19 18:22:46] [SESSION 4] Saved 10 bids from page 111
[2026-02-19 18:22:47] [SESSION 4] Processing page 112
[2026-02-19 18:22:48] [SESSION 4] Saved 10 bids from page 112
[2026-02-19 18:22:49] [SESSION 4] Processing page 113
[2026-02-19 18:22:50] [SESSION 4] Saved 10 bids from page 113
[2026-02-19 18:22:51] [SESSION 4] Processing page 114
[2026-02-19 18:22:52] [SESSION 4] Saved 10 bids from page 114
[2026-02-19 18:22:54] [SESSION 4] Processing page 115
[2026-02-19 18:22:54] [SESSION 4] Saved 10 bids from page 115
[2026-02-19 18:22:56] [SESSION 4] Processing page 116
[2026-02-19 18:22:57] [SESSION 4] Saved 10 bids from page 116
[2026-02-19 18:22:58] [SESSION 4] Processing page 117
[2026-02-19 18:22:59] [SESSION 4] Saved 10 bids from page 117
[2026-02-19 18:23:01] [SESSION 4] Processing page 118
[2026-02-19 18:23:01] [SESSION 4] Saved 10 bids from page 118
[2026-02-19 18:23:03] [SESSION 4] Processing page 119
[2026-02-19 18:23:03] [SESSION 4] Saved 5 bids from page 119
[2026-02-19 18:23:05] [SESSION 4] Processing page 120
[2026-02-19 18:23:06] [SESSION 4] Saved 0 bids from page 120
[2026-02-19 18:23:06] [SESSION 4] Pagination completed safely.
[2026-02-19 18:23:07] [SESSION 4] Session completed: 3 new bids found, 120 pages processed
[2026-02-19 18:27:52] [SESSION 4] Starting scraper - Keyword: 'batter' | Output: gem_all_bids_session4.csv
[2026-02-19 18:28:01] [SESSION 4] Processing page 1
[2026-02-19 18:28:01] [SESSION 4] Saved 10 bids from page 1
[2026-02-19 18:28:03] [SESSION 4] Processing page 2
[2026-02-19 18:28:03] [SESSION 4] Saved 9 bids from page 2
[2026-02-19 18:28:05] [SESSION 4] Processing page 3
[2026-02-19 18:28:06] [SESSION 4] Saved 9 bids from page 3
[2026-02-19 18:28:07] [SESSION 4] Processing page 4
[2026-02-19 18:28:08] [SESSION 4] Saved 10 bids from page 4
[2026-02-19 18:28:10] [SESSION 4] Processing page 5
[2026-02-19 18:28:10] [SESSION 4] Saved 10 bids from page 5
[2026-02-19 18:28:12] [SESSION 4] Processing page 6
[2026-02-19 18:28:12] [SESSION 4] Saved 10 bids from page 6
[2026-02-19 18:28:14] [SESSION 4] Processing page 7
[2026-02-19 18:28:15] [SESSION 4] Saved 10 bids from page 7
[2026-02-19 18:28:17] [SESSION 4] Processing page 8
[2026-02-19 18:28:17] [SESSION 4] Saved 10 bids from page 8
[2026-02-19 18:28:19] [SESSION 4] Processing page 9
[2026-02-19 18:28:19] [SESSION 4] Saved 10 bids from page 9
[2026-02-19 18:28:22] [SESSION 4] Processing page 10
[2026-02-19 18:28:23] [SESSION 4] Saved 10 bids from page 10
[2026-02-19 18:28:26] [SESSION 4] Processing page 11
[2026-02-19 18:28:27] [SESSION 4] Saved 10 bids from page 11
[2026-02-19 18:28:30] [SESSION 4] Processing page 12
[2026-02-19 18:28:31] [SESSION 4] Saved 10 bids from page 12
[2026-02-19 18:28:34] [SESSION 4] Processing page 13
[2026-02-19 18:28:35] [SESSION 4] Saved 9 bids from page 13
[2026-02-19 18:28:38] [SESSION 4] Processing page 14
[2026-02-19 18:28:39] [SESSION 4] Saved 10 bids from page 14
[2026-02-19 18:28:41] [SESSION 4] Processing page 15
[2026-02-19 18:28:42] [SESSION 4] Saved 10 bids from page 15
[2026-02-19 18:28:45] [SESSION 4] Processing page 16
[2026-02-19 18:28:46] [SESSION 4] Saved 9 bids from page 16
[2026-02-19 18:28:49] [SESSION 4] Processing page 17
[2026-02-19 18:28:50] [SESSION 4] Saved 10 bids from page 17
[2026-02-19 18:28:53] [SESSION 4] Processing page 18
[2026-02-19 18:28:54] [SESSION 4] Saved 10 bids from page 18
[2026-02-19 18:28:57] [SESSION 4] Processing page 19
[2026-02-19 18:28:58] [SESSION 4] Saved 9 bids from page 19
[2026-02-19 18:29:01] [SESSION 4] Processing page 20
[2026-02-19 18:29:02] [SESSION 4] Saved 9 bids from page 20
[2026-02-19 18:29:05] [SESSION 4] Processing page 21
[2026-02-19 18:29:06] [SESSION 4] Saved 10 bids from page 21
[2026-02-19 18:29:11] [SESSION 4] Processing page 22
[2026-02-19 18:29:11] [SESSION 4] Saved 8 bids from page 22
[2026-02-19 18:29:14] [SESSION 4] Processing page 23
[2026-02-19 18:29:15] [SESSION 4] Saved 8 bids from page 23
[2026-02-19 18:29:18] [SESSION 4] Processing page 24
[2026-02-19 18:29:19] [SESSION 4] Saved 8 bids from page 24
[2026-02-19 18:29:21] [SESSION 4] Processing page 25
[2026-02-19 18:29:22] [SESSION 4] Saved 9 bids from page 25
[2026-02-19 18:29:24] [SESSION 4] Processing page 26
[2026-02-19 18:29:25] [SESSION 4] Saved 10 bids from page 26
[2026-02-19 18:29:28] [SESSION 4] Processing page 27
[2026-02-19 18:29:29] [SESSION 4] Saved 10 bids from page 27
[2026-02-19 18:29:35] [SESSION 4] Processing page 28
[2026-02-19 18:29:36] [SESSION 4] Saved 9 bids from page 28
[2026-02-19 18:29:40] [SESSION 4] Processing page 29
[2026-02-19 18:29:41] [SESSION 4] Saved 10 bids from page 29
[2026-02-19 18:29:44] [SESSION 4] Processing page 30
[2026-02-19 18:29:45] [SESSION 4] Saved 10 bids from page 30
[2026-02-19 18:29:49] [SESSION 4] Processing page 31
[2026-02-19 18:29:50] [SESSION 4] Saved 6 bids from page 31
[2026-02-19 18:29:54] [SESSION 4] Processing page 32
[2026-02-19 18:29:54] [SESSION 4] Saved 9 bids from page 32
[2026-02-19 18:29:58] [SESSION 4] Processing page 33
[2026-02-19 18:29:58] [SESSION 4] Saved 9 bids from page 33
[2026-02-19 18:30:02] [SESSION 4] Processing page 34
[2026-02-19 18:30:02] [SESSION 4] Saved 8 bids from page 34
[2026-02-19 18:31:06] [SESSION 4] Pagination stalled. Retrying.
[2026-02-19 18:31:06] [SESSION 4] Processing page 35
[2026-02-19 18:31:08] [SESSION 4] Saved 9 bids from page 35
[2026-02-19 18:31:11] [SESSION 4] Processing page 36
[2026-02-19 18:31:12] [SESSION 4] Saved 10 bids from page 36
[2026-02-19 18:31:15] [SESSION 4] Processing page 37
[2026-02-19 18:31:16] [SESSION 4] Saved 6 bids from page 37
[2026-02-19 18:31:19] [SESSION 4] Processing page 38
[2026-02-19 18:31:20] [SESSION 4] Saved 10 bids from page 38
[2026-02-19 18:31:23] [SESSION 4] Processing page 39
[2026-02-19 18:31:24] [SESSION 4] Saved 8 bids from page 39
[2026-02-19 18:31:27] [SESSION 4] Processing page 40
[2026-02-19 18:31:28] [SESSION 4] Saved 10 bids from page 40
[2026-02-19 18:31:31] [SESSION 4] Processing page 41
[2026-02-19 18:31:32] [SESSION 4] Saved 9 bids from page 41
[2026-02-19 18:31:35] [SESSION 4] Processing page 42
[2026-02-19 18:31:36] [SESSION 4] Saved 9 bids from page 42
[2026-02-19 18:31:39] [SESSION 4] Processing page 43
[2026-02-19 18:31:40] [SESSION 4] Saved 10 bids from page 43
[2026-02-19 18:31:43] [SESSION 4] Processing page 44
[2026-02-19 18:31:44] [SESSION 4] Saved 10 bids from page 44
[2026-02-19 18:31:47] [SESSION 4] Processing page 45
[2026-02-19 18:31:48] [SESSION 4] Saved 9 bids from page 45
[2026-02-19 18:31:51] [SESSION 4] Processing page 46
[2026-02-19 18:31:52] [SESSION 4] Saved 10 bids from page 46
[2026-02-19 18:31:55] [SESSION 4] Processing page 47
[2026-02-19 18:31:56] [SESSION 4] Saved 7 bids from page 47
[2026-02-19 18:31:59] [SESSION 4] Processing page 48
[2026-02-19 18:32:00] [SESSION 4] Saved 10 bids from page 48
[2026-02-19 18:32:03] [SESSION 4] Processing page 49
[2026-02-19 18:32:04] [SESSION 4] Saved 10 bids from page 49
[2026-02-19 18:32:07] [SESSION 4] Processing page 50
[2026-02-19 18:32:08] [SESSION 4] Saved 10 bids from page 50
[2026-02-19 18:32:11] [SESSION 4] Processing page 51
[2026-02-19 18:32:12] [SESSION 4] Saved 10 bids from page 51
[2026-02-19 18:32:15] [SESSION 4] Processing page 52
[2026-02-19 18:32:15] [SESSION 4] Saved 10 bids from page 52
[2026-02-19 18:32:19] [SESSION 4] Processing page 53
[2026-02-19 18:32:20] [SESSION 4] Saved 10 bids from page 53
[2026-02-19 18:32:23] [SESSION 4] Processing page 54
[2026-02-19 18:32:24] [SESSION 4] Saved 10 bids from page 54
[2026-02-19 18:32:27] [SESSION 4] Processing page 55
[2026-02-19 18:32:28] [SESSION 4] Saved 10 bids from page 55
[2026-02-19 18:32:31] [SESSION 4] Processing page 56
[2026-02-19 18:32:32] [SESSION 4] Saved 10 bids from page 56
[2026-02-19 18:32:36] [SESSION 4] Processing page 57
[2026-02-19 18:32:37] [SESSION 4] Saved 8 bids from page 57
[2026-02-19 18:32:40] [SESSION 4] Processing page 58
[2026-02-19 18:32:41] [SESSION 4] Saved 10 bids from page 58
[2026-02-19 18:32:44] [SESSION 4] Processing page 59
[2026-02-19 18:32:45] [SESSION 4] Saved 10 bids from page 59
[2026-02-19 18:32:48] [SESSION 4] Processing page 60
[2026-02-19 18:32:49] [SESSION 4] Saved 10 bids from page 60
[2026-02-19 18:32:52] [SESSION 4] Processing page 61
[2026-02-19 18:32:53] [SESSION 4] Saved 10 bids from page 61
[2026-02-19 18:32:57] [SESSION 4] Processing page 62
[2026-02-19 18:33:03] [SESSION 4] Saved 10 bids from page 62
[2026-02-19 18:33:06] [SESSION 4] Processing page 63
[2026-02-19 18:33:07] [SESSION 4] Saved 10 bids from page 63
[2026-02-19 18:33:16] [SESSION 4] Processing page 64
[2026-02-19 18:33:19] [SESSION 4] Saved 9 bids from page 64
[2026-02-19 18:33:24] [SESSION 4] Processing page 65
[2026-02-19 18:33:28] [SESSION 4] Saved 10 bids from page 65
[2026-02-19 18:33:31] [SESSION 4] Processing page 66
[2026-02-19 18:33:54] [SESSION 4] Saved 10 bids from page 66
[2026-02-19 18:33:58] [SESSION 4] Processing page 67
[2026-02-19 18:34:02] [SESSION 4] Saved 10 bids from page 67
[2026-02-19 18:34:05] [SESSION 4] Processing page 68
[2026-02-19 18:34:07] [SESSION 4] Saved 10 bids from page 68
[2026-02-19 18:34:10] [SESSION 4] Processing page 69
[2026-02-19 18:34:12] [SESSION 4] Saved 10 bids from page 69
[2026-02-19 18:34:15] [SESSION 4] Processing page 70
[2026-02-19 18:34:16] [SESSION 4] Saved 10 bids from page 70
[2026-02-19 18:34:19] [SESSION 4] Processing page 71
[2026-02-19 18:34:20] [SESSION 4] Saved 9 bids from page 71
[2026-02-19 18:34:23] [SESSION 4] Processing page 72
[2026-02-19 18:34:24] [SESSION 4] Saved 9 bids from page 72
[2026-02-19 18:34:28] [SESSION 4] Processing page 73
[2026-02-19 18:34:29] [SESSION 4] Saved 10 bids from page 73
[2026-02-19 18:34:32] [SESSION 4] Processing page 74
[2026-02-19 18:34:33] [SESSION 4] Saved 10 bids from page 74
[2026-02-19 18:34:35] [SESSION 4] Processing page 75
[2026-02-19 18:34:37] [SESSION 4] Saved 10 bids from page 75
[2026-02-19 18:34:39] [SESSION 4] Processing page 76
[2026-02-19 18:34:41] [SESSION 4] Saved 10 bids from page 76
[2026-02-19 18:34:43] [SESSION 4] Processing page 77
[2026-02-19 18:34:44] [SESSION 4] Saved 9 bids from page 77
[2026-02-19 18:34:46] [SESSION 4] Processing page 78
[2026-02-19 18:34:47] [SESSION 4] Saved 10 bids from page 78
[2026-02-19 18:34:50] [SESSION 4] Processing page 79
[2026-02-19 18:34:51] [SESSION 4] Saved 9 bids from page 79
[2026-02-19 18:34:53] [SESSION 4] Processing page 80
[2026-02-19 18:34:54] [SESSION 4] Saved 8 bids from page 80
[2026-02-19 18:34:57] [SESSION 4] Processing page 81
[2026-02-19 18:34:57] [SESSION 4] Saved 8 bids from page 81
[2026-02-19 18:35:00] [SESSION 4] Processing page 82
[2026-02-19 18:35:01] [SESSION 4] Saved 9 bids from page 82
[2026-02-19 18:35:04] [SESSION 4] Processing page 83
[2026-02-19 18:35:05] [SESSION 4] Saved 9 bids from page 83
[2026-02-19 18:35:08] [SESSION 4] Processing page 84
[2026-02-19 18:35:09] [SESSION 4] Saved 10 bids from page 84
[2026-02-19 18:35:12] [SESSION 4] Processing page 85
[2026-02-19 18:35:13] [SESSION 4] Saved 10 bids from page 85
[2026-02-19 18:35:16] [SESSION 4] Processing page 86
[2026-02-19 18:35:17] [SESSION 4] Saved 10 bids from page 86
[2026-02-19 18:35:20] [SESSION 4] Processing page 87
[2026-02-19 18:35:23] [SESSION 4] Saved 9 bids from page 87
[2026-02-19 18:35:25] [SESSION 4] Processing page 88
[2026-02-19 18:35:26] [SESSION 4] Saved 9 bids from page 88
[2026-02-19 18:35:29] [SESSION 4] Processing page 89
[2026-02-19 18:35:30] [SESSION 4] Saved 10 bids from page 89
[2026-02-19 18:35:33] [SESSION 4] Processing page 90
[2026-02-19 18:35:34] [SESSION 4] Saved 9 bids from page 90
[2026-02-19 18:35:37] [SESSION 4] Processing page 91
[2026-02-19 18:35:38] [SESSION 4] Saved 10 bids from page 91
[2026-02-19 18:35:41] [SESSION 4] Processing page 92
[2026-02-19 18:35:42] [SESSION 4] Saved 10 bids from page 92
[2026-02-19 18:35:44] [SESSION 4] Processing page 93
[2026-02-19 18:35:45] [SESSION 4] Saved 10 bids from page 93
[2026-02-19 18:35:48] [SESSION 4] Processing page 94
[2026-02-19 18:35:49] [SESSION 4] Saved 10 bids from page 94
[2026-02-19 18:35:52] [SESSION 4] Processing page 95
[2026-02-19 18:35:53] [SESSION 4] Saved 10 bids from page 95
[2026-02-19 18:35:56] [SESSION 4] Processing page 96
[2026-02-19 18:35:57] [SESSION 4] Saved 10 bids from page 96
[2026-02-19 18:36:00] [SESSION 4] Processing page 97
[2026-02-19 18:36:01] [SESSION 4] Saved 6 bids from page 97
[2026-02-19 18:36:04] [SESSION 4] Processing page 98
[2026-02-19 18:36:05] [SESSION 4] Saved 10 bids from page 98
[2026-02-19 18:36:08] [SESSION 4] Processing page 99
[2026-02-19 18:36:09] [SESSION 4] Saved 10 bids from page 99
[2026-02-19 18:36:11] [SESSION 4] Processing page 100
[2026-02-19 18:36:12] [SESSION 4] Saved 10 bids from page 100
[2026-02-19 18:36:15] [SESSION 4] Processing page 101
[2026-02-19 18:36:16] [SESSION 4] Saved 10 bids from page 101
[2026-02-19 18:36:18] [SESSION 4] Processing page 102
[2026-02-19 18:36:19] [SESSION 4] Saved 9 bids from page 102
[2026-02-19 18:36:21] [SESSION 4] Processing page 103
[2026-02-19 18:36:22] [SESSION 4] Saved 10 bids from page 103
[2026-02-19 18:36:25] [SESSION 4] Processing page 104
[2026-02-19 18:36:25] [SESSION 4] Saved 10 bids from page 104
[2026-02-19 18:36:28] [SESSION 4] Processing page 105
[2026-02-19 18:36:28] [SESSION 4] Saved 10 bids from page 105
[2026-02-19 18:36:31] [SESSION 4] Processing page 106
[2026-02-19 18:36:31] [SESSION 4] Saved 10 bids from page 106
[2026-02-19 18:36:34] [SESSION 4] Processing page 107
[2026-02-19 18:36:34] [SESSION 4] Saved 10 bids from page 107
[2026-02-19 18:36:37] [SESSION 4] Processing page 108
[2026-02-19 18:36:37] [SESSION 4] Saved 10 bids from page 108
[2026-02-19 18:36:40] [SESSION 4] Processing page 109
[2026-02-19 18:36:40] [SESSION 4] Saved 10 bids from page 109
[2026-02-19 18:36:43] [SESSION 4] Processing page 110
[2026-02-19 18:36:43] [SESSION 4] Saved 10 bids from page 110
[2026-02-19 18:36:46] [SESSION 4] Processing page 111
[2026-02-19 18:36:46] [SESSION 4] Saved 10 bids from page 111
[2026-02-19 18:36:49] [SESSION 4] Processing page 112
[2026-02-19 18:36:49] [SESSION 4] Saved 10 bids from page 112
[2026-02-19 18:36:52] [SESSION 4] Processing page 113
[2026-02-19 18:36:52] [SESSION 4] Saved 10 bids from page 113
[2026-02-19 18:36:55] [SESSION 4] Processing page 114
[2026-02-19 18:36:55] [SESSION 4] Saved 10 bids from page 114
[2026-02-19 18:36:59] [SESSION 4] Processing page 115
[2026-02-19 18:36:59] [SESSION 4] Saved 9 bids from page 115
[2026-02-19 18:37:02] [SESSION 4] Processing page 116
[2026-02-19 18:37:02] [SESSION 4] Saved 10 bids from page 116
[2026-02-19 18:37:06] [SESSION 4] Processing page 117
[2026-02-19 18:37:06] [SESSION 4] Saved 10 bids from page 117
[2026-02-19 18:37:09] [SESSION 4] Processing page 118
[2026-02-19 18:37:09] [SESSION 4] Saved 10 bids from page 118
[2026-02-19 18:37:12] [SESSION 4] Processing page 119
[2026-02-19 18:37:12] [SESSION 4] Saved 10 bids from page 119
[2026-02-19 18:37:14] [SESSION 4] Processing page 120
[2026-02-19 18:37:15] [SESSION 4] Saved 0 bids from page 120
[2026-02-19 18:37:15] [SESSION 4] Pagination completed safely.
[2026-02-19 18:37:16] [SESSION 4] Session completed: 3 new bids found, 120 pages processed
[2026-02-20 12:16:54] [SESSION 4] Starting scraper - Keyword: 'batter' | Output: gem_all_bids_session4.csv
[2026-02-20 12:17:14] [SESSION 4] Processing page 1
[2026-02-20 12:17:16] [SESSION 4] Saved 10 bids from page 1
[2026-02-20 12:17:18] [SESSION 4] Processing page 2
[2026-02-20 12:17:18] [SESSION 4] Saved 10 bids from page 2
[2026-02-20 12:17:20] [SESSION 4] Processing page 3
[2026-02-20 12:17:21] [SESSION 4] Saved 10 bids from page 3
[2026-02-20 12:17:23] [SESSION 4] Processing page 4
[2026-02-20 12:17:24] [SESSION 4] Saved 10 bids from page 4
[2026-02-20 12:17:26] [SESSION 4] Processing page 5
[2026-02-20 12:17:27] [SESSION 4] Saved 10 bids from page 5
[2026-02-20 12:17:29] [SESSION 4] Processing page 6
[2026-02-20 12:17:30] [SESSION 4] Saved 10 bids from page 6
[2026-02-20 12:17:32] [SESSION 4] Processing page 7
[2026-02-20 12:17:33] [SESSION 4] Saved 10 bids from page 7
[2026-02-20 12:17:34] [SESSION 4] Processing page 8
[2026-02-20 12:17:35] [SESSION 4] Saved 9 bids from page 8
[2026-02-20 12:17:37] [SESSION 4] Processing page 9
[2026-02-20 12:17:38] [SESSION 4] Saved 10 bids from page 9
[2026-02-20 12:17:39] [SESSION 4] Processing page 10
[2026-02-20 12:17:40] [SESSION 4] Saved 10 bids from page 10
[2026-02-20 12:17:43] [SESSION 4] Processing page 11
[2026-02-20 12:17:44] [SESSION 4] Saved 9 bids from page 11
[2026-02-20 12:17:48] [SESSION 4] Processing page 12
[2026-02-20 12:17:49] [SESSION 4] Saved 10 bids from page 12
[2026-02-20 12:17:50] [SESSION 4] Processing page 13
[2026-02-20 12:17:51] [SESSION 4] Saved 9 bids from page 13
[2026-02-20 12:17:53] [SESSION 4] Processing page 14
[2026-02-20 12:17:54] [SESSION 4] Saved 10 bids from page 14
[2026-02-20 12:17:55] [SESSION 4] Processing page 15
[2026-02-20 12:17:56] [SESSION 4] Saved 10 bids from page 15
[2026-02-20 12:17:57] [SESSION 4] Processing page 16
[2026-02-20 12:17:58] [SESSION 4] Saved 10 bids from page 16
[2026-02-20 12:18:00] [SESSION 4] Processing page 17
[2026-02-20 12:18:01] [SESSION 4] Saved 10 bids from page 17
[2026-02-20 12:18:02] [SESSION 4] Processing page 18
[2026-02-20 12:18:03] [SESSION 4] Saved 10 bids from page 18
[2026-02-20 12:18:04] [SESSION 4] Processing page 19
[2026-02-20 12:18:05] [SESSION 4] Saved 9 bids from page 19
[2026-02-20 12:18:07] [SESSION 4] Processing page 20
[2026-02-20 12:18:07] [SESSION 4] Saved 10 bids from page 20
[2026-02-20 12:18:09] [SESSION 4] Processing page 21
[2026-02-20 12:18:09] [SESSION 4] Saved 10 bids from page 21
[2026-02-20 12:18:11] [SESSION 4] Processing page 22
[2026-02-20 12:18:12] [SESSION 4] Saved 10 bids from page 22
[2026-02-20 12:18:13] [SESSION 4] Processing page 23
[2026-02-20 12:18:14] [SESSION 4] Saved 10 bids from page 23
[2026-02-20 12:18:15] [SESSION 4] Processing page 24
[2026-02-20 12:18:16] [SESSION 4] Saved 8 bids from page 24
[2026-02-20 12:18:17] [SESSION 4] Processing page 25
[2026-02-20 12:18:18] [SESSION 4] Saved 9 bids from page 25
[2026-02-20 12:18:19] [SESSION 4] Processing page 26
[2026-02-20 12:18:20] [SESSION 4] Saved 9 bids from page 26
[2026-02-20 12:18:22] [SESSION 4] Processing page 27
[2026-02-20 12:18:22] [SESSION 4] Saved 10 bids from page 27
[2026-02-20 12:18:24] [SESSION 4] Processing page 28
[2026-02-20 12:18:24] [SESSION 4] Saved 9 bids from page 28
[2026-02-20 12:18:27] [SESSION 4] Processing page 29
[2026-02-20 12:18:27] [SESSION 4] Saved 10 bids from page 29
[2026-02-20 12:18:29] [SESSION 4] Processing page 30
[2026-02-20 12:18:30] [SESSION 4] Saved 9 bids from page 30
[2026-02-20 12:18:32] [SESSION 4] Processing page 31
[2026-02-20 12:18:34] [SESSION 4] Saved 9 bids from page 31
[2026-02-20 12:18:36] [SESSION 4] Processing page 32
[2026-02-20 12:18:38] [SESSION 4] Saved 8 bids from page 32
[2026-02-20 12:18:40] [SESSION 4] Processing page 33
[2026-02-20 12:18:40] [SESSION 4] Saved 9 bids from page 33
[2026-02-20 12:18:42] [SESSION 4] Processing page 34
[2026-02-20 12:18:43] [SESSION 4] Saved 10 bids from page 34
[2026-02-20 12:18:45] [SESSION 4] Processing page 35
[2026-02-20 12:18:45] [SESSION 4] Saved 10 bids from page 35
[2026-02-20 12:18:48] [SESSION 4] Processing page 36
[2026-02-20 12:18:49] [SESSION 4] Saved 10 bids from page 36
[2026-02-20 12:18:50] [SESSION 4] Processing page 37
[2026-02-20 12:18:51] [SESSION 4] Saved 8 bids from page 37
[2026-02-20 12:18:53] [SESSION 4] Processing page 38
[2026-02-20 12:18:54] [SESSION 4] Saved 10 bids from page 38
[2026-02-20 12:18:56] [SESSION 4] Processing page 39
[2026-02-20 12:18:56] [SESSION 4] Saved 9 bids from page 39
[2026-02-20 12:18:58] [SESSION 4] Processing page 40
[2026-02-20 12:18:59] [SESSION 4] Saved 10 bids from page 40
[2026-02-20 12:19:00] [SESSION 4] Processing page 41
[2026-02-20 12:19:01] [SESSION 4] Saved 10 bids from page 41
[2026-02-20 12:19:03] [SESSION 4] Processing page 42
[2026-02-20 12:19:04] [SESSION 4] Saved 3 bids from page 42
[2026-02-20 12:19:06] [SESSION 4] Processing page 43
[2026-02-20 12:19:06] [SESSION 4] Saved 9 bids from page 43
[2026-02-20 12:19:08] [SESSION 4] Processing page 44
[2026-02-20 12:19:09] [SESSION 4] Saved 10 bids from page 44
[2026-02-20 12:19:11] [SESSION 4] Processing page 45
[2026-02-20 12:19:11] [SESSION 4] Saved 9 bids from page 45
[2026-02-20 12:19:13] [SESSION 4] Processing page 46
[2026-02-20 12:19:14] [SESSION 4] Saved 10 bids from page 46
[2026-02-20 12:19:15] [SESSION 4] Processing page 47
[2026-02-20 12:19:16] [SESSION 4] Saved 10 bids from page 47
[2026-02-20 12:19:17] [SESSION 4] Processing page 48
[2026-02-20 12:19:18] [SESSION 4] Saved 10 bids from page 48
[2026-02-20 12:19:20] [SESSION 4] Processing page 49
[2026-02-20 12:19:20] [SESSION 4] Saved 10 bids from page 49
[2026-02-20 12:19:22] [SESSION 4] Processing page 50
[2026-02-20 12:19:23] [SESSION 4] Saved 10 bids from page 50
[2026-02-20 12:19:24] [SESSION 4] Processing page 51
[2026-02-20 12:19:25] [SESSION 4] Saved 10 bids from page 51
[2026-02-20 12:19:27] [SESSION 4] Processing page 52
[2026-02-20 12:19:29] [SESSION 4] Saved 10 bids from page 52
[2026-02-20 12:19:31] [SESSION 4] Processing page 53
[2026-02-20 12:19:32] [SESSION 4] Saved 10 bids from page 53
[2026-02-20 12:19:34] [SESSION 4] Processing page 54
[2026-02-20 12:19:34] [SESSION 4] Saved 10 bids from page 54
[2026-02-20 12:19:36] [SESSION 4] Processing page 55
[2026-02-20 12:19:36] [SESSION 4] Saved 10 bids from page 55
[2026-02-20 12:19:38] [SESSION 4] Processing page 56
[2026-02-20 12:19:38] [SESSION 4] Saved 10 bids from page 56
[2026-02-20 12:19:40] [SESSION 4] Processing page 57
[2026-02-20 12:19:40] [SESSION 4] Saved 9 bids from page 57
[2026-02-20 12:19:42] [SESSION 4] Processing page 58
[2026-02-20 12:19:42] [SESSION 4] Saved 10 bids from page 58
[2026-02-20 12:19:44] [SESSION 4] Processing page 59
[2026-02-20 12:19:44] [SESSION 4] Saved 9 bids from page 59
[2026-02-20 12:19:46] [SESSION 4] Processing page 60
[2026-02-20 12:19:47] [SESSION 4] Saved 10 bids from page 60
[2026-02-20 12:19:48] [SESSION 4] Processing page 61
[2026-02-20 12:19:49] [SESSION 4] Saved 9 bids from page 61
[2026-02-20 12:19:50] [SESSION 4] Processing page 62
[2026-02-20 12:19:51] [SESSION 4] Saved 10 bids from page 62
[2026-02-20 12:19:53] [SESSION 4] Processing page 63
[2026-02-20 12:19:54] [SESSION 4] Saved 10 bids from page 63
[2026-02-20 12:19:56] [SESSION 4] Processing page 64
[2026-02-20 12:19:59] [SESSION 4] Saved 10 bids from page 64
[2026-02-20 12:20:01] [SESSION 4] Processing page 65
[2026-02-20 12:20:05] [SESSION 4] Saved 10 bids from page 65
[2026-02-20 12:20:07] [SESSION 4] Processing page 66
[2026-02-20 12:20:08] [SESSION 4] Saved 8 bids from page 66
[2026-02-20 12:20:10] [SESSION 4] Processing page 67
[2026-02-20 12:20:11] [SESSION 4] Saved 10 bids from page 67
[2026-02-20 12:20:14] [SESSION 4] Processing page 68
[2026-02-20 12:20:15] [SESSION 4] Saved 10 bids from page 68
[2026-02-20 12:20:17] [SESSION 4] Processing page 69
[2026-02-20 12:20:18] [SESSION 4] Saved 10 bids from page 69
[2026-02-20 12:20:20] [SESSION 4] Processing page 70
[2026-02-20 12:20:20] [SESSION 4] Saved 10 bids from page 70
[2026-02-20 12:20:22] [SESSION 4] Processing page 71
[2026-02-20 12:20:23] [SESSION 4] Saved 10 bids from page 71
[2026-02-20 12:20:24] [SESSION 4] Processing page 72
[2026-02-20 12:20:25] [SESSION 4] Saved 10 bids from page 72
[2026-02-20 12:20:27] [SESSION 4] Processing page 73
[2026-02-20 12:20:28] [SESSION 4] Saved 10 bids from page 73
[2026-02-20 12:20:30] [SESSION 4] Processing page 74
[2026-02-20 12:20:31] [SESSION 4] Saved 9 bids from page 74
[2026-02-20 12:20:32] [SESSION 4] Processing page 75
[2026-02-20 12:20:33] [SESSION 4] Saved 10 bids from page 75
[2026-02-20 12:20:35] [SESSION 4] Processing page 76
[2026-02-20 12:20:36] [SESSION 4] Saved 10 bids from page 76
[2026-02-20 12:20:38] [SESSION 4] Processing page 77
[2026-02-20 12:20:39] [SESSION 4] Saved 10 bids from page 77
[2026-02-20 12:20:41] [SESSION 4] Processing page 78
[2026-02-20 12:20:41] [SESSION 4] Saved 8 bids from page 78
[2026-02-20 12:20:43] [SESSION 4] Processing page 79
[2026-02-20 12:20:44] [SESSION 4] Saved 10 bids from page 79
[2026-02-20 12:20:46] [SESSION 4] Processing page 80
[2026-02-20 12:20:46] [SESSION 4] Saved 10 bids from page 80
[2026-02-20 12:20:48] [SESSION 4] Processing page 81
[2026-02-20 12:20:49] [SESSION 4] Saved 10 bids from page 81
[2026-02-20 12:20:51] [SESSION 4] Processing page 82
[2026-02-20 12:20:51] [SESSION 4] Saved 10 bids from page 82
[2026-02-20 12:20:53] [SESSION 4] Processing page 83
[2026-02-20 12:20:55] [SESSION 4] Saved 8 bids from page 83
[2026-02-20 12:20:56] [SESSION 4] Processing page 84
[2026-02-20 12:20:58] [SESSION 4] Saved 9 bids from page 84
[2026-02-20 12:21:00] [SESSION 4] Processing page 85
[2026-02-20 12:21:01] [SESSION 4] Saved 10 bids from page 85
[2026-02-20 12:21:03] [SESSION 4] Processing page 86
[2026-02-20 12:21:05] [SESSION 4] Saved 10 bids from page 86
[2026-02-20 12:21:08] [SESSION 4] Processing page 87
[2026-02-20 12:21:10] [SESSION 4] Saved 10 bids from page 87
[2026-02-20 12:21:12] [SESSION 4] Processing page 88
[2026-02-20 12:21:13] [SESSION 4] Saved 10 bids from page 88
[2026-02-20 12:21:14] [SESSION 4] Processing page 89
[2026-02-20 12:21:16] [SESSION 4] Saved 10 bids from page 89
[2026-02-20 12:21:18] [SESSION 4] Processing page 90
[2026-02-20 12:21:19] [SESSION 4] Saved 10 bids from page 90
[2026-02-20 12:21:21] [SESSION 4] Processing page 91
[2026-02-20 12:21:22] [SESSION 4] Saved 8 bids from page 91
[2026-02-20 12:21:23] [SESSION 4] Processing page 92
[2026-02-20 12:21:24] [SESSION 4] Saved 9 bids from page 92
[2026-02-20 12:21:26] [SESSION 4] Processing page 93
[2026-02-20 12:21:27] [SESSION 4] Saved 9 bids from page 93
[2026-02-20 12:21:29] [SESSION 4] Processing page 94
[2026-02-20 12:21:31] [SESSION 4] Saved 8 bids from page 94
[2026-02-20 12:21:32] [SESSION 4] Processing page 95
[2026-02-20 12:21:33] [SESSION 4] Saved 10 bids from page 95
[2026-02-20 12:21:35] [SESSION 4] Processing page 96
[2026-02-20 12:21:38] [SESSION 4] Saved 10 bids from page 96
[2026-02-20 12:21:40] [SESSION 4] Processing page 97
[2026-02-20 12:21:41] [SESSION 4] Saved 10 bids from page 97
[2026-02-20 12:21:43] [SESSION 4] Processing page 98
[2026-02-20 12:21:43] [SESSION 4] Saved 10 bids from page 98
[2026-02-20 12:21:45] [SESSION 4] Processing page 99
[2026-02-20 12:21:46] [SESSION 4] Saved 10 bids from page 99
[2026-02-20 12:21:48] [SESSION 4] Processing page 100
[2026-02-20 12:21:49] [SESSION 4] Saved 10 bids from page 100
[2026-02-20 12:21:51] [SESSION 4] Processing page 101
[2026-02-20 12:21:52] [SESSION 4] Saved 9 bids from page 101
[2026-02-20 12:21:54] [SESSION 4] Processing page 102
[2026-02-20 12:21:56] [SESSION 4] Saved 10 bids from page 102
[2026-02-20 12:21:58] [SESSION 4] Processing page 103
[2026-02-20 12:21:59] [SESSION 4] Saved 10 bids from page 103
[2026-02-20 12:22:00] [SESSION 4] Processing page 104
[2026-02-20 12:22:01] [SESSION 4] Saved 10 bids from page 104
[2026-02-20 12:22:03] [SESSION 4] Processing page 105
[2026-02-20 12:22:03] [SESSION 4] Saved 10 bids from page 105
[2026-02-20 12:22:05] [SESSION 4] Processing page 106
[2026-02-20 12:22:05] [SESSION 4] Saved 9 bids from page 106
[2026-02-20 12:22:07] [SESSION 4] Processing page 107
[2026-02-20 12:22:07] [SESSION 4] Saved 9 bids from page 107
[2026-02-20 12:22:09] [SESSION 4] Processing page 108
[2026-02-20 12:22:09] [SESSION 4] Saved 10 bids from page 108
[2026-02-20 12:22:11] [SESSION 4] Processing page 109
[2026-02-20 12:22:11] [SESSION 4] Saved 10 bids from page 109
[2026-02-20 12:22:13] [SESSION 4] Processing page 110
[2026-02-20 12:22:14] [SESSION 4] Saved 10 bids from page 110
[2026-02-20 12:22:15] [SESSION 4] Processing page 111
[2026-02-20 12:22:15] [SESSION 4] Saved 9 bids from page 111
[2026-02-20 12:22:17] [SESSION 4] Processing page 112
[2026-02-20 12:22:17] [SESSION 4] Saved 10 bids from page 112
[2026-02-20 12:22:19] [SESSION 4] Processing page 113
[2026-02-20 12:22:19] [SESSION 4] Saved 9 bids from page 113
[2026-02-20 12:22:21] [SESSION 4] Processing page 114
[2026-02-20 12:22:21] [SESSION 4] Saved 8 bids from page 114
[2026-02-20 12:22:23] [SESSION 4] Processing page 115
[2026-02-20 12:22:23] [SESSION 4] Saved 10 bids from page 115
[2026-02-20 12:22:25] [SESSION 4] Processing page 116
[2026-02-20 12:22:25] [SESSION 4] Saved 9 bids from page 116
[2026-02-20 12:22:27] [SESSION 4] Processing page 117
[2026-02-20 12:22:27] [SESSION 4] Saved 7 bids from page 117
[2026-02-20 12:22:29] [SESSION 4] Processing page 118
[2026-02-20 12:22:30] [SESSION 4] Saved 0 bids from page 118
[2026-02-20 12:22:30] [SESSION 4] Pagination completed safely.
[2026-02-20 12:22:31] [SESSION 4] Session completed: 25 new bids found, 118 pages processed
[2026-02-21 10:55:21] [SESSION 4] Starting scraper - Keyword: 'batter' | Output: gem_all_bids_session4.csv
[2026-02-21 10:55:31] [SESSION 4] Processing page 1
[2026-02-21 10:55:32] [SESSION 4] Saved 10 bids from page 1
[2026-02-21 10:55:33] [SESSION 4] Processing page 2
[2026-02-21 10:55:34] [SESSION 4] Saved 10 bids from page 2
[2026-02-21 10:55:36] [SESSION 4] Processing page 3
[2026-02-21 10:55:37] [SESSION 4] Saved 7 bids from page 3
[2026-02-21 10:55:38] [SESSION 4] Processing page 4
[2026-02-21 10:55:39] [SESSION 4] Saved 10 bids from page 4
[2026-02-21 10:55:40] [SESSION 4] Processing page 5
[2026-02-21 10:55:41] [SESSION 4] Saved 10 bids from page 5
[2026-02-21 10:55:42] [SESSION 4] Processing page 6
[2026-02-21 10:55:43] [SESSION 4] Saved 9 bids from page 6
[2026-02-21 10:55:44] [SESSION 4] Processing page 7
[2026-02-21 10:55:45] [SESSION 4] Saved 10 bids from page 7
[2026-02-21 10:55:47] [SESSION 4] Processing page 8
[2026-02-21 10:55:48] [SESSION 4] Saved 10 bids from page 8
[2026-02-21 10:55:49] [SESSION 4] Processing page 9
[2026-02-21 10:55:50] [SESSION 4] Saved 10 bids from page 9
[2026-02-21 10:55:52] [SESSION 4] Processing page 10
[2026-02-21 10:55:52] [SESSION 4] Saved 10 bids from page 10
[2026-02-21 10:55:54] [SESSION 4] Processing page 11
[2026-02-21 10:55:54] [SESSION 4] Saved 10 bids from page 11
[2026-02-21 10:55:56] [SESSION 4] Processing page 12
[2026-02-21 10:55:57] [SESSION 4] Saved 10 bids from page 12
[2026-02-21 10:55:58] [SESSION 4] Processing page 13
[2026-02-21 10:55:59] [SESSION 4] Saved 10 bids from page 13
[2026-02-21 10:56:00] [SESSION 4] Processing page 14
[2026-02-21 10:56:01] [SESSION 4] Saved 10 bids from page 14
[2026-02-21 10:56:02] [SESSION 4] Processing page 15
[2026-02-21 10:56:03] [SESSION 4] Saved 7 bids from page 15
[2026-02-21 10:56:04] [SESSION 4] Processing page 16
[2026-02-21 10:56:05] [SESSION 4] Saved 10 bids from page 16
[2026-02-21 10:56:06] [SESSION 4] Processing page 17
[2026-02-21 10:56:07] [SESSION 4] Saved 10 bids from page 17
[2026-02-21 10:56:08] [SESSION 4] Processing page 18
[2026-02-21 10:56:09] [SESSION 4] Saved 10 bids from page 18
[2026-02-21 10:56:10] [SESSION 4] Processing page 19
[2026-02-21 10:56:11] [SESSION 4] Saved 9 bids from page 19
[2026-02-21 10:56:12] [SESSION 4] Processing page 20
[2026-02-21 10:56:13] [SESSION 4] Saved 10 bids from page 20
[2026-02-21 10:56:14] [SESSION 4] Processing page 21
[2026-02-21 10:56:15] [SESSION 4] Saved 10 bids from page 21
[2026-02-21 10:56:17] [SESSION 4] Processing page 22
[2026-02-21 10:56:17] [SESSION 4] Saved 7 bids from page 22
[2026-02-21 10:56:19] [SESSION 4] Processing page 23
[2026-02-21 10:56:19] [SESSION 4] Saved 8 bids from page 23
[2026-02-21 10:56:21] [SESSION 4] Processing page 24
[2026-02-21 10:56:21] [SESSION 4] Saved 10 bids from page 24
[2026-02-21 10:56:23] [SESSION 4] Processing page 25
[2026-02-21 10:56:23] [SESSION 4] Saved 9 bids from page 25
[2026-02-21 10:56:25] [SESSION 4] Processing page 26
[2026-02-21 10:56:25] [SESSION 4] Saved 10 bids from page 26
[2026-02-21 10:56:27] [SESSION 4] Processing page 27
[2026-02-21 10:56:27] [SESSION 4] Saved 8 bids from page 27
[2026-02-21 10:56:29] [SESSION 4] Processing page 28
[2026-02-21 10:56:30] [SESSION 4] Saved 10 bids from page 28
[2026-02-21 10:56:32] [SESSION 4] Processing page 29
[2026-02-21 10:56:33] [SESSION 4] Saved 9 bids from page 29
[2026-02-21 10:56:34] [SESSION 4] Processing page 30
[2026-02-21 10:56:35] [SESSION 4] Saved 9 bids from page 30
[2026-02-21 10:56:37] [SESSION 4] Processing page 31
[2026-02-21 10:56:37] [SESSION 4] Saved 10 bids from page 31
[2026-02-21 10:56:39] [SESSION 4] Processing page 32
[2026-02-21 10:56:40] [SESSION 4] Saved 10 bids from page 32
[2026-02-21 10:56:43] [SESSION 4] Processing page 33
[2026-02-21 10:56:45] [SESSION 4] Saved 10 bids from page 33
[2026-02-21 10:56:55] [SESSION 4] Processing page 34
[2026-02-21 10:56:56] [SESSION 4] Saved 6 bids from page 34
[2026-02-21 10:57:00] [SESSION 4] Processing page 35
[2026-02-21 10:57:01] [SESSION 4] Saved 10 bids from page 35
[2026-02-21 10:57:04] [SESSION 4] Processing page 36
[2026-02-21 10:57:05] [SESSION 4] Saved 10 bids from page 36
[2026-02-21 10:57:08] [SESSION 4] Processing page 37
[2026-02-21 10:57:09] [SESSION 4] Saved 10 bids from page 37
[2026-02-21 10:57:12] [SESSION 4] Processing page 38
[2026-02-21 10:57:13] [SESSION 4] Saved 10 bids from page 38
[2026-02-21 10:57:16] [SESSION 4] Processing page 39
[2026-02-21 10:57:17] [SESSION 4] Saved 10 bids from page 39
[2026-02-21 10:57:20] [SESSION 4] Processing page 40
[2026-02-21 10:57:21] [SESSION 4] Saved 10 bids from page 40
[2026-02-21 10:57:24] [SESSION 4] Processing page 41
[2026-02-21 10:57:25] [SESSION 4] Saved 10 bids from page 41
[2026-02-21 10:57:28] [SESSION 4] Processing page 42
[2026-02-21 10:57:29] [SESSION 4] Saved 10 bids from page 42
[2026-02-21 10:57:32] [SESSION 4] Processing page 43
[2026-02-21 10:57:36] [SESSION 4] Saved 10 bids from page 43
[2026-02-21 10:57:40] [SESSION 4] Processing page 44
[2026-02-21 10:57:41] [SESSION 4] Saved 10 bids from page 44
[2026-02-21 10:57:43] [SESSION 4] Processing page 45
[2026-02-21 10:57:44] [SESSION 4] Saved 10 bids from page 45
[2026-02-21 10:57:47] [SESSION 4] Processing page 46
[2026-02-21 10:57:48] [SESSION 4] Saved 10 bids from page 46
[2026-02-21 10:57:51] [SESSION 4] Processing page 47
[2026-02-21 10:57:52] [SESSION 4] Saved 10 bids from page 47
[2026-02-21 10:57:55] [SESSION 4] Processing page 48
[2026-02-21 10:57:57] [SESSION 4] Saved 9 bids from page 48
[2026-02-21 10:58:00] [SESSION 4] Processing page 49
[2026-02-21 10:58:01] [SESSION 4] Saved 9 bids from page 49
[2026-02-21 10:58:04] [SESSION 4] Processing page 50
[2026-02-21 10:58:04] [SESSION 4] Saved 10 bids from page 50
[2026-02-21 10:58:08] [SESSION 4] Processing page 51
[2026-02-21 10:58:08] [SESSION 4] Saved 9 bids from page 51
[2026-02-21 10:58:12] [SESSION 4] Processing page 52
[2026-02-21 10:58:13] [SESSION 4] Saved 9 bids from page 52
[2026-02-21 10:58:17] [SESSION 4] Processing page 53
[2026-02-21 10:58:17] [SESSION 4] Saved 10 bids from page 53
[2026-02-21 10:58:21] [SESSION 4] Processing page 54
[2026-02-21 10:58:21] [SESSION 4] Saved 10 bids from page 54
[2026-02-21 10:58:25] [SESSION 4] Processing page 55
[2026-02-21 10:58:25] [SESSION 4] Saved 10 bids from page 55
[2026-02-21 10:58:28] [SESSION 4] Processing page 56
[2026-02-21 10:58:28] [SESSION 4] Saved 9 bids from page 56
[2026-02-21 10:58:31] [SESSION 4] Processing page 57
[2026-02-21 10:58:31] [SESSION 4] Saved 10 bids from page 57
[2026-02-21 10:58:35] [SESSION 4] Processing page 58
[2026-02-21 10:58:35] [SESSION 4] Saved 10 bids from page 58
[2026-02-21 10:58:39] [SESSION 4] Processing page 59
[2026-02-21 10:58:39] [SESSION 4] Saved 10 bids from page 59
[2026-02-21 10:58:42] [SESSION 4] Processing page 60
[2026-02-21 10:58:42] [SESSION 4] Saved 10 bids from page 60
[2026-02-21 10:58:46] [SESSION 4] Processing page 61
[2026-02-21 10:58:46] [SESSION 4] Saved 10 bids from page 61
[2026-02-21 10:58:49] [SESSION 4] Processing page 62
[2026-02-21 10:58:49] [SESSION 4] Saved 9 bids from page 62
[2026-02-21 10:58:52] [SESSION 4] Processing page 63
[2026-02-21 10:58:52] [SESSION 4] Saved 10 bids from page 63
[2026-02-21 10:58:55] [SESSION 4] Processing page 64
[2026-02-21 10:58:55] [SESSION 4] Saved 10 bids from page 64
[2026-02-21 10:58:59] [SESSION 4] Processing page 65
[2026-02-21 10:58:59] [SESSION 4] Saved 10 bids from page 65
[2026-02-21 10:59:03] [SESSION 4] Processing page 66
[2026-02-21 10:59:03] [SESSION 4] Saved 10 bids from page 66
[2026-02-21 10:59:07] [SESSION 4] Processing page 67
[2026-02-21 10:59:07] [SESSION 4] Saved 10 bids from page 67
[2026-02-21 10:59:11] [SESSION 4] Processing page 68
[2026-02-21 10:59:11] [SESSION 4] Saved 10 bids from page 68
[2026-02-21 10:59:15] [SESSION 4] Processing page 69
[2026-02-21 10:59:15] [SESSION 4] Saved 9 bids from page 69
[2026-02-21 10:59:19] [SESSION 4] Processing page 70
[2026-02-21 10:59:20] [SESSION 4] Saved 10 bids from page 70
[2026-02-21 10:59:23] [SESSION 4] Processing page 71
[2026-02-21 10:59:23] [SESSION 4] Saved 9 bids from page 71
[2026-02-21 10:59:27] [SESSION 4] Processing page 72
[2026-02-21 10:59:27] [SESSION 4] Saved 10 bids from page 72
[2026-02-21 10:59:31] [SESSION 4] Processing page 73
[2026-02-21 10:59:32] [SESSION 4] Saved 8 bids from page 73
[2026-02-21 10:59:35] [SESSION 4] Processing page 74
[2026-02-21 10:59:35] [SESSION 4] Saved 10 bids from page 74
[2026-02-21 10:59:39] [SESSION 4] Processing page 75
[2026-02-21 10:59:39] [SESSION 4] Saved 10 bids from page 75
[2026-02-21 10:59:43] [SESSION 4] Processing page 76
[2026-02-21 10:59:43] [SESSION 4] Saved 9 bids from page 76
[2026-02-21 10:59:47] [SESSION 4] Processing page 77
[2026-02-21 10:59:48] [SESSION 4] Saved 10 bids from page 77
[2026-02-21 10:59:51] [SESSION 4] Processing page 78
[2026-02-21 10:59:51] [SESSION 4] Saved 10 bids from page 78
[2026-02-21 10:59:55] [SESSION 4] Processing page 79
[2026-02-21 10:59:56] [SESSION 4] Saved 10 bids from page 79
[2026-02-21 10:59:59] [SESSION 4] Processing page 80
[2026-02-21 11:00:00] [SESSION 4] Saved 9 bids from page 80
[2026-02-21 11:00:03] [SESSION 4] Processing page 81
[2026-02-21 11:00:04] [SESSION 4] Saved 10 bids from page 81
[2026-02-21 11:00:07] [SESSION 4] Processing page 82
[2026-02-21 11:00:07] [SESSION 4] Saved 10 bids from page 82
[2026-02-21 11:00:11] [SESSION 4] Processing page 83
[2026-02-21 11:00:12] [SESSION 4] Saved 10 bids from page 83
[2026-02-21 11:00:15] [SESSION 4] Processing page 84
[2026-02-21 11:00:16] [SESSION 4] Saved 10 bids from page 84
[2026-02-21 11:00:19] [SESSION 4] Processing page 85
[2026-02-21 11:00:20] [SESSION 4] Saved 10 bids from page 85
[2026-02-21 11:00:23] [SESSION 4] Processing page 86
[2026-02-21 11:00:24] [SESSION 4] Saved 9 bids from page 86
[2026-02-21 11:00:27] [SESSION 4] Processing page 87
[2026-02-21 11:00:28] [SESSION 4] Saved 10 bids from page 87
[2026-02-21 11:00:31] [SESSION 4] Processing page 88
[2026-02-21 11:00:32] [SESSION 4] Saved 10 bids from page 88
[2026-02-21 11:00:35] [SESSION 4] Processing page 89
[2026-02-21 11:00:36] [SESSION 4] Saved 10 bids from page 89
[2026-02-21 11:00:39] [SESSION 4] Processing page 90
[2026-02-21 11:00:40] [SESSION 4] Saved 10 bids from page 90
[2026-02-21 11:00:43] [SESSION 4] Processing page 91
[2026-02-21 11:00:44] [SESSION 4] Saved 10 bids from page 91
[2026-02-21 11:00:47] [SESSION 4] Processing page 92
[2026-02-21 11:00:48] [SESSION 4] Saved 10 bids from page 92
[2026-02-21 11:00:51] [SESSION 4] Processing page 93
[2026-02-21 11:00:52] [SESSION 4] Saved 10 bids from page 93
[2026-02-21 11:00:55] [SESSION 4] Processing page 94
[2026-02-21 11:00:56] [SESSION 4] Saved 10 bids from page 94
[2026-02-21 11:00:59] [SESSION 4] Processing page 95
[2026-02-21 11:01:00] [SESSION 4] Saved 10 bids from page 95
[2026-02-21 11:01:03] [SESSION 4] Processing page 96
[2026-02-21 11:01:04] [SESSION 4] Saved 9 bids from page 96
[2026-02-21 11:01:07] [SESSION 4] Processing page 97
[2026-02-21 11:01:08] [SESSION 4] Saved 10 bids from page 97
[2026-02-21 11:01:11] [SESSION 4] Processing page 98
[2026-02-21 11:01:12] [SESSION 4] Saved 10 bids from page 98
[2026-02-21 11:01:16] [SESSION 4] Processing page 99
[2026-02-21 11:01:18] [SESSION 4] Saved 10 bids from page 99
[2026-02-21 11:01:25] [SESSION 4] Processing page 100
[2026-02-21 11:01:27] [SESSION 4] Saved 10 bids from page 100
[2026-02-21 11:01:30] [SESSION 4] Processing page 101
[2026-02-21 11:01:31] [SESSION 4] Saved 10 bids from page 101
[2026-02-21 11:01:34] [SESSION 4] Processing page 102
[2026-02-21 11:01:35] [SESSION 4] Saved 10 bids from page 102
[2026-02-21 11:01:38] [SESSION 4] Processing page 103
[2026-02-21 11:01:39] [SESSION 4] Saved 10 bids from page 103
[2026-02-21 11:01:42] [SESSION 4] Processing page 104
[2026-02-21 11:01:43] [SESSION 4] Saved 10 bids from page 104
[2026-02-21 11:01:46] [SESSION 4] Processing page 105
[2026-02-21 11:01:47] [SESSION 4] Saved 10 bids from page 105
[2026-02-21 11:01:50] [SESSION 4] Processing page 106
[2026-02-21 11:01:51] [SESSION 4] Saved 10 bids from page 106
[2026-02-21 11:01:54] [SESSION 4] Processing page 107
[2026-02-21 11:01:55] [SESSION 4] Saved 10 bids from page 107
[2026-02-21 11:01:58] [SESSION 4] Processing page 108
[2026-02-21 11:01:59] [SESSION 4] Saved 9 bids from page 108
[2026-02-21 11:02:01] [SESSION 4] Processing page 109
[2026-02-21 11:02:02] [SESSION 4] Saved 10 bids from page 109
[2026-02-21 11:02:04] [SESSION 4] Processing page 110
[2026-02-21 11:02:05] [SESSION 4] Saved 10 bids from page 110
[2026-02-21 11:02:07] [SESSION 4] Processing page 111
[2026-02-21 11:02:08] [SESSION 4] Saved 10 bids from page 111
[2026-02-21 11:02:10] [SESSION 4] Processing page 112
[2026-02-21 11:02:11] [SESSION 4] Saved 10 bids from page 112
[2026-02-21 11:02:13] [SESSION 4] Processing page 113
[2026-02-21 11:02:14] [SESSION 4] Saved 10 bids from page 113
[2026-02-21 11:02:16] [SESSION 4] Processing page 114
[2026-02-21 11:02:17] [SESSION 4] Saved 10 bids from page 114
[2026-02-21 11:02:19] [SESSION 4] Processing page 115
[2026-02-21 11:02:20] [SESSION 4] Saved 9 bids from page 115
[2026-02-21 11:02:22] [SESSION 4] Processing page 116
[2026-02-21 11:02:23] [SESSION 4] Saved 10 bids from page 116
[2026-02-21 11:02:26] [SESSION 4] Processing page 117
[2026-02-21 11:02:27] [SESSION 4] Saved 10 bids from page 117
[2026-02-21 11:02:29] [SESSION 4] Processing page 118
[2026-02-21 11:02:30] [SESSION 4] Saved 10 bids from page 118
[2026-02-21 11:02:32] [SESSION 4] Processing page 119
[2026-02-21 11:02:33] [SESSION 4] Saved 9 bids from page 119
[2026-02-21 11:02:36] [SESSION 4] Processing page 120
[2026-02-21 11:02:37] [SESSION 4] Saved 7 bids from page 120
[2026-02-21 11:02:39] [SESSION 4] Processing page 121
[2026-02-21 11:02:39] [SESSION 4] Saved 0 bids from page 121
[2026-02-21 11:02:39] [SESSION 4] Pagination completed safely.
[2026-02-21 11:02:39] [SESSION 4] Session completed: 112 new bids found, 121 pages processed
[2026-02-21 15:40:31] [SESSION 4] Starting scraper - Keyword: 'batter' | Output: gem_all_bids_session4.csv
[2026-02-21 15:40:38] [SESSION 4] Processing page 1
[2026-02-21 15:40:38] [SESSION 4] Saved 10 bids from page 1
[2026-02-21 15:40:40] [SESSION 4] Processing page 2
[2026-02-21 15:40:41] [SESSION 4] Saved 10 bids from page 2
[2026-02-21 15:40:42] [SESSION 4] Processing page 3
[2026-02-21 15:40:44] [SESSION 4] Saved 10 bids from page 3
[2026-02-21 15:40:45] [SESSION 4] Processing page 4
[2026-02-21 15:40:46] [SESSION 4] Saved 10 bids from page 4
[2026-02-21 15:40:49] [SESSION 4] Processing page 5
[2026-02-21 15:40:49] [SESSION 4] Saved 10 bids from page 5
[2026-02-21 15:40:53] [SESSION 4] Processing page 6
[2026-02-21 15:40:54] [SESSION 4] Saved 10 bids from page 6
[2026-02-21 15:40:57] [SESSION 4] Processing page 7
[2026-02-21 15:40:57] [SESSION 4] Saved 10 bids from page 7
[2026-02-21 15:41:01] [SESSION 4] Processing page 8
[2026-02-21 15:41:01] [SESSION 4] Saved 9 bids from page 8
[2026-02-21 15:41:04] [SESSION 4] Processing page 9
[2026-02-21 15:41:04] [SESSION 4] Saved 9 bids from page 9
[2026-02-21 15:41:08] [SESSION 4] Processing page 10
[2026-02-21 15:41:08] [SESSION 4] Saved 9 bids from page 10
[2026-02-21 15:41:11] [SESSION 4] Processing page 11
[2026-02-21 15:41:11] [SESSION 4] Saved 7 bids from page 11
[2026-02-21 15:41:15] [SESSION 4] Processing page 12
[2026-02-21 15:41:16] [SESSION 4] Saved 9 bids from page 12
[2026-02-21 15:41:19] [SESSION 4] Processing page 13
[2026-02-21 15:41:19] [SESSION 4] Saved 10 bids from page 13
[2026-02-21 15:41:22] [SESSION 4] Processing page 14
[2026-02-21 15:41:22] [SESSION 4] Saved 7 bids from page 14
[2026-02-21 15:41:25] [SESSION 4] Processing page 15
[2026-02-21 15:41:25] [SESSION 4] Saved 10 bids from page 15
[2026-02-21 15:41:28] [SESSION 4] Processing page 16
[2026-02-21 15:41:29] [SESSION 4] Saved 10 bids from page 16
[2026-02-21 15:41:32] [SESSION 4] Processing page 17
[2026-02-21 15:41:32] [SESSION 4] Saved 10 bids from page 17
[2026-02-21 15:41:35] [SESSION 4] Processing page 18
[2026-02-21 15:41:35] [SESSION 4] Saved 10 bids from page 18
[2026-02-21 15:41:39] [SESSION 4] Processing page 19
[2026-02-21 15:41:40] [SESSION 4] Saved 10 bids from page 19
[2026-02-21 15:41:43] [SESSION 4] Processing page 20
[2026-02-21 15:41:43] [SESSION 4] Saved 7 bids from page 20
[2026-02-21 15:41:47] [SESSION 4] Processing page 21
[2026-02-21 15:41:48] [SESSION 4] Saved 10 bids from page 21
[2026-02-21 15:41:51] [SESSION 4] Processing page 22
[2026-02-21 15:41:52] [SESSION 4] Saved 9 bids from page 22
[2026-02-21 15:41:58] [SESSION 4] Processing page 23
[2026-02-21 15:41:59] [SESSION 4] Saved 10 bids from page 23
[2026-02-21 15:42:02] [SESSION 4] Processing page 24
[2026-02-21 15:42:02] [SESSION 4] Saved 8 bids from page 24
[2026-02-21 15:42:04] [SESSION 4] Processing page 25
[2026-02-21 15:42:04] [SESSION 4] Saved 10 bids from page 25
[2026-02-21 15:42:06] [SESSION 4] Processing page 26
[2026-02-21 15:42:06] [SESSION 4] Saved 10 bids from page 26
[2026-02-21 15:42:08] [SESSION 4] Processing page 27
[2026-02-21 15:42:08] [SESSION 4] Saved 7 bids from page 27
[2026-02-21 15:42:10] [SESSION 4] Processing page 28
[2026-02-21 15:42:10] [SESSION 4] Saved 10 bids from page 28
[2026-02-21 15:42:12] [SESSION 4] Processing page 29
[2026-02-21 15:42:12] [SESSION 4] Saved 9 bids from page 29
[2026-02-21 15:42:14] [SESSION 4] Processing page 30
[2026-02-21 15:42:14] [SESSION 4] Saved 7 bids from page 30
[2026-02-21 15:42:16] [SESSION 4] Processing page 31
[2026-02-21 15:42:16] [SESSION 4] Saved 9 bids from page 31
[2026-02-21 15:42:18] [SESSION 4] Processing page 32
[2026-02-21 15:42:19] [SESSION 4] Saved 10 bids from page 32
[2026-02-21 15:42:20] [SESSION 4] Processing page 33
[2026-02-21 15:42:21] [SESSION 4] Saved 10 bids from page 33
[2026-02-21 15:42:22] [SESSION 4] Processing page 34
[2026-02-21 15:42:23] [SESSION 4] Saved 10 bids from page 34
[2026-02-21 15:42:25] [SESSION 4] Processing page 35
[2026-02-21 15:42:25] [SESSION 4] Saved 10 bids from page 35
[2026-02-21 15:42:27] [SESSION 4] Processing page 36
[2026-02-21 15:42:27] [SESSION 4] Saved 10 bids from page 36
[2026-02-21 15:42:29] [SESSION 4] Processing page 37
[2026-02-21 15:42:29] [SESSION 4] Saved 10 bids from page 37
[2026-02-21 15:42:31] [SESSION 4] Processing page 38
[2026-02-21 15:42:31] [SESSION 4] Saved 10 bids from page 38
[2026-02-21 15:42:33] [SESSION 4] Processing page 39
[2026-02-21 15:42:33] [SESSION 4] Saved 10 bids from page 39
[2026-02-21 15:42:35] [SESSION 4] Processing page 40
[2026-02-21 15:42:35] [SESSION 4] Saved 10 bids from page 40
[2026-02-21 15:42:37] [SESSION 4] Processing page 41
[2026-02-21 15:42:38] [SESSION 4] Saved 10 bids from page 41
[2026-02-21 15:42:39] [SESSION 4] Processing page 42
[2026-02-21 15:42:39] [SESSION 4] Saved 10 bids from page 42
[2026-02-21 15:42:41] [SESSION 4] Processing page 43
[2026-02-21 15:42:41] [SESSION 4] Saved 9 bids from page 43
[2026-02-21 15:42:43] [SESSION 4] Processing page 44
[2026-02-21 15:42:44] [SESSION 4] Saved 10 bids from page 44
[2026-02-21 15:42:45] [SESSION 4] Processing page 45
[2026-02-21 15:42:46] [SESSION 4] Saved 10 bids from page 45
[2026-02-21 15:42:47] [SESSION 4] Processing page 46
[2026-02-21 15:42:48] [SESSION 4] Saved 9 bids from page 46
[2026-02-21 15:42:49] [SESSION 4] Processing page 47
[2026-02-21 15:42:50] [SESSION 4] Saved 10 bids from page 47
[2026-02-21 15:42:51] [SESSION 4] Processing page 48
[2026-02-21 15:42:52] [SESSION 4] Saved 10 bids from page 48
[2026-02-21 15:42:53] [SESSION 4] Processing page 49
[2026-02-21 15:42:54] [SESSION 4] Saved 10 bids from page 49
[2026-02-21 15:42:55] [SESSION 4] Processing page 50
[2026-02-21 15:42:56] [SESSION 4] Saved 10 bids from page 50
[2026-02-21 15:42:57] [SESSION 4] Processing page 51
[2026-02-21 15:42:58] [SESSION 4] Saved 10 bids from page 51
[2026-02-21 15:42:59] [SESSION 4] Processing page 52
[2026-02-21 15:43:00] [SESSION 4] Saved 9 bids from page 52
[2026-02-21 15:43:01] [SESSION 4] Processing page 53
[2026-02-21 15:43:02] [SESSION 4] Saved 10 bids from page 53
[2026-02-21 15:43:03] [SESSION 4] Processing page 54
[2026-02-21 15:43:04] [SESSION 4] Saved 10 bids from page 54
[2026-02-21 15:43:05] [SESSION 4] Processing page 55
[2026-02-21 15:43:06] [SESSION 4] Saved 9 bids from page 55
[2026-02-21 15:43:07] [SESSION 4] Processing page 56
[2026-02-21 15:43:08] [SESSION 4] Saved 10 bids from page 56
[2026-02-21 15:43:09] [SESSION 4] Processing page 57
[2026-02-21 15:43:10] [SESSION 4] Saved 10 bids from page 57
[2026-02-21 15:43:11] [SESSION 4] Processing page 58
[2026-02-21 15:43:12] [SESSION 4] Saved 10 bids from page 58
[2026-02-21 15:43:13] [SESSION 4] Processing page 59
[2026-02-21 15:43:14] [SESSION 4] Saved 10 bids from page 59
[2026-02-21 15:43:15] [SESSION 4] Processing page 60
[2026-02-21 15:43:16] [SESSION 4] Saved 10 bids from page 60
[2026-02-21 15:43:17] [SESSION 4] Processing page 61
[2026-02-21 15:43:18] [SESSION 4] Saved 9 bids from page 61
[2026-02-21 15:43:19] [SESSION 4] Processing page 62
[2026-02-21 15:43:20] [SESSION 4] Saved 9 bids from page 62
[2026-02-21 15:43:21] [SESSION 4] Processing page 63
[2026-02-21 15:43:22] [SESSION 4] Saved 8 bids from page 63
[2026-02-21 15:43:23] [SESSION 4] Processing page 64
[2026-02-21 15:43:24] [SESSION 4] Saved 9 bids from page 64
[2026-02-21 15:43:25] [SESSION 4] Processing page 65
[2026-02-21 15:43:26] [SESSION 4] Saved 10 bids from page 65
[2026-02-21 15:43:27] [SESSION 4] Processing page 66
[2026-02-21 15:43:28] [SESSION 4] Saved 8 bids from page 66
[2026-02-21 15:43:29] [SESSION 4] Processing page 67
[2026-02-21 15:43:30] [SESSION 4] Saved 10 bids from page 67
[2026-02-21 15:43:31] [SESSION 4] Processing page 68
[2026-02-21 15:43:32] [SESSION 4] Saved 9 bids from page 68
[2026-02-21 15:43:33] [SESSION 4] Processing page 69
[2026-02-21 15:43:34] [SESSION 4] Saved 10 bids from page 69
[2026-02-21 15:43:35] [SESSION 4] Processing page 70
[2026-02-21 15:43:36] [SESSION 4] Saved 10 bids from page 70
[2026-02-21 15:43:37] [SESSION 4] Processing page 71
[2026-02-21 15:43:38] [SESSION 4] Saved 8 bids from page 71
[2026-02-21 15:43:39] [SESSION 4] Processing page 72
[2026-02-21 15:43:40] [SESSION 4] Saved 10 bids from page 72
[2026-02-21 15:43:42] [SESSION 4] Processing page 73
[2026-02-21 15:43:43] [SESSION 4] Saved 9 bids from page 73
[2026-02-21 15:43:46] [SESSION 4] Processing page 74
[2026-02-21 15:43:47] [SESSION 4] Saved 10 bids from page 74
[2026-02-21 15:43:50] [SESSION 4] Processing page 75
[2026-02-21 15:43:51] [SESSION 4] Saved 9 bids from page 75
[2026-02-21 15:43:53] [SESSION 4] Processing page 76
[2026-02-21 15:43:54] [SESSION 4] Saved 10 bids from page 76
[2026-02-21 15:43:57] [SESSION 4] Processing page 77
[2026-02-21 15:43:58] [SESSION 4] Saved 10 bids from page 77
[2026-02-21 15:44:01] [SESSION 4] Processing page 78
[2026-02-21 15:44:02] [SESSION 4] Saved 10 bids from page 78
[2026-02-21 15:44:04] [SESSION 4] Processing page 79
[2026-02-21 15:44:05] [SESSION 4] Saved 10 bids from page 79
[2026-02-21 15:44:07] [SESSION 4] Processing page 80
[2026-02-21 15:44:07] [SESSION 4] Saved 9 bids from page 80
[2026-02-21 15:44:09] [SESSION 4] Processing page 81
[2026-02-21 15:44:10] [SESSION 4] Saved 9 bids from page 81
[2026-02-21 15:44:13] [SESSION 4] Processing page 82
[2026-02-21 15:44:13] [SESSION 4] Saved 10 bids from page 82
[2026-02-21 15:44:17] [SESSION 4] Processing page 83
[2026-02-21 15:44:18] [SESSION 4] Saved 10 bids from page 83
[2026-02-21 15:44:21] [SESSION 4] Processing page 84
[2026-02-21 15:44:22] [SESSION 4] Saved 10 bids from page 84
[2026-02-21 15:44:25] [SESSION 4] Processing page 85
[2026-02-21 15:44:25] [SESSION 4] Saved 10 bids from page 85
[2026-02-21 15:44:29] [SESSION 4] Processing page 86
[2026-02-21 15:44:29] [SESSION 4] Saved 10 bids from page 86
[2026-02-21 15:44:33] [SESSION 4] Processing page 87
[2026-02-21 15:44:34] [SESSION 4] Saved 10 bids from page 87
[2026-02-21 15:44:37] [SESSION 4] Processing page 88
[2026-02-21 15:44:37] [SESSION 4] Saved 9 bids from page 88
[2026-02-21 15:44:41] [SESSION 4] Processing page 89
[2026-02-21 15:44:41] [SESSION 4] Saved 10 bids from page 89
[2026-02-21 15:44:45] [SESSION 4] Processing page 90
[2026-02-21 15:44:46] [SESSION 4] Saved 10 bids from page 90
[2026-02-21 15:44:49] [SESSION 4] Processing page 91
[2026-02-21 15:44:50] [SESSION 4] Saved 10 bids from page 91
[2026-02-21 15:44:53] [SESSION 4] Processing page 92
[2026-02-21 15:44:54] [SESSION 4] Saved 10 bids from page 92
[2026-02-21 15:44:57] [SESSION 4] Processing page 93
[2026-02-21 15:44:58] [SESSION 4] Saved 10 bids from page 93
[2026-02-21 15:45:01] [SESSION 4] Processing page 94
[2026-02-21 15:45:02] [SESSION 4] Saved 10 bids from page 94
[2026-02-21 15:45:05] [SESSION 4] Processing page 95
[2026-02-21 15:45:06] [SESSION 4] Saved 10 bids from page 95
[2026-02-21 15:45:09] [SESSION 4] Processing page 96
[2026-02-21 15:45:10] [SESSION 4] Saved 10 bids from page 96
[2026-02-21 15:45:13] [SESSION 4] Processing page 97
[2026-02-21 15:45:14] [SESSION 4] Saved 10 bids from page 97
[2026-02-21 15:45:17] [SESSION 4] Processing page 98
[2026-02-21 15:45:18] [SESSION 4] Saved 10 bids from page 98
[2026-02-21 15:45:21] [SESSION 4] Processing page 99
[2026-02-21 15:45:22] [SESSION 4] Saved 9 bids from page 99
[2026-02-21 15:45:25] [SESSION 4] Processing page 100
[2026-02-21 15:45:26] [SESSION 4] Saved 10 bids from page 100
[2026-02-21 15:45:29] [SESSION 4] Processing page 101
[2026-02-21 15:45:30] [SESSION 4] Saved 10 bids from page 101
[2026-02-21 15:45:33] [SESSION 4] Processing page 102
[2026-02-21 15:45:34] [SESSION 4] Saved 9 bids from page 102
[2026-02-21 15:45:37] [SESSION 4] Processing page 103
[2026-02-21 15:45:38] [SESSION 4] Saved 10 bids from page 103
[2026-02-21 15:45:41] [SESSION 4] Processing page 104
[2026-02-21 15:45:42] [SESSION 4] Saved 10 bids from page 104
[2026-02-21 15:45:45] [SESSION 4] Processing page 105
[2026-02-21 15:45:46] [SESSION 4] Saved 10 bids from page 105
[2026-02-21 15:45:49] [SESSION 4] Processing page 106
[2026-02-21 15:45:50] [SESSION 4] Saved 10 bids from page 106
[2026-02-21 15:45:53] [SESSION 4] Processing page 107
[2026-02-21 15:45:54] [SESSION 4] Saved 10 bids from page 107
[2026-02-21 15:45:57] [SESSION 4] Processing page 108
[2026-02-21 15:45:58] [SESSION 4] Saved 10 bids from page 108
[2026-02-21 15:46:01] [SESSION 4] Processing page 109
[2026-02-21 15:46:02] [SESSION 4] Saved 10 bids from page 109
[2026-02-21 15:46:05] [SESSION 4] Processing page 110
[2026-02-21 15:46:06] [SESSION 4] Saved 10 bids from page 110
[2026-02-21 15:46:09] [SESSION 4] Processing page 111
[2026-02-21 15:46:10] [SESSION 4] Saved 10 bids from page 111
[2026-02-21 15:46:13] [SESSION 4] Processing page 112
[2026-02-21 15:46:15] [SESSION 4] Saved 10 bids from page 112
[2026-02-21 15:46:17] [SESSION 4] Processing page 113
[2026-02-21 15:46:18] [SESSION 4] Saved 10 bids from page 113
[2026-02-21 15:46:21] [SESSION 4] Processing page 114
[2026-02-21 15:46:22] [SESSION 4] Saved 10 bids from page 114
[2026-02-21 15:46:25] [SESSION 4] Processing page 115
[2026-02-21 15:46:26] [SESSION 4] Saved 10 bids from page 115
[2026-02-21 15:46:29] [SESSION 4] Processing page 116
[2026-02-21 15:46:30] [SESSION 4] Saved 10 bids from page 116
[2026-02-21 15:46:33] [SESSION 4] Processing page 117
[2026-02-21 15:46:34] [SESSION 4] Saved 10 bids from page 117
[2026-02-21 15:46:37] [SESSION 4] Processing page 118
[2026-02-21 15:46:38] [SESSION 4] Saved 10 bids from page 118
[2026-02-21 15:46:41] [SESSION 4] Processing page 119
[2026-02-21 15:46:43] [SESSION 4] Saved 10 bids from page 119
[2026-02-21 15:46:45] [SESSION 4] Processing page 120
[2026-02-21 15:46:46] [SESSION 4] Saved 5 bids from page 120
[2026-02-21 15:46:48] [SESSION 4] Processing page 121
[2026-02-21 15:46:48] [SESSION 4] Saved 0 bids from page 121
[2026-02-21 15:46:48] [SESSION 4] Pagination completed safely.
[2026-02-21 15:46:49] [SESSION 4] Session completed: 38 new bids found, 121 pages processed
[2026-02-23 13:44:13] [SESSION 4] Starting scraper - Keyword: 'batter' | Output: gem_all_bids_session4.csv
[2026-02-23 13:44:26] [SESSION 4] Processing page 1
[2026-02-23 13:44:28] [SESSION 4] Saved 10 bids from page 1
[2026-02-23 13:44:30] [SESSION 4] Processing page 2
[2026-02-23 13:44:31] [SESSION 4] Saved 10 bids from page 2
[2026-02-23 13:44:32] [SESSION 4] Processing page 3
[2026-02-23 13:44:33] [SESSION 4] Saved 10 bids from page 3
[2026-02-23 13:44:35] [SESSION 4] Processing page 4
[2026-02-23 13:44:35] [SESSION 4] Saved 9 bids from page 4
[2026-02-23 13:44:37] [SESSION 4] Processing page 5
[2026-02-23 13:44:38] [SESSION 4] Saved 10 bids from page 5
[2026-02-23 13:44:39] [SESSION 4] Processing page 6
[2026-02-23 13:44:40] [SESSION 4] Saved 10 bids from page 6
[2026-02-23 13:44:42] [SESSION 4] Processing page 7
[2026-02-23 13:44:43] [SESSION 4] Saved 10 bids from page 7
[2026-02-23 13:44:45] [SESSION 4] Processing page 8
[2026-02-23 13:44:46] [SESSION 4] Saved 7 bids from page 8
[2026-02-23 13:44:48] [SESSION 4] Processing page 9
[2026-02-23 13:44:49] [SESSION 4] Saved 10 bids from page 9
[2026-02-23 13:44:52] [SESSION 4] Processing page 10
[2026-02-23 13:44:53] [SESSION 4] Saved 9 bids from page 10
[2026-02-23 13:44:56] [SESSION 4] Processing page 11
[2026-02-23 13:44:56] [SESSION 4] Saved 8 bids from page 11
[2026-02-23 13:45:00] [SESSION 4] Processing page 12
[2026-02-23 13:45:01] [SESSION 4] Saved 10 bids from page 12
[2026-02-23 13:45:04] [SESSION 4] Processing page 13
[2026-02-23 13:45:05] [SESSION 4] Saved 10 bids from page 13
[2026-02-23 13:45:09] [SESSION 4] Processing page 14
[2026-02-23 13:45:11] [SESSION 4] Saved 10 bids from page 14
[2026-02-23 13:45:14] [SESSION 4] Processing page 15
[2026-02-23 13:45:15] [SESSION 4] Saved 3 bids from page 15
[2026-02-23 13:45:18] [SESSION 4] Processing page 16
[2026-02-23 13:45:18] [SESSION 4] Saved 10 bids from page 16
[2026-02-23 13:45:22] [SESSION 4] Processing page 17
[2026-02-23 13:45:23] [SESSION 4] Saved 10 bids from page 17
[2026-02-23 13:45:26] [SESSION 4] Processing page 18
[2026-02-23 13:45:27] [SESSION 4] Saved 10 bids from page 18
[2026-02-23 13:45:31] [SESSION 4] Processing page 19
[2026-02-23 13:45:32] [SESSION 4] Saved 10 bids from page 19
[2026-02-23 13:45:35] [SESSION 4] Processing page 20
[2026-02-23 13:45:35] [SESSION 4] Saved 10 bids from page 20
[2026-02-23 13:45:39] [SESSION 4] Processing page 21
[2026-02-23 13:45:39] [SESSION 4] Saved 10 bids from page 21
[2026-02-23 13:45:43] [SESSION 4] Processing page 22
[2026-02-23 13:45:43] [SESSION 4] Saved 10 bids from page 22
[2026-02-23 13:45:47] [SESSION 4] Processing page 23
[2026-02-23 13:45:49] [SESSION 4] Saved 10 bids from page 23
[2026-02-23 13:45:52] [SESSION 4] Processing page 24
[2026-02-23 13:45:53] [SESSION 4] Saved 10 bids from page 24
[2026-02-23 13:45:56] [SESSION 4] Processing page 25
[2026-02-23 13:45:57] [SESSION 4] Saved 10 bids from page 25
[2026-02-23 13:46:00] [SESSION 4] Processing page 26
[2026-02-23 13:46:00] [SESSION 4] Saved 10 bids from page 26
[2026-02-23 13:46:04] [SESSION 4] Processing page 27
[2026-02-23 13:46:05] [SESSION 4] Saved 10 bids from page 27
[2026-02-23 13:46:08] [SESSION 4] Processing page 28
[2026-02-23 13:46:09] [SESSION 4] Saved 10 bids from page 28
[2026-02-23 13:46:12] [SESSION 4] Processing page 29
[2026-02-23 13:46:12] [SESSION 4] Saved 10 bids from page 29
[2026-02-23 13:46:16] [SESSION 4] Processing page 30
[2026-02-23 13:46:17] [SESSION 4] Saved 10 bids from page 30
[2026-02-23 13:46:20] [SESSION 4] Processing page 31
[2026-02-23 13:46:21] [SESSION 4] Saved 10 bids from page 31
[2026-02-23 13:46:24] [SESSION 4] Processing page 32
[2026-02-23 13:46:24] [SESSION 4] Saved 10 bids from page 32
[2026-02-23 13:46:27] [SESSION 4] Processing page 33
[2026-02-23 13:46:28] [SESSION 4] Saved 10 bids from page 33
[2026-02-23 13:46:31] [SESSION 4] Processing page 34
[2026-02-23 13:46:32] [SESSION 4] Saved 10 bids from page 34
[2026-02-23 13:46:35] [SESSION 4] Processing page 35
[2026-02-23 13:46:36] [SESSION 4] Saved 10 bids from page 35
[2026-02-23 13:46:39] [SESSION 4] Processing page 36
[2026-02-23 13:46:41] [SESSION 4] Saved 9 bids from page 36
[2026-02-23 13:46:44] [SESSION 4] Processing page 37
[2026-02-23 13:46:46] [SESSION 4] Saved 10 bids from page 37
[2026-02-23 13:46:49] [SESSION 4] Processing page 38
[2026-02-23 13:46:50] [SESSION 4] Saved 9 bids from page 38
[2026-02-23 13:46:53] [SESSION 4] Processing page 39
[2026-02-23 13:46:54] [SESSION 4] Saved 10 bids from page 39
[2026-02-23 13:46:57] [SESSION 4] Processing page 40
[2026-02-23 13:46:58] [SESSION 4] Saved 9 bids from page 40
[2026-02-23 13:47:01] [SESSION 4] Processing page 41
[2026-02-23 13:47:02] [SESSION 4] Saved 10 bids from page 41
[2026-02-23 13:47:05] [SESSION 4] Processing page 42
[2026-02-23 13:47:06] [SESSION 4] Saved 10 bids from page 42
[2026-02-23 13:47:09] [SESSION 4] Processing page 43
[2026-02-23 13:47:10] [SESSION 4] Saved 10 bids from page 43
[2026-02-23 13:47:13] [SESSION 4] Processing page 44
[2026-02-23 13:47:14] [SESSION 4] Saved 10 bids from page 44
[2026-02-23 13:47:18] [SESSION 4] Processing page 45
[2026-02-23 13:47:20] [SESSION 4] Saved 10 bids from page 45
[2026-02-23 13:47:23] [SESSION 4] Processing page 46
[2026-02-23 13:47:24] [SESSION 4] Saved 10 bids from page 46
[2026-02-23 13:47:27] [SESSION 4] Processing page 47
[2026-02-23 13:47:28] [SESSION 4] Saved 10 bids from page 47
[2026-02-23 13:47:31] [SESSION 4] Processing page 48
[2026-02-23 13:47:32] [SESSION 4] Saved 10 bids from page 48
[2026-02-23 13:47:35] [SESSION 4] Processing page 49
[2026-02-23 13:47:36] [SESSION 4] Saved 10 bids from page 49
[2026-02-23 13:47:39] [SESSION 4] Processing page 50
[2026-02-23 13:47:40] [SESSION 4] Saved 10 bids from page 50
[2026-02-23 13:47:43] [SESSION 4] Processing page 51
[2026-02-23 13:47:45] [SESSION 4] Saved 10 bids from page 51
[2026-02-23 13:47:49] [SESSION 4] Processing page 52
[2026-02-23 13:47:50] [SESSION 4] Saved 10 bids from page 52
[2026-02-23 13:47:53] [SESSION 4] Processing page 53
[2026-02-23 13:47:54] [SESSION 4] Saved 9 bids from page 53
[2026-02-23 13:47:57] [SESSION 4] Processing page 54
[2026-02-23 13:47:58] [SESSION 4] Saved 9 bids from page 54
[2026-02-23 13:48:01] [SESSION 4] Processing page 55
[2026-02-23 13:48:05] [SESSION 4] Saved 10 bids from page 55
[2026-02-23 13:48:08] [SESSION 4] Processing page 56
[2026-02-23 13:48:08] [SESSION 4] Saved 10 bids from page 56
[2026-02-23 13:48:12] [SESSION 4] Processing page 57
[2026-02-23 13:48:12] [SESSION 4] Saved 8 bids from page 57
[2026-02-23 13:48:16] [SESSION 4] Processing page 58
[2026-02-23 13:48:16] [SESSION 4] Saved 10 bids from page 58
[2026-02-23 13:48:20] [SESSION 4] Processing page 59
[2026-02-23 13:48:20] [SESSION 4] Saved 10 bids from page 59
[2026-02-23 13:48:24] [SESSION 4] Processing page 60
[2026-02-23 13:48:24] [SESSION 4] Saved 9 bids from page 60
[2026-02-23 13:48:28] [SESSION 4] Processing page 61
[2026-02-23 13:48:28] [SESSION 4] Saved 9 bids from page 61
[2026-02-23 13:48:31] [SESSION 4] Processing page 62
[2026-02-23 13:48:31] [SESSION 4] Saved 9 bids from page 62
[2026-02-23 13:48:34] [SESSION 4] Processing page 63
[2026-02-23 13:48:34] [SESSION 4] Saved 10 bids from page 63
[2026-02-23 13:48:38] [SESSION 4] Processing page 64
[2026-02-23 13:48:38] [SESSION 4] Saved 10 bids from page 64
[2026-02-23 13:48:42] [SESSION 4] Processing page 65
[2026-02-23 13:48:42] [SESSION 4] Saved 10 bids from page 65
[2026-02-23 13:48:46] [SESSION 4] Processing page 66
[2026-02-23 13:48:46] [SESSION 4] Saved 10 bids from page 66
[2026-02-23 13:48:50] [SESSION 4] Processing page 67
[2026-02-23 13:48:50] [SESSION 4] Saved 10 bids from page 67
[2026-02-23 13:48:54] [SESSION 4] Processing page 68
[2026-02-23 13:48:54] [SESSION 4] Saved 9 bids from page 68
[2026-02-23 13:48:58] [SESSION 4] Processing page 69
[2026-02-23 13:48:58] [SESSION 4] Saved 9 bids from page 69
[2026-02-23 13:49:02] [SESSION 4] Processing page 70
[2026-02-23 13:49:02] [SESSION 4] Saved 8 bids from page 70
[2026-02-23 13:49:06] [SESSION 4] Processing page 71
[2026-02-23 13:49:06] [SESSION 4] Saved 10 bids from page 71
[2026-02-23 13:49:10] [SESSION 4] Processing page 72
[2026-02-23 13:49:10] [SESSION 4] Saved 9 bids from page 72
[2026-02-23 13:49:14] [SESSION 4] Processing page 73
[2026-02-23 13:49:14] [SESSION 4] Saved 10 bids from page 73
[2026-02-23 13:49:18] [SESSION 4] Processing page 74
[2026-02-23 13:49:18] [SESSION 4] Saved 9 bids from page 74
[2026-02-23 13:49:22] [SESSION 4] Processing page 75
[2026-02-23 13:49:22] [SESSION 4] Saved 8 bids from page 75
[2026-02-23 13:49:25] [SESSION 4] Processing page 76
[2026-02-23 13:49:25] [SESSION 4] Saved 9 bids from page 76
[2026-02-23 13:49:28] [SESSION 4] Processing page 77
[2026-02-23 13:49:28] [SESSION 4] Saved 10 bids from page 77
[2026-02-23 13:49:31] [SESSION 4] Processing page 78
[2026-02-23 13:49:31] [SESSION 4] Saved 10 bids from page 78
[2026-02-23 13:49:34] [SESSION 4] Processing page 79
[2026-02-23 13:49:34] [SESSION 4] Saved 10 bids from page 79
[2026-02-23 13:49:37] [SESSION 4] Processing page 80
[2026-02-23 13:49:37] [SESSION 4] Saved 10 bids from page 80
[2026-02-23 13:49:41] [SESSION 4] Processing page 81
[2026-02-23 13:49:41] [SESSION 4] Saved 10 bids from page 81
[2026-02-23 13:49:44] [SESSION 4] Processing page 82
[2026-02-23 13:49:44] [SESSION 4] Saved 10 bids from page 82
[2026-02-23 13:49:48] [SESSION 4] Processing page 83
[2026-02-23 13:49:48] [SESSION 4] Saved 10 bids from page 83
[2026-02-23 13:49:52] [SESSION 4] Processing page 84
[2026-02-23 13:49:52] [SESSION 4] Saved 10 bids from page 84
[2026-02-23 13:49:55] [SESSION 4] Processing page 85
[2026-02-23 13:49:55] [SESSION 4] Saved 10 bids from page 85
[2026-02-23 13:49:58] [SESSION 4] Processing page 86
[2026-02-23 13:49:58] [SESSION 4] Saved 10 bids from page 86
[2026-02-23 13:50:01] [SESSION 4] Processing page 87
[2026-02-23 13:50:01] [SESSION 4] Saved 10 bids from page 87
[2026-02-23 13:50:04] [SESSION 4] Processing page 88
[2026-02-23 13:50:04] [SESSION 4] Saved 10 bids from page 88
[2026-02-23 13:50:07] [SESSION 4] Processing page 89
[2026-02-23 13:50:07] [SESSION 4] Saved 10 bids from page 89
[2026-02-23 13:50:10] [SESSION 4] Processing page 90
[2026-02-23 13:50:10] [SESSION 4] Saved 10 bids from page 90
[2026-02-23 13:50:13] [SESSION 4] Processing page 91
[2026-02-23 13:50:13] [SESSION 4] Saved 10 bids from page 91
[2026-02-23 13:50:16] [SESSION 4] Processing page 92
[2026-02-23 13:50:16] [SESSION 4] Saved 10 bids from page 92
[2026-02-23 13:50:19] [SESSION 4] Processing page 93
[2026-02-23 13:50:19] [SESSION 4] Saved 10 bids from page 93
[2026-02-23 13:50:22] [SESSION 4] Processing page 94
[2026-02-23 13:50:22] [SESSION 4] Saved 10 bids from page 94
[2026-02-23 13:50:26] [SESSION 4] Processing page 95
[2026-02-23 13:50:27] [SESSION 4] Saved 10 bids from page 95
[2026-02-23 13:50:30] [SESSION 4] Processing page 96
[2026-02-23 13:50:31] [SESSION 4] Saved 10 bids from page 96
[2026-02-23 13:50:34] [SESSION 4] Processing page 97
[2026-02-23 13:50:34] [SESSION 4] Saved 9 bids from page 97
[2026-02-23 13:50:37] [SESSION 4] Processing page 98
[2026-02-23 13:50:37] [SESSION 4] Saved 10 bids from page 98
[2026-02-23 13:50:40] [SESSION 4] Processing page 99
[2026-02-23 13:50:40] [SESSION 4] Saved 10 bids from page 99
[2026-02-23 13:50:43] [SESSION 4] Processing page 100
[2026-02-23 13:50:43] [SESSION 4] Saved 10 bids from page 100
[2026-02-23 13:50:46] [SESSION 4] Processing page 101
[2026-02-23 13:50:46] [SESSION 4] Saved 10 bids from page 101
[2026-02-23 13:50:49] [SESSION 4] Processing page 102
[2026-02-23 13:50:49] [SESSION 4] Saved 10 bids from page 102
[2026-02-23 13:50:52] [SESSION 4] Processing page 103
[2026-02-23 13:50:52] [SESSION 4] Saved 10 bids from page 103
[2026-02-23 13:50:55] [SESSION 4] Processing page 104
[2026-02-23 13:50:55] [SESSION 4] Saved 10 bids from page 104
[2026-02-23 13:50:58] [SESSION 4] Processing page 105
[2026-02-23 13:50:58] [SESSION 4] Saved 10 bids from page 105
[2026-02-23 13:51:01] [SESSION 4] Processing page 106
[2026-02-23 13:51:02] [SESSION 4] Saved 9 bids from page 106
[2026-02-23 13:51:04] [SESSION 4] Processing page 107
[2026-02-23 13:51:04] [SESSION 4] Saved 10 bids from page 107
[2026-02-23 13:51:07] [SESSION 4] Processing page 108
[2026-02-23 13:51:08] [SESSION 4] Saved 10 bids from page 108
[2026-02-23 13:51:10] [SESSION 4] Processing page 109
[2026-02-23 13:51:11] [SESSION 4] Saved 10 bids from page 109
[2026-02-23 13:51:13] [SESSION 4] Processing page 110
[2026-02-23 13:51:14] [SESSION 4] Saved 10 bids from page 110
[2026-02-23 13:51:17] [SESSION 4] Processing page 111
[2026-02-23 13:51:18] [SESSION 4] Saved 10 bids from page 111
[2026-02-23 13:51:20] [SESSION 4] Processing page 112
[2026-02-23 13:51:21] [SESSION 4] Saved 10 bids from page 112
[2026-02-23 13:51:23] [SESSION 4] Processing page 113
[2026-02-23 13:51:24] [SESSION 4] Saved 10 bids from page 113
[2026-02-23 13:51:27] [SESSION 4] Processing page 114
[2026-02-23 13:51:27] [SESSION 4] Saved 3 bids from page 114
[2026-02-23 13:51:29] [SESSION 4] Processing page 115
[2026-02-23 13:51:29] [SESSION 4] Saved 0 bids from page 115
[2026-02-23 13:51:30] [SESSION 4] Pagination completed safely.
[2026-02-23 13:51:30] [SESSION 4] Session completed: 56 new bids found, 115 pages processed
[2026-02-23 14:02:47] [SESSION 4] Starting scraper - Keyword: 'batter' | Output: gem_all_bids_session4.csv
[2026-02-23 14:02:57] [SESSION 4] Processing page 1
[2026-02-23 14:02:57] [SESSION 4] Saved 10 bids from page 1
[2026-02-23 14:02:59] [SESSION 4] Processing page 2
[2026-02-23 14:03:00] [SESSION 4] Saved 7 bids from page 2
[2026-02-23 14:03:02] [SESSION 4] Processing page 3
[2026-02-23 14:03:03] [SESSION 4] Saved 10 bids from page 3
[2026-02-23 14:03:05] [SESSION 4] Processing page 4
[2026-02-23 14:03:05] [SESSION 4] Saved 9 bids from page 4
[2026-02-23 14:03:07] [SESSION 4] Processing page 5
[2026-02-23 14:03:07] [SESSION 4] Saved 10 bids from page 5
[2026-02-23 14:03:09] [SESSION 4] Processing page 6
[2026-02-23 14:03:09] [SESSION 4] Saved 7 bids from page 6
[2026-02-23 14:03:11] [SESSION 4] Processing page 7
[2026-02-23 14:03:11] [SESSION 4] Saved 10 bids from page 7
[2026-02-23 14:03:13] [SESSION 4] Processing page 8
[2026-02-23 14:03:13] [SESSION 4] Saved 10 bids from page 8
[2026-02-23 14:03:15] [SESSION 4] Processing page 9
[2026-02-23 14:03:15] [SESSION 4] Saved 10 bids from page 9
[2026-02-23 14:03:17] [SESSION 4] Processing page 10
[2026-02-23 14:03:17] [SESSION 4] Saved 10 bids from page 10
[2026-02-23 14:03:19] [SESSION 4] Processing page 11
[2026-02-23 14:03:20] [SESSION 4] Saved 9 bids from page 11
[2026-02-23 14:03:21] [SESSION 4] Processing page 12
[2026-02-23 14:03:22] [SESSION 4] Saved 7 bids from page 12
[2026-02-23 14:03:24] [SESSION 4] Processing page 13
[2026-02-23 14:03:24] [SESSION 4] Saved 10 bids from page 13
[2026-02-23 14:03:26] [SESSION 4] Processing page 14
[2026-02-23 14:03:26] [SESSION 4] Saved 10 bids from page 14
[2026-02-23 14:03:28] [SESSION 4] Processing page 15
[2026-02-23 14:03:29] [SESSION 4] Saved 10 bids from page 15
[2026-02-23 14:03:30] [SESSION 4] Processing page 16
[2026-02-23 14:03:31] [SESSION 4] Saved 9 bids from page 16
[2026-02-23 14:03:32] [SESSION 4] Processing page 17
[2026-02-23 14:03:33] [SESSION 4] Saved 10 bids from page 17
[2026-02-23 14:03:35] [SESSION 4] Processing page 18
[2026-02-23 14:03:35] [SESSION 4] Saved 10 bids from page 18
[2026-02-23 14:03:37] [SESSION 4] Processing page 19
[2026-02-23 14:03:37] [SESSION 4] Saved 10 bids from page 19
[2026-02-23 14:03:39] [SESSION 4] Processing page 20
[2026-02-23 14:03:39] [SESSION 4] Saved 10 bids from page 20
[2026-02-23 14:03:41] [SESSION 4] Processing page 21
[2026-02-23 14:03:42] [SESSION 4] Saved 10 bids from page 21
[2026-02-23 14:03:43] [SESSION 4] Processing page 22
[2026-02-23 14:03:44] [SESSION 4] Saved 10 bids from page 22
[2026-02-23 14:03:46] [SESSION 4] Processing page 23
[2026-02-23 14:03:46] [SESSION 4] Saved 9 bids from page 23
[2026-02-23 14:03:48] [SESSION 4] Processing page 24
[2026-02-23 14:03:48] [SESSION 4] Saved 10 bids from page 24
[2026-02-23 14:03:50] [SESSION 4] Processing page 25
[2026-02-23 14:03:51] [SESSION 4] Saved 10 bids from page 25
[2026-02-23 14:03:52] [SESSION 4] Processing page 26
[2026-02-23 14:03:53] [SESSION 4] Saved 10 bids from page 26
[2026-02-23 14:03:54] [SESSION 4] Processing page 27
[2026-02-23 14:03:55] [SESSION 4] Saved 10 bids from page 27
[2026-02-23 14:03:56] [SESSION 4] Processing page 28
[2026-02-23 14:03:57] [SESSION 4] Saved 10 bids from page 28
[2026-02-23 14:03:59] [SESSION 4] Processing page 29
[2026-02-23 14:03:59] [SESSION 4] Saved 10 bids from page 29
[2026-02-23 14:04:00] [SESSION 4] Processing page 30
[2026-02-23 14:04:01] [SESSION 4] Saved 9 bids from page 30
[2026-02-23 14:04:03] [SESSION 4] Processing page 31
[2026-02-23 14:04:03] [SESSION 4] Saved 10 bids from page 31
[2026-02-23 14:04:05] [SESSION 4] Processing page 32
[2026-02-23 14:04:05] [SESSION 4] Saved 10 bids from page 32
[2026-02-23 14:04:07] [SESSION 4] Processing page 33
[2026-02-23 14:04:07] [SESSION 4] Saved 10 bids from page 33
[2026-02-23 14:04:09] [SESSION 4] Processing page 34
[2026-02-23 14:04:09] [SESSION 4] Saved 10 bids from page 34
[2026-02-23 14:04:11] [SESSION 4] Processing page 35
[2026-02-23 14:04:12] [SESSION 4] Saved 10 bids from page 35
[2026-02-23 14:04:13] [SESSION 4] Processing page 36
[2026-02-23 14:04:14] [SESSION 4] Saved 10 bids from page 36
[2026-02-23 14:04:16] [SESSION 4] Processing page 37
[2026-02-23 14:04:16] [SESSION 4] Saved 10 bids from page 37
[2026-02-23 14:04:18] [SESSION 4] Processing page 38
[2026-02-23 14:04:18] [SESSION 4] Saved 10 bids from page 38
[2026-02-23 14:04:20] [SESSION 4] Processing page 39
[2026-02-23 14:04:20] [SESSION 4] Saved 10 bids from page 39
[2026-02-23 14:04:22] [SESSION 4] Processing page 40
[2026-02-23 14:04:22] [SESSION 4] Saved 10 bids from page 40
[2026-02-23 14:04:24] [SESSION 4] Processing page 41
[2026-02-23 14:04:24] [SESSION 4] Saved 10 bids from page 41
[2026-02-23 14:04:26] [SESSION 4] Processing page 42
[2026-02-23 14:04:26] [SESSION 4] Saved 10 bids from page 42
[2026-02-23 14:04:28] [SESSION 4] Processing page 43
[2026-02-23 14:04:28] [SESSION 4] Saved 10 bids from page 43
[2026-02-23 14:04:30] [SESSION 4] Processing page 44
[2026-02-23 14:04:30] [SESSION 4] Saved 10 bids from page 44
[2026-02-23 14:04:32] [SESSION 4] Processing page 45
[2026-02-23 14:04:32] [SESSION 4] Saved 10 bids from page 45
[2026-02-23 14:04:34] [SESSION 4] Processing page 46
[2026-02-23 14:04:34] [SESSION 4] Saved 10 bids from page 46
[2026-02-23 14:04:36] [SESSION 4] Processing page 47
[2026-02-23 14:04:36] [SESSION 4] Saved 10 bids from page 47
[2026-02-23 14:04:38] [SESSION 4] Processing page 48
[2026-02-23 14:04:38] [SESSION 4] Saved 9 bids from page 48
[2026-02-23 14:04:40] [SESSION 4] Processing page 49
[2026-02-23 14:04:40] [SESSION 4] Saved 10 bids from page 49
[2026-02-23 14:04:42] [SESSION 4] Processing page 50
[2026-02-23 14:04:42] [SESSION 4] Saved 10 bids from page 50
[2026-02-23 14:04:44] [SESSION 4] Processing page 51
[2026-02-23 14:04:45] [SESSION 4] Saved 8 bids from page 51
[2026-02-23 14:04:46] [SESSION 4] Processing page 52
[2026-02-23 14:04:47] [SESSION 4] Saved 10 bids from page 52
[2026-02-23 14:04:48] [SESSION 4] Processing page 53
[2026-02-23 14:04:49] [SESSION 4] Saved 10 bids from page 53
[2026-02-23 14:04:50] [SESSION 4] Processing page 54
[2026-02-23 14:04:51] [SESSION 4] Saved 10 bids from page 54
[2026-02-23 14:04:52] [SESSION 4] Processing page 55
[2026-02-23 14:04:53] [SESSION 4] Saved 10 bids from page 55
[2026-02-23 14:04:55] [SESSION 4] Processing page 56
[2026-02-23 14:04:55] [SESSION 4] Saved 10 bids from page 56
[2026-02-23 14:04:57] [SESSION 4] Processing page 57
[2026-02-23 14:04:57] [SESSION 4] Saved 9 bids from page 57
[2026-02-23 14:04:59] [SESSION 4] Processing page 58
[2026-02-23 14:04:59] [SESSION 4] Saved 9 bids from page 58
[2026-02-23 14:05:01] [SESSION 4] Processing page 59
[2026-02-23 14:05:02] [SESSION 4] Saved 10 bids from page 59
[2026-02-23 14:05:04] [SESSION 4] Processing page 60
[2026-02-23 14:05:04] [SESSION 4] Saved 9 bids from page 60
[2026-02-23 14:05:06] [SESSION 4] Processing page 61
[2026-02-23 14:05:07] [SESSION 4] Saved 10 bids from page 61
[2026-02-23 14:05:08] [SESSION 4] Processing page 62
[2026-02-23 14:05:09] [SESSION 4] Saved 10 bids from page 62
[2026-02-23 14:05:10] [SESSION 4] Processing page 63
[2026-02-23 14:05:11] [SESSION 4] Saved 10 bids from page 63
[2026-02-23 14:05:13] [SESSION 4] Processing page 64
[2026-02-23 14:05:13] [SESSION 4] Saved 10 bids from page 64
[2026-02-23 14:05:15] [SESSION 4] Processing page 65
[2026-02-23 14:05:15] [SESSION 4] Saved 8 bids from page 65
[2026-02-23 14:05:17] [SESSION 4] Processing page 66
[2026-02-23 14:05:17] [SESSION 4] Saved 10 bids from page 66
[2026-02-23 14:05:19] [SESSION 4] Processing page 67
[2026-02-23 14:05:19] [SESSION 4] Saved 9 bids from page 67
[2026-02-23 14:05:21] [SESSION 4] Processing page 68
[2026-02-23 14:05:21] [SESSION 4] Saved 10 bids from page 68
[2026-02-23 14:05:23] [SESSION 4] Processing page 69
[2026-02-23 14:05:23] [SESSION 4] Saved 9 bids from page 69
[2026-02-23 14:05:25] [SESSION 4] Processing page 70
[2026-02-23 14:05:25] [SESSION 4] Saved 10 bids from page 70
[2026-02-23 14:05:27] [SESSION 4] Processing page 71
[2026-02-23 14:05:27] [SESSION 4] Saved 10 bids from page 71
[2026-02-23 14:05:29] [SESSION 4] Processing page 72
[2026-02-23 14:05:29] [SESSION 4] Saved 10 bids from page 72
[2026-02-23 14:05:31] [SESSION 4] Processing page 73
[2026-02-23 14:05:32] [SESSION 4] Saved 10 bids from page 73
[2026-02-23 14:05:33] [SESSION 4] Processing page 74
[2026-02-23 14:05:34] [SESSION 4] Saved 10 bids from page 74
[2026-02-23 14:05:35] [SESSION 4] Processing page 75
[2026-02-23 14:05:36] [SESSION 4] Saved 9 bids from page 75
[2026-02-23 14:05:37] [SESSION 4] Processing page 76
[2026-02-23 14:05:38] [SESSION 4] Saved 10 bids from page 76
[2026-02-23 14:05:40] [SESSION 4] Processing page 77
[2026-02-23 14:05:40] [SESSION 4] Saved 10 bids from page 77
[2026-02-23 14:05:42] [SESSION 4] Processing page 78
[2026-02-23 14:05:42] [SESSION 4] Saved 7 bids from page 78
[2026-02-23 14:05:44] [SESSION 4] Processing page 79
[2026-02-23 14:05:44] [SESSION 4] Saved 10 bids from page 79
[2026-02-23 14:05:46] [SESSION 4] Processing page 80
[2026-02-23 14:05:47] [SESSION 4] Saved 9 bids from page 80
[2026-02-23 14:05:49] [SESSION 4] Processing page 81
[2026-02-23 14:05:50] [SESSION 4] Saved 10 bids from page 81
[2026-02-23 14:05:51] [SESSION 4] Processing page 82
[2026-02-23 14:05:52] [SESSION 4] Saved 10 bids from page 82
[2026-02-23 14:05:54] [SESSION 4] Processing page 83
[2026-02-23 14:05:54] [SESSION 4] Saved 10 bids from page 83
[2026-02-23 14:05:56] [SESSION 4] Processing page 84
[2026-02-23 14:05:57] [SESSION 4] Saved 10 bids from page 84
[2026-02-23 14:05:58] [SESSION 4] Processing page 85
[2026-02-23 14:05:59] [SESSION 4] Saved 10 bids from page 85
[2026-02-23 14:06:00] [SESSION 4] Processing page 86
[2026-02-23 14:06:01] [SESSION 4] Saved 10 bids from page 86
[2026-02-23 14:06:02] [SESSION 4] Processing page 87
[2026-02-23 14:06:03] [SESSION 4] Saved 9 bids from page 87
[2026-02-23 14:06:05] [SESSION 4] Processing page 88
[2026-02-23 14:06:06] [SESSION 4] Saved 9 bids from page 88
[2026-02-23 14:06:07] [SESSION 4] Processing page 89
[2026-02-23 14:06:08] [SESSION 4] Saved 10 bids from page 89
[2026-02-23 14:06:09] [SESSION 4] Processing page 90
[2026-02-23 14:06:10] [SESSION 4] Saved 10 bids from page 90
[2026-02-23 14:06:11] [SESSION 4] Processing page 91
[2026-02-23 14:06:12] [SESSION 4] Saved 9 bids from page 91
[2026-02-23 14:06:14] [SESSION 4] Processing page 92
[2026-02-23 14:06:14] [SESSION 4] Saved 10 bids from page 92
[2026-02-23 14:06:16] [SESSION 4] Processing page 93
[2026-02-23 14:06:16] [SESSION 4] Saved 10 bids from page 93
[2026-02-23 14:06:18] [SESSION 4] Processing page 94
[2026-02-23 14:06:19] [SESSION 4] Saved 10 bids from page 94
[2026-02-23 14:06:20] [SESSION 4] Processing page 95
[2026-02-23 14:06:21] [SESSION 4] Saved 10 bids from page 95
[2026-02-23 14:06:23] [SESSION 4] Processing page 96
[2026-02-23 14:06:24] [SESSION 4] Saved 10 bids from page 96
[2026-02-23 14:06:25] [SESSION 4] Processing page 97
[2026-02-23 14:06:26] [SESSION 4] Saved 10 bids from page 97
[2026-02-23 14:06:27] [SESSION 4] Processing page 98
[2026-02-23 14:06:28] [SESSION 4] Saved 10 bids from page 98
[2026-02-23 14:06:29] [SESSION 4] Processing page 99
[2026-02-23 14:06:30] [SESSION 4] Saved 10 bids from page 99
[2026-02-23 14:06:32] [SESSION 4] Processing page 100
[2026-02-23 14:06:32] [SESSION 4] Saved 10 bids from page 100
[2026-02-23 14:06:34] [SESSION 4] Processing page 101
[2026-02-23 14:06:34] [SESSION 4] Saved 10 bids from page 101
[2026-02-23 14:06:36] [SESSION 4] Processing page 102
[2026-02-23 14:06:36] [SESSION 4] Saved 10 bids from page 102
[2026-02-23 14:06:38] [SESSION 4] Processing page 103
[2026-02-23 14:06:38] [SESSION 4] Saved 10 bids from page 103
[2026-02-23 14:06:40] [SESSION 4] Processing page 104
[2026-02-23 14:06:41] [SESSION 4] Saved 10 bids from page 104
[2026-02-23 14:06:42] [SESSION 4] Processing page 105
[2026-02-23 14:06:43] [SESSION 4] Saved 10 bids from page 105
[2026-02-23 14:06:44] [SESSION 4] Processing page 106
[2026-02-23 14:06:45] [SESSION 4] Saved 10 bids from page 106
[2026-02-23 14:06:46] [SESSION 4] Processing page 107
[2026-02-23 14:06:47] [SESSION 4] Saved 9 bids from page 107
[2026-02-23 14:06:48] [SESSION 4] Processing page 108
[2026-02-23 14:06:49] [SESSION 4] Saved 10 bids from page 108
[2026-02-23 14:06:50] [SESSION 4] Processing page 109
[2026-02-23 14:06:51] [SESSION 4] Saved 10 bids from page 109
[2026-02-23 14:06:52] [SESSION 4] Processing page 110
[2026-02-23 14:06:53] [SESSION 4] Saved 10 bids from page 110
[2026-02-23 14:06:55] [SESSION 4] Processing page 111
[2026-02-23 14:06:55] [SESSION 4] Saved 9 bids from page 111
[2026-02-23 14:06:57] [SESSION 4] Processing page 112
[2026-02-23 14:06:57] [SESSION 4] Saved 10 bids from page 112
[2026-02-23 14:06:59] [SESSION 4] Processing page 113
[2026-02-23 14:06:59] [SESSION 4] Saved 2 bids from page 113
[2026-02-23 14:07:01] [SESSION 4] Processing page 114
[2026-02-23 14:07:01] [SESSION 4] Saved 0 bids from page 114
[2026-02-23 14:07:01] [SESSION 4] Pagination completed safely.
[2026-02-23 14:07:01] [SESSION 4] Session completed: 25 new bids found, 114 pages processed
[2026-02-23 18:33:15] [SESSION 4] Starting scraper - Keyword: 'batter' | Output: gem_all_bids_session4.csv
[2026-02-23 18:33:25] [SESSION 4] Processing page 1
[2026-02-23 18:33:25] [SESSION 4] Saved 10 bids from page 1
[2026-02-23 18:33:27] [SESSION 4] Processing page 2
[2026-02-23 18:33:28] [SESSION 4] Saved 7 bids from page 2
[2026-02-23 18:33:29] [SESSION 4] Processing page 3
[2026-02-23 18:33:30] [SESSION 4] Saved 10 bids from page 3
[2026-02-23 18:33:32] [SESSION 4] Processing page 4
[2026-02-23 18:33:32] [SESSION 4] Saved 8 bids from page 4
[2026-02-23 18:33:34] [SESSION 4] Processing page 5
[2026-02-23 18:33:34] [SESSION 4] Saved 9 bids from page 5
[2026-02-23 18:33:36] [SESSION 4] Processing page 6
[2026-02-23 18:33:37] [SESSION 4] Saved 10 bids from page 6
[2026-02-23 18:33:38] [SESSION 4] Processing page 7
[2026-02-23 18:33:39] [SESSION 4] Saved 10 bids from page 7
[2026-02-23 18:33:40] [SESSION 4] Processing page 8
[2026-02-23 18:33:41] [SESSION 4] Saved 10 bids from page 8
[2026-02-23 18:33:42] [SESSION 4] Processing page 9
[2026-02-23 18:33:43] [SESSION 4] Saved 10 bids from page 9
[2026-02-23 18:33:44] [SESSION 4] Processing page 10
[2026-02-23 18:33:45] [SESSION 4] Saved 9 bids from page 10
[2026-02-23 18:33:46] [SESSION 4] Processing page 11
[2026-02-23 18:33:47] [SESSION 4] Saved 10 bids from page 11
[2026-02-23 18:33:48] [SESSION 4] Processing page 12
[2026-02-23 18:33:49] [SESSION 4] Saved 10 bids from page 12
[2026-02-23 18:33:50] [SESSION 4] Processing page 13
[2026-02-23 18:33:51] [SESSION 4] Saved 7 bids from page 13
[2026-02-23 18:33:53] [SESSION 4] Processing page 14
[2026-02-23 18:33:53] [SESSION 4] Saved 9 bids from page 14
[2026-02-23 18:33:55] [SESSION 4] Processing page 15
[2026-02-23 18:33:55] [SESSION 4] Saved 9 bids from page 15
[2026-02-23 18:33:57] [SESSION 4] Processing page 16
[2026-02-23 18:33:57] [SESSION 4] Saved 10 bids from page 16
[2026-02-23 18:33:59] [SESSION 4] Processing page 17
[2026-02-23 18:33:59] [SESSION 4] Saved 10 bids from page 17
[2026-02-23 18:34:01] [SESSION 4] Processing page 18
[2026-02-23 18:34:02] [SESSION 4] Saved 10 bids from page 18
[2026-02-23 18:34:03] [SESSION 4] Processing page 19
[2026-02-23 18:34:04] [SESSION 4] Saved 10 bids from page 19
[2026-02-23 18:34:05] [SESSION 4] Processing page 20
[2026-02-23 18:34:06] [SESSION 4] Saved 9 bids from page 20
[2026-02-23 18:34:07] [SESSION 4] Processing page 21
[2026-02-23 18:34:08] [SESSION 4] Saved 7 bids from page 21
[2026-02-23 18:34:09] [SESSION 4] Processing page 22
[2026-02-23 18:34:10] [SESSION 4] Saved 10 bids from page 22
[2026-02-23 18:34:12] [SESSION 4] Processing page 23
[2026-02-23 18:34:12] [SESSION 4] Saved 10 bids from page 23
[2026-02-23 18:34:14] [SESSION 4] Processing page 24
[2026-02-23 18:34:14] [SESSION 4] Saved 8 bids from page 24
[2026-02-23 18:34:16] [SESSION 4] Processing page 25
[2026-02-23 18:34:16] [SESSION 4] Saved 10 bids from page 25
[2026-02-23 18:34:18] [SESSION 4] Processing page 26
[2026-02-23 18:34:19] [SESSION 4] Saved 9 bids from page 26
[2026-02-23 18:34:20] [SESSION 4] Processing page 27
[2026-02-23 18:34:21] [SESSION 4] Saved 10 bids from page 27
[2026-02-23 18:34:22] [SESSION 4] Processing page 28
[2026-02-23 18:34:23] [SESSION 4] Saved 8 bids from page 28
[2026-02-23 18:34:24] [SESSION 4] Processing page 29
[2026-02-23 18:34:25] [SESSION 4] Saved 10 bids from page 29
[2026-02-23 18:34:27] [SESSION 4] Processing page 30
[2026-02-23 18:34:27] [SESSION 4] Saved 10 bids from page 30
[2026-02-23 18:34:29] [SESSION 4] Processing page 31
[2026-02-23 18:34:29] [SESSION 4] Saved 10 bids from page 31
[2026-02-23 18:34:31] [SESSION 4] Processing page 32
[2026-02-23 18:34:31] [SESSION 4] Saved 7 bids from page 32
[2026-02-23 18:34:33] [SESSION 4] Processing page 33
[2026-02-23 18:34:34] [SESSION 4] Saved 10 bids from page 33
[2026-02-23 18:34:36] [SESSION 4] Processing page 34
[2026-02-23 18:34:36] [SESSION 4] Saved 8 bids from page 34
[2026-02-23 18:34:38] [SESSION 4] Processing page 35
[2026-02-23 18:34:38] [SESSION 4] Saved 9 bids from page 35
[2026-02-23 18:34:40] [SESSION 4] Processing page 36
[2026-02-23 18:34:41] [SESSION 4] Saved 10 bids from page 36
[2026-02-23 18:34:42] [SESSION 4] Processing page 37
[2026-02-23 18:34:43] [SESSION 4] Saved 10 bids from page 37
[2026-02-23 18:34:45] [SESSION 4] Processing page 38
[2026-02-23 18:34:45] [SESSION 4] Saved 10 bids from page 38
[2026-02-23 18:34:47] [SESSION 4] Processing page 39
[2026-02-23 18:34:48] [SESSION 4] Saved 10 bids from page 39
[2026-02-23 18:34:49] [SESSION 4] Processing page 40
[2026-02-23 18:34:50] [SESSION 4] Saved 10 bids from page 40
[2026-02-23 18:34:51] [SESSION 4] Processing page 41
[2026-02-23 18:34:52] [SESSION 4] Saved 10 bids from page 41
[2026-02-23 18:34:53] [SESSION 4] Processing page 42
[2026-02-23 18:34:54] [SESSION 4] Saved 10 bids from page 42
[2026-02-23 18:34:56] [SESSION 4] Processing page 43
[2026-02-23 18:34:56] [SESSION 4] Saved 9 bids from page 43
[2026-02-23 18:34:58] [SESSION 4] Processing page 44
[2026-02-23 18:34:58] [SESSION 4] Saved 7 bids from page 44
[2026-02-23 18:35:00] [SESSION 4] Processing page 45
[2026-02-23 18:35:00] [SESSION 4] Saved 9 bids from page 45
[2026-02-23 18:35:02] [SESSION 4] Processing page 46
[2026-02-23 18:35:02] [SESSION 4] Saved 8 bids from page 46
[2026-02-23 18:35:04] [SESSION 4] Processing page 47
[2026-02-23 18:35:05] [SESSION 4] Saved 10 bids from page 47
[2026-02-23 18:35:06] [SESSION 4] Processing page 48
[2026-02-23 18:35:07] [SESSION 4] Saved 10 bids from page 48
[2026-02-23 18:35:08] [SESSION 4] Processing page 49
[2026-02-23 18:35:09] [SESSION 4] Saved 9 bids from page 49
[2026-02-23 18:35:11] [SESSION 4] Processing page 50
[2026-02-23 18:35:11] [SESSION 4] Saved 10 bids from page 50
[2026-02-23 18:35:13] [SESSION 4] Processing page 51
[2026-02-23 18:35:13] [SESSION 4] Saved 10 bids from page 51
[2026-02-23 18:35:14] [SESSION 4] Processing page 52
[2026-02-23 18:35:15] [SESSION 4] Saved 9 bids from page 52
[2026-02-23 18:35:17] [SESSION 4] Processing page 53
[2026-02-23 18:35:17] [SESSION 4] Saved 10 bids from page 53
[2026-02-23 18:35:19] [SESSION 4] Processing page 54
[2026-02-23 18:35:19] [SESSION 4] Saved 10 bids from page 54
[2026-02-23 18:35:21] [SESSION 4] Processing page 55
[2026-02-23 18:35:21] [SESSION 4] Saved 10 bids from page 55
[2026-02-23 18:35:23] [SESSION 4] Processing page 56
[2026-02-23 18:35:23] [SESSION 4] Saved 10 bids from page 56
[2026-02-23 18:35:25] [SESSION 4] Processing page 57
[2026-02-23 18:35:25] [SESSION 4] Saved 10 bids from page 57
[2026-02-23 18:35:27] [SESSION 4] Processing page 58
[2026-02-23 18:35:27] [SESSION 4] Saved 10 bids from page 58
[2026-02-23 18:35:29] [SESSION 4] Processing page 59
[2026-02-23 18:35:29] [SESSION 4] Saved 9 bids from page 59
[2026-02-23 18:35:31] [SESSION 4] Processing page 60
[2026-02-23 18:35:31] [SESSION 4] Saved 10 bids from page 60
[2026-02-23 18:35:33] [SESSION 4] Processing page 61
[2026-02-23 18:35:33] [SESSION 4] Saved 8 bids from page 61
[2026-02-23 18:35:35] [SESSION 4] Processing page 62
[2026-02-23 18:35:36] [SESSION 4] Saved 10 bids from page 62
[2026-02-23 18:35:37] [SESSION 4] Processing page 63
[2026-02-23 18:35:38] [SESSION 4] Saved 10 bids from page 63
[2026-02-23 18:35:39] [SESSION 4] Processing page 64
[2026-02-23 18:35:40] [SESSION 4] Saved 10 bids from page 64
[2026-02-23 18:35:41] [SESSION 4] Processing page 65
[2026-02-23 18:35:42] [SESSION 4] Saved 7 bids from page 65
[2026-02-23 18:35:43] [SESSION 4] Processing page 66
[2026-02-23 18:35:44] [SESSION 4] Saved 10 bids from page 66
[2026-02-23 18:35:46] [SESSION 4] Processing page 67
[2026-02-23 18:35:46] [SESSION 4] Saved 10 bids from page 67
[2026-02-23 18:35:48] [SESSION 4] Processing page 68
[2026-02-23 18:35:48] [SESSION 4] Saved 10 bids from page 68
[2026-02-23 18:35:50] [SESSION 4] Processing page 69
[2026-02-23 18:35:50] [SESSION 4] Saved 10 bids from page 69
[2026-02-23 18:35:52] [SESSION 4] Processing page 70
[2026-02-23 18:35:52] [SESSION 4] Saved 10 bids from page 70
[2026-02-23 18:35:54] [SESSION 4] Processing page 71
[2026-02-23 18:35:54] [SESSION 4] Saved 8 bids from page 71
[2026-02-23 18:35:56] [SESSION 4] Processing page 72
[2026-02-23 18:35:56] [SESSION 4] Saved 6 bids from page 72
[2026-02-23 18:35:58] [SESSION 4] Processing page 73
[2026-02-23 18:35:59] [SESSION 4] Saved 8 bids from page 73
[2026-02-23 18:36:00] [SESSION 4] Processing page 74
[2026-02-23 18:36:01] [SESSION 4] Saved 10 bids from page 74
[2026-02-23 18:36:02] [SESSION 4] Processing page 75
[2026-02-23 18:36:03] [SESSION 4] Saved 10 bids from page 75
[2026-02-23 18:36:04] [SESSION 4] Processing page 76
[2026-02-23 18:36:05] [SESSION 4] Saved 10 bids from page 76
[2026-02-23 18:36:06] [SESSION 4] Processing page 77
[2026-02-23 18:36:07] [SESSION 4] Saved 10 bids from page 77
[2026-02-23 18:36:08] [SESSION 4] Processing page 78
[2026-02-23 18:36:09] [SESSION 4] Saved 7 bids from page 78
[2026-02-23 18:36:11] [SESSION 4] Processing page 79
[2026-02-23 18:36:11] [SESSION 4] Saved 10 bids from page 79
[2026-02-23 18:36:13] [SESSION 4] Processing page 80
[2026-02-23 18:36:13] [SESSION 4] Saved 10 bids from page 80
[2026-02-23 18:36:15] [SESSION 4] Processing page 81
[2026-02-23 18:36:15] [SESSION 4] Saved 10 bids from page 81
[2026-02-23 18:36:17] [SESSION 4] Processing page 82
[2026-02-23 18:36:18] [SESSION 4] Saved 9 bids from page 82
[2026-02-23 18:36:19] [SESSION 4] Processing page 83
[2026-02-23 18:36:20] [SESSION 4] Saved 10 bids from page 83
[2026-02-23 18:36:21] [SESSION 4] Processing page 84
[2026-02-23 18:36:22] [SESSION 4] Saved 10 bids from page 84
[2026-02-23 18:36:23] [SESSION 4] Processing page 85
[2026-02-23 18:36:24] [SESSION 4] Saved 10 bids from page 85
[2026-02-23 18:36:25] [SESSION 4] Processing page 86
[2026-02-23 18:36:26] [SESSION 4] Saved 10 bids from page 86
[2026-02-23 18:36:28] [SESSION 4] Processing page 87
[2026-02-23 18:36:28] [SESSION 4] Saved 10 bids from page 87
[2026-02-23 18:36:30] [SESSION 4] Processing page 88
[2026-02-23 18:36:30] [SESSION 4] Saved 10 bids from page 88
[2026-02-23 18:36:32] [SESSION 4] Processing page 89
[2026-02-23 18:36:32] [SESSION 4] Saved 9 bids from page 89
[2026-02-23 18:36:34] [SESSION 4] Processing page 90
[2026-02-23 18:36:34] [SESSION 4] Saved 10 bids from page 90
[2026-02-23 18:36:36] [SESSION 4] Processing page 91
[2026-02-23 18:36:36] [SESSION 4] Saved 10 bids from page 91
[2026-02-23 18:36:38] [SESSION 4] Processing page 92
[2026-02-23 18:36:38] [SESSION 4] Saved 10 bids from page 92
[2026-02-23 18:36:40] [SESSION 4] Processing page 93
[2026-02-23 18:36:41] [SESSION 4] Saved 10 bids from page 93
[2026-02-23 18:36:42] [SESSION 4] Processing page 94
[2026-02-23 18:36:43] [SESSION 4] Saved 10 bids from page 94
[2026-02-23 18:36:45] [SESSION 4] Processing page 95
[2026-02-23 18:36:46] [SESSION 4] Saved 10 bids from page 95
[2026-02-23 18:36:47] [SESSION 4] Processing page 96
[2026-02-23 18:36:48] [SESSION 4] Saved 9 bids from page 96
[2026-02-23 18:36:50] [SESSION 4] Processing page 97
[2026-02-23 18:36:50] [SESSION 4] Saved 9 bids from page 97
[2026-02-23 18:36:52] [SESSION 4] Processing page 98
[2026-02-23 18:36:52] [SESSION 4] Saved 10 bids from page 98
[2026-02-23 18:36:54] [SESSION 4] Processing page 99
[2026-02-23 18:36:54] [SESSION 4] Saved 10 bids from page 99
[2026-02-23 18:36:56] [SESSION 4] Processing page 100
[2026-02-23 18:36:57] [SESSION 4] Saved 10 bids from page 100
[2026-02-23 18:36:58] [SESSION 4] Processing page 101
[2026-02-23 18:36:59] [SESSION 4] Saved 9 bids from page 101
[2026-02-23 18:37:00] [SESSION 4] Processing page 102
[2026-02-23 18:37:01] [SESSION 4] Saved 10 bids from page 102
[2026-02-23 18:37:02] [SESSION 4] Processing page 103
[2026-02-23 18:37:03] [SESSION 4] Saved 10 bids from page 103
[2026-02-23 18:37:04] [SESSION 4] Processing page 104
[2026-02-23 18:37:05] [SESSION 4] Saved 10 bids from page 104
[2026-02-23 18:37:06] [SESSION 4] Processing page 105
[2026-02-23 18:37:07] [SESSION 4] Saved 10 bids from page 105
[2026-02-23 18:37:08] [SESSION 4] Processing page 106
[2026-02-23 18:37:09] [SESSION 4] Saved 10 bids from page 106
[2026-02-23 18:37:10] [SESSION 4] Processing page 107
[2026-02-23 18:37:11] [SESSION 4] Saved 10 bids from page 107
[2026-02-23 18:37:12] [SESSION 4] Processing page 108
[2026-02-23 18:37:13] [SESSION 4] Saved 10 bids from page 108
[2026-02-23 18:37:14] [SESSION 4] Processing page 109
[2026-02-23 18:37:15] [SESSION 4] Saved 10 bids from page 109
[2026-02-23 18:37:16] [SESSION 4] Processing page 110
[2026-02-23 18:37:17] [SESSION 4] Saved 10 bids from page 110
[2026-02-23 18:37:18] [SESSION 4] Processing page 111
[2026-02-23 18:37:19] [SESSION 4] Saved 10 bids from page 111
[2026-02-23 18:37:20] [SESSION 4] Processing page 112
[2026-02-23 18:37:20] [SESSION 4] Saved 4 bids from page 112
[2026-02-23 18:37:22] [SESSION 4] Processing page 113
[2026-02-23 18:37:23] [SESSION 4] Saved 0 bids from page 113
[2026-02-23 18:37:23] [SESSION 4] Pagination completed safely.
[2026-02-23 18:37:23] [SESSION 4] Session completed: 38 new bids found, 113 pages processed
[2026-02-24 13:54:03] [SESSION 4] Starting scraper - Keyword: 'batter' | Output: gem_all_bids_session4.csv
[2026-02-24 13:54:12] [SESSION 4] Processing page 1
[2026-02-24 13:54:13] [SESSION 4] Saved 10 bids from page 1
[2026-02-24 13:54:15] [SESSION 4] Processing page 2
[2026-02-24 13:54:16] [SESSION 4] Saved 10 bids from page 2
[2026-02-24 13:54:17] [SESSION 4] Processing page 3
[2026-02-24 13:54:18] [SESSION 4] Saved 7 bids from page 3
[2026-02-24 13:54:20] [SESSION 4] Processing page 4
[2026-02-24 13:54:21] [SESSION 4] Saved 9 bids from page 4
[2026-02-24 13:54:23] [SESSION 4] Processing page 5
[2026-02-24 13:54:23] [SESSION 4] Saved 9 bids from page 5
[2026-02-24 13:54:25] [SESSION 4] Processing page 6
[2026-02-24 13:54:26] [SESSION 4] Saved 10 bids from page 6
[2026-02-24 13:54:27] [SESSION 4] Processing page 7
[2026-02-24 13:54:28] [SESSION 4] Saved 10 bids from page 7
[2026-02-24 13:54:30] [SESSION 4] Processing page 8
[2026-02-24 13:54:32] [SESSION 4] Saved 10 bids from page 8
[2026-02-24 13:54:33] [SESSION 4] Processing page 9
[2026-02-24 13:54:34] [SESSION 4] Saved 10 bids from page 9
[2026-02-24 13:54:36] [SESSION 4] Processing page 10
[2026-02-24 13:54:36] [SESSION 4] Saved 10 bids from page 10
[2026-02-24 13:54:38] [SESSION 4] Processing page 11
[2026-02-24 13:54:38] [SESSION 4] Saved 8 bids from page 11
[2026-02-24 13:54:40] [SESSION 4] Processing page 12
[2026-02-24 13:54:40] [SESSION 4] Saved 10 bids from page 12
[2026-02-24 13:54:42] [SESSION 4] Processing page 13
[2026-02-24 13:54:42] [SESSION 4] Saved 10 bids from page 13
[2026-02-24 13:54:44] [SESSION 4] Processing page 14
[2026-02-24 13:54:44] [SESSION 4] Saved 9 bids from page 14
[2026-02-24 13:54:46] [SESSION 4] Processing page 15
[2026-02-24 13:54:47] [SESSION 4] Saved 8 bids from page 15
[2026-02-24 13:54:48] [SESSION 4] Processing page 16
[2026-02-24 13:54:49] [SESSION 4] Saved 9 bids from page 16
[2026-02-24 13:54:50] [SESSION 4] Processing page 17
[2026-02-24 13:54:51] [SESSION 4] Saved 10 bids from page 17
[2026-02-24 13:54:53] [SESSION 4] Processing page 18
[2026-02-24 13:54:54] [SESSION 4] Saved 9 bids from page 18
[2026-02-24 13:54:56] [SESSION 4] Processing page 19
[2026-02-24 13:54:56] [SESSION 4] Saved 9 bids from page 19
[2026-02-24 13:54:58] [SESSION 4] Processing page 20
[2026-02-24 13:54:59] [SESSION 4] Saved 10 bids from page 20
[2026-02-24 13:55:01] [SESSION 4] Processing page 21
[2026-02-24 13:55:01] [SESSION 4] Saved 10 bids from page 21
[2026-02-24 13:55:03] [SESSION 4] Processing page 22
[2026-02-24 13:55:04] [SESSION 4] Saved 10 bids from page 22
[2026-02-24 13:55:05] [SESSION 4] Processing page 23
[2026-02-24 13:55:06] [SESSION 4] Saved 9 bids from page 23
[2026-02-24 13:55:08] [SESSION 4] Processing page 24
[2026-02-24 13:55:08] [SESSION 4] Saved 10 bids from page 24
[2026-02-24 13:55:10] [SESSION 4] Processing page 25
[2026-02-24 13:55:11] [SESSION 4] Saved 8 bids from page 25
[2026-02-24 13:55:12] [SESSION 4] Processing page 26
[2026-02-24 13:55:13] [SESSION 4] Saved 10 bids from page 26
[2026-02-24 13:55:15] [SESSION 4] Processing page 27
[2026-02-24 13:55:15] [SESSION 4] Saved 10 bids from page 27
[2026-02-24 13:55:17] [SESSION 4] Processing page 28
[2026-02-24 13:55:19] [SESSION 4] Saved 8 bids from page 28
[2026-02-24 13:55:21] [SESSION 4] Processing page 29
[2026-02-24 13:55:22] [SESSION 4] Saved 9 bids from page 29
[2026-02-24 13:55:23] [SESSION 4] Processing page 30
[2026-02-24 13:55:24] [SESSION 4] Saved 10 bids from page 30
[2026-02-24 13:55:25] [SESSION 4] Processing page 31
[2026-02-24 13:55:26] [SESSION 4] Saved 10 bids from page 31
[2026-02-24 13:55:27] [SESSION 4] Processing page 32
[2026-02-24 13:55:28] [SESSION 4] Saved 8 bids from page 32
[2026-02-24 13:55:30] [SESSION 4] Processing page 33
[2026-02-24 13:55:30] [SESSION 4] Saved 10 bids from page 33
[2026-02-24 13:55:32] [SESSION 4] Processing page 34
[2026-02-24 13:55:32] [SESSION 4] Saved 10 bids from page 34
[2026-02-24 13:55:34] [SESSION 4] Processing page 35
[2026-02-24 13:55:35] [SESSION 4] Saved 10 bids from page 35
[2026-02-24 13:55:36] [SESSION 4] Processing page 36
[2026-02-24 13:55:39] [SESSION 4] Saved 10 bids from page 36
[2026-02-24 13:55:41] [SESSION 4] Processing page 37
[2026-02-24 13:55:42] [SESSION 4] Saved 10 bids from page 37
[2026-02-24 13:55:44] [SESSION 4] Processing page 38
[2026-02-24 13:55:44] [SESSION 4] Saved 7 bids from page 38
[2026-02-24 13:55:46] [SESSION 4] Processing page 39
[2026-02-24 13:55:47] [SESSION 4] Saved 10 bids from page 39
[2026-02-24 13:55:49] [SESSION 4] Processing page 40
[2026-02-24 13:55:50] [SESSION 4] Saved 10 bids from page 40
[2026-02-24 13:55:52] [SESSION 4] Processing page 41
[2026-02-24 13:55:53] [SESSION 4] Saved 10 bids from page 41
[2026-02-24 13:55:54] [SESSION 4] Processing page 42
[2026-02-24 13:55:55] [SESSION 4] Saved 9 bids from page 42
[2026-02-24 13:55:56] [SESSION 4] Processing page 43
[2026-02-24 13:55:57] [SESSION 4] Saved 10 bids from page 43
[2026-02-24 13:55:59] [SESSION 4] Processing page 44
[2026-02-24 13:55:59] [SESSION 4] Saved 10 bids from page 44
[2026-02-24 13:56:00] [SESSION 4] Processing page 45
[2026-02-24 13:56:01] [SESSION 4] Saved 9 bids from page 45
[2026-02-24 13:56:03] [SESSION 4] Processing page 46
[2026-02-24 13:56:03] [SESSION 4] Saved 10 bids from page 46
[2026-02-24 13:56:05] [SESSION 4] Processing page 47
[2026-02-24 13:56:06] [SESSION 4] Saved 10 bids from page 47
[2026-02-24 13:56:08] [SESSION 4] Processing page 48
[2026-02-24 13:56:09] [SESSION 4] Saved 10 bids from page 48
[2026-02-24 13:56:11] [SESSION 4] Processing page 49
[2026-02-24 13:56:12] [SESSION 4] Saved 10 bids from page 49
[2026-02-24 13:56:14] [SESSION 4] Processing page 50
[2026-02-24 13:56:15] [SESSION 4] Saved 10 bids from page 50
[2026-02-24 13:56:16] [SESSION 4] Processing page 51
[2026-02-24 13:56:17] [SESSION 4] Saved 10 bids from page 51
[2026-02-24 13:56:18] [SESSION 4] Processing page 52
[2026-02-24 13:56:19] [SESSION 4] Saved 10 bids from page 52
[2026-02-24 13:56:21] [SESSION 4] Processing page 53
[2026-02-24 13:56:22] [SESSION 4] Saved 10 bids from page 53
[2026-02-24 13:56:24] [SESSION 4] Processing page 54
[2026-02-24 13:56:24] [SESSION 4] Saved 8 bids from page 54
[2026-02-24 13:56:26] [SESSION 4] Processing page 55
[2026-02-24 13:56:26] [SESSION 4] Saved 10 bids from page 55
[2026-02-24 13:56:28] [SESSION 4] Processing page 56
[2026-02-24 13:56:28] [SESSION 4] Saved 9 bids from page 56
[2026-02-24 13:56:30] [SESSION 4] Processing page 57
[2026-02-24 13:56:31] [SESSION 4] Saved 9 bids from page 57
[2026-02-24 13:56:32] [SESSION 4] Processing page 58
[2026-02-24 13:56:33] [SESSION 4] Saved 9 bids from page 58
[2026-02-24 13:56:34] [SESSION 4] Processing page 59
[2026-02-24 13:56:35] [SESSION 4] Saved 9 bids from page 59
[2026-02-24 13:56:37] [SESSION 4] Processing page 60
[2026-02-24 13:56:37] [SESSION 4] Saved 10 bids from page 60
[2026-02-24 13:56:39] [SESSION 4] Processing page 61
[2026-02-24 13:56:40] [SESSION 4] Saved 10 bids from page 61
[2026-02-24 13:56:41] [SESSION 4] Processing page 62
[2026-02-24 13:56:42] [SESSION 4] Saved 9 bids from page 62
[2026-02-24 13:56:44] [SESSION 4] Processing page 63
[2026-02-24 13:56:45] [SESSION 4] Saved 10 bids from page 63
[2026-02-24 13:56:46] [SESSION 4] Processing page 64
[2026-02-24 13:56:47] [SESSION 4] Saved 10 bids from page 64
[2026-02-24 13:56:48] [SESSION 4] Processing page 65
[2026-02-24 13:56:49] [SESSION 4] Saved 10 bids from page 65
[2026-02-24 13:56:51] [SESSION 4] Processing page 66
[2026-02-24 13:56:51] [SESSION 4] Saved 9 bids from page 66
[2026-02-24 13:56:53] [SESSION 4] Processing page 67
[2026-02-24 13:56:53] [SESSION 4] Saved 9 bids from page 67
[2026-02-24 13:56:55] [SESSION 4] Processing page 68
[2026-02-24 13:56:56] [SESSION 4] Saved 10 bids from page 68
[2026-02-24 13:56:58] [SESSION 4] Processing page 69
[2026-02-24 13:56:59] [SESSION 4] Saved 10 bids from page 69
[2026-02-24 13:57:01] [SESSION 4] Processing page 70
[2026-02-24 13:57:02] [SESSION 4] Saved 10 bids from page 70
[2026-02-24 13:57:03] [SESSION 4] Processing page 71
[2026-02-24 13:57:04] [SESSION 4] Saved 10 bids from page 71
[2026-02-24 13:57:05] [SESSION 4] Processing page 72
[2026-02-24 13:57:06] [SESSION 4] Saved 10 bids from page 72
[2026-02-24 13:57:08] [SESSION 4] Processing page 73
[2026-02-24 13:57:08] [SESSION 4] Saved 10 bids from page 73
[2026-02-24 13:57:10] [SESSION 4] Processing page 74
[2026-02-24 13:57:11] [SESSION 4] Saved 10 bids from page 74
[2026-02-24 13:57:12] [SESSION 4] Processing page 75
[2026-02-24 13:57:13] [SESSION 4] Saved 10 bids from page 75
[2026-02-24 13:57:15] [SESSION 4] Processing page 76
[2026-02-24 13:57:16] [SESSION 4] Saved 10 bids from page 76
[2026-02-24 13:57:17] [SESSION 4] Processing page 77
[2026-02-24 13:57:18] [SESSION 4] Saved 10 bids from page 77
[2026-02-24 13:57:19] [SESSION 4] Processing page 78
[2026-02-24 13:57:20] [SESSION 4] Saved 10 bids from page 78
[2026-02-24 13:57:21] [SESSION 4] Processing page 79
[2026-02-24 13:57:22] [SESSION 4] Saved 9 bids from page 79
[2026-02-24 13:57:23] [SESSION 4] Processing page 80
[2026-02-24 13:57:24] [SESSION 4] Saved 10 bids from page 80
[2026-02-24 13:57:26] [SESSION 4] Processing page 81
[2026-02-24 13:57:26] [SESSION 4] Saved 10 bids from page 81
[2026-02-24 13:57:28] [SESSION 4] Processing page 82
[2026-02-24 13:57:28] [SESSION 4] Saved 10 bids from page 82
[2026-02-24 13:57:30] [SESSION 4] Processing page 83
[2026-02-24 13:57:31] [SESSION 4] Saved 10 bids from page 83
[2026-02-24 13:57:32] [SESSION 4] Processing page 84
[2026-02-24 13:57:33] [SESSION 4] Saved 10 bids from page 84
[2026-02-24 13:57:35] [SESSION 4] Processing page 85
[2026-02-24 13:57:36] [SESSION 4] Saved 10 bids from page 85
[2026-02-24 13:57:38] [SESSION 4] Processing page 86
[2026-02-24 13:57:38] [SESSION 4] Saved 10 bids from page 86
[2026-02-24 13:57:40] [SESSION 4] Processing page 87
[2026-02-24 13:57:41] [SESSION 4] Saved 10 bids from page 87
[2026-02-24 13:57:42] [SESSION 4] Processing page 88
[2026-02-24 13:57:43] [SESSION 4] Saved 10 bids from page 88
[2026-02-24 13:57:44] [SESSION 4] Processing page 89
[2026-02-24 13:57:45] [SESSION 4] Saved 10 bids from page 89
[2026-02-24 13:57:47] [SESSION 4] Processing page 90
[2026-02-24 13:57:47] [SESSION 4] Saved 10 bids from page 90
[2026-02-24 13:57:49] [SESSION 4] Processing page 91
[2026-02-24 13:57:49] [SESSION 4] Saved 10 bids from page 91
[2026-02-24 13:57:51] [SESSION 4] Processing page 92
[2026-02-24 13:57:51] [SESSION 4] Saved 10 bids from page 92
[2026-02-24 13:57:53] [SESSION 4] Processing page 93
[2026-02-24 13:57:54] [SESSION 4] Saved 10 bids from page 93
[2026-02-24 13:57:57] [SESSION 4] Processing page 94
[2026-02-24 13:57:58] [SESSION 4] Saved 10 bids from page 94
[2026-02-24 13:57:59] [SESSION 4] Processing page 95
[2026-02-24 13:58:00] [SESSION 4] Saved 10 bids from page 95
[2026-02-24 13:58:02] [SESSION 4] Processing page 96
[2026-02-24 13:58:04] [SESSION 4] Saved 10 bids from page 96
[2026-02-24 13:58:06] [SESSION 4] Processing page 97
[2026-02-24 13:58:06] [SESSION 4] Saved 10 bids from page 97
[2026-02-24 13:58:08] [SESSION 4] Processing page 98
[2026-02-24 13:58:08] [SESSION 4] Saved 10 bids from page 98
[2026-02-24 13:58:10] [SESSION 4] Processing page 99
[2026-02-24 13:58:10] [SESSION 4] Saved 10 bids from page 99
[2026-02-24 13:58:12] [SESSION 4] Processing page 100
[2026-02-24 13:58:13] [SESSION 4] Saved 10 bids from page 100
[2026-02-24 13:58:15] [SESSION 4] Processing page 101
[2026-02-24 13:58:15] [SESSION 4] Saved 10 bids from page 101
[2026-02-24 13:58:17] [SESSION 4] Processing page 102
[2026-02-24 13:58:18] [SESSION 4] Saved 10 bids from page 102
[2026-02-24 13:58:19] [SESSION 4] Processing page 103
[2026-02-24 13:58:20] [SESSION 4] Saved 10 bids from page 103
[2026-02-24 13:58:21] [SESSION 4] Processing page 104
[2026-02-24 13:58:22] [SESSION 4] Saved 10 bids from page 104
[2026-02-24 13:58:23] [SESSION 4] Processing page 105
[2026-02-24 13:58:24] [SESSION 4] Saved 10 bids from page 105
[2026-02-24 13:58:25] [SESSION 4] Processing page 106
[2026-02-24 13:58:26] [SESSION 4] Saved 10 bids from page 106
[2026-02-24 13:58:27] [SESSION 4] Processing page 107
[2026-02-24 13:58:28] [SESSION 4] Saved 10 bids from page 107
[2026-02-24 13:58:30] [SESSION 4] Processing page 108
[2026-02-24 13:58:30] [SESSION 4] Saved 10 bids from page 108
[2026-02-24 13:58:32] [SESSION 4] Processing page 109
[2026-02-24 13:58:32] [SESSION 4] Saved 10 bids from page 109
[2026-02-24 13:58:34] [SESSION 4] Processing page 110
[2026-02-24 13:58:34] [SESSION 4] Saved 9 bids from page 110
[2026-02-24 13:58:36] [SESSION 4] Processing page 111
[2026-02-24 13:58:37] [SESSION 4] Saved 0 bids from page 111
[2026-02-24 13:58:37] [SESSION 4] Pagination completed safely.
[2026-02-24 13:58:37] [SESSION 4] Session completed: 61 new bids found, 111 pages processed
[2026-02-24 14:03:10] [SESSION 4] Starting scraper - Keyword: 'batter' | Output: gem_all_bids_session4.csv
[2026-02-24 14:03:22] [SESSION 4] Processing page 1
[2026-02-24 14:03:23] [SESSION 4] Saved 10 bids from page 1
[2026-02-24 14:03:25] [SESSION 4] Processing page 2
[2026-02-24 14:03:26] [SESSION 4] Saved 7 bids from page 2
[2026-02-24 14:03:28] [SESSION 4] Processing page 3
[2026-02-24 14:03:28] [SESSION 4] Saved 10 bids from page 3
[2026-02-24 14:03:30] [SESSION 4] Processing page 4
[2026-02-24 14:03:31] [SESSION 4] Saved 10 bids from page 4
[2026-02-24 14:03:32] [SESSION 4] Processing page 5
[2026-02-24 14:03:33] [SESSION 4] Saved 10 bids from page 5
[2026-02-24 14:03:34] [SESSION 4] Processing page 6
[2026-02-24 14:03:35] [SESSION 4] Saved 10 bids from page 6
[2026-02-24 14:03:37] [SESSION 4] Processing page 7
[2026-02-24 14:03:37] [SESSION 4] Saved 10 bids from page 7
[2026-02-24 14:03:39] [SESSION 4] Processing page 8
[2026-02-24 14:03:40] [SESSION 4] Saved 10 bids from page 8
[2026-02-24 14:03:41] [SESSION 4] Processing page 9
[2026-02-24 14:03:42] [SESSION 4] Saved 10 bids from page 9
[2026-02-24 14:03:43] [SESSION 4] Processing page 10
[2026-02-24 14:03:44] [SESSION 4] Saved 8 bids from page 10
[2026-02-24 14:03:46] [SESSION 4] Processing page 11
[2026-02-24 14:03:46] [SESSION 4] Saved 8 bids from page 11
[2026-02-24 14:03:48] [SESSION 4] Processing page 12
[2026-02-24 14:03:49] [SESSION 4] Saved 10 bids from page 12
[2026-02-24 14:03:50] [SESSION 4] Processing page 13
[2026-02-24 14:03:51] [SESSION 4] Saved 10 bids from page 13
[2026-02-24 14:03:53] [SESSION 4] Processing page 14
[2026-02-24 14:03:54] [SESSION 4] Saved 10 bids from page 14
[2026-02-24 14:03:56] [SESSION 4] Processing page 15
[2026-02-24 14:03:57] [SESSION 4] Saved 9 bids from page 15
[2026-02-24 14:03:58] [SESSION 4] Processing page 16
[2026-02-24 14:03:59] [SESSION 4] Saved 10 bids from page 16
[2026-02-24 14:04:00] [SESSION 4] Processing page 17
[2026-02-24 14:04:01] [SESSION 4] Saved 10 bids from page 17
[2026-02-24 14:04:02] [SESSION 4] Processing page 18
[2026-02-24 14:04:03] [SESSION 4] Saved 10 bids from page 18
[2026-02-24 14:04:04] [SESSION 4] Processing page 19
[2026-02-24 14:04:05] [SESSION 4] Saved 10 bids from page 19
[2026-02-24 14:04:06] [SESSION 4] Processing page 20
[2026-02-24 14:04:07] [SESSION 4] Saved 10 bids from page 20
[2026-02-24 14:04:09] [SESSION 4] Processing page 21
[2026-02-24 14:04:10] [SESSION 4] Saved 10 bids from page 21
[2026-02-24 14:04:11] [SESSION 4] Processing page 22
[2026-02-24 14:04:12] [SESSION 4] Saved 7 bids from page 22
[2026-02-24 14:04:13] [SESSION 4] Processing page 23
[2026-02-24 14:04:14] [SESSION 4] Saved 10 bids from page 23
[2026-02-24 14:04:16] [SESSION 4] Processing page 24
[2026-02-24 14:04:16] [SESSION 4] Saved 10 bids from page 24
[2026-02-24 14:04:18] [SESSION 4] Processing page 25
[2026-02-24 14:04:19] [SESSION 4] Saved 10 bids from page 25
[2026-02-24 14:04:20] [SESSION 4] Processing page 26
[2026-02-24 14:04:21] [SESSION 4] Saved 10 bids from page 26
[2026-02-24 14:04:22] [SESSION 4] Processing page 27
[2026-02-24 14:04:23] [SESSION 4] Saved 10 bids from page 27
[2026-02-24 14:04:24] [SESSION 4] Processing page 28
[2026-02-24 14:04:25] [SESSION 4] Saved 9 bids from page 28
[2026-02-24 14:04:27] [SESSION 4] Processing page 29
[2026-02-24 14:04:28] [SESSION 4] Saved 9 bids from page 29
[2026-02-24 14:04:30] [SESSION 4] Processing page 30
[2026-02-24 14:04:31] [SESSION 4] Saved 10 bids from page 30
[2026-02-24 14:04:33] [SESSION 4] Processing page 31
[2026-02-24 14:04:34] [SESSION 4] Saved 10 bids from page 31
[2026-02-24 14:04:36] [SESSION 4] Processing page 32
[2026-02-24 14:04:37] [SESSION 4] Saved 10 bids from page 32
[2026-02-24 14:04:38] [SESSION 4] Processing page 33
[2026-02-24 14:04:40] [SESSION 4] Saved 10 bids from page 33
[2026-02-24 14:04:42] [SESSION 4] Processing page 34
[2026-02-24 14:04:43] [SESSION 4] Saved 10 bids from page 34
[2026-02-24 14:04:44] [SESSION 4] Processing page 35
[2026-02-24 14:04:45] [SESSION 4] Saved 10 bids from page 35
[2026-02-24 14:04:47] [SESSION 4] Processing page 36
[2026-02-24 14:04:48] [SESSION 4] Saved 7 bids from page 36
[2026-02-24 14:04:50] [SESSION 4] Processing page 37
[2026-02-24 14:04:50] [SESSION 4] Saved 7 bids from page 37
[2026-02-24 14:04:52] [SESSION 4] Processing page 38
[2026-02-24 14:04:53] [SESSION 4] Saved 10 bids from page 38
[2026-02-24 14:04:55] [SESSION 4] Processing page 39
[2026-02-24 14:04:55] [SESSION 4] Saved 10 bids from page 39
[2026-02-24 14:04:57] [SESSION 4] Processing page 40
[2026-02-24 14:04:58] [SESSION 4] Saved 8 bids from page 40
[2026-02-24 14:04:59] [SESSION 4] Processing page 41
[2026-02-24 14:05:00] [SESSION 4] Saved 10 bids from page 41
[2026-02-24 14:05:01] [SESSION 4] Processing page 42
[2026-02-24 14:05:02] [SESSION 4] Saved 10 bids from page 42
[2026-02-24 14:05:04] [SESSION 4] Processing page 43
[2026-02-24 14:05:04] [SESSION 4] Saved 10 bids from page 43
[2026-02-24 14:05:06] [SESSION 4] Processing page 44
[2026-02-24 14:05:06] [SESSION 4] Saved 9 bids from page 44
[2026-02-24 14:05:08] [SESSION 4] Processing page 45
[2026-02-24 14:05:08] [SESSION 4] Saved 8 bids from page 45
[2026-02-24 14:05:10] [SESSION 4] Processing page 46
[2026-02-24 14:05:10] [SESSION 4] Saved 10 bids from page 46
[2026-02-24 14:05:13] [SESSION 4] Processing page 47
[2026-02-24 14:05:13] [SESSION 4] Saved 10 bids from page 47
[2026-02-24 14:05:15] [SESSION 4] Processing page 48
[2026-02-24 14:05:15] [SESSION 4] Saved 10 bids from page 48
[2026-02-24 14:05:17] [SESSION 4] Processing page 49
[2026-02-24 14:05:17] [SESSION 4] Saved 9 bids from page 49
[2026-02-24 14:05:19] [SESSION 4] Processing page 50
[2026-02-24 14:05:19] [SESSION 4] Saved 9 bids from page 50
[2026-02-24 14:05:21] [SESSION 4] Processing page 51
[2026-02-24 14:05:21] [SESSION 4] Saved 10 bids from page 51
[2026-02-24 14:05:23] [SESSION 4] Processing page 52
[2026-02-24 14:05:23] [SESSION 4] Saved 10 bids from page 52
[2026-02-24 14:05:25] [SESSION 4] Processing page 53
[2026-02-24 14:05:25] [SESSION 4] Saved 6 bids from page 53
[2026-02-24 14:05:27] [SESSION 4] Processing page 54
[2026-02-24 14:05:28] [SESSION 4] Saved 10 bids from page 54
[2026-02-24 14:05:29] [SESSION 4] Processing page 55
[2026-02-24 14:05:30] [SESSION 4] Saved 8 bids from page 55
[2026-02-24 14:05:31] [SESSION 4] Processing page 56
[2026-02-24 14:05:32] [SESSION 4] Saved 10 bids from page 56
[2026-02-24 14:05:34] [SESSION 4] Processing page 57
[2026-02-24 14:05:34] [SESSION 4] Saved 8 bids from page 57
[2026-02-24 14:05:36] [SESSION 4] Processing page 58
[2026-02-24 14:05:36] [SESSION 4] Saved 10 bids from page 58
[2026-02-24 14:05:38] [SESSION 4] Processing page 59
[2026-02-24 14:05:39] [SESSION 4] Saved 6 bids from page 59
[2026-02-24 14:05:41] [SESSION 4] Processing page 60
[2026-02-24 14:05:41] [SESSION 4] Saved 10 bids from page 60
[2026-02-24 14:05:43] [SESSION 4] Processing page 61
[2026-02-24 14:05:44] [SESSION 4] Saved 10 bids from page 61
[2026-02-24 14:05:45] [SESSION 4] Processing page 62
[2026-02-24 14:05:46] [SESSION 4] Saved 10 bids from page 62
[2026-02-24 14:05:48] [SESSION 4] Processing page 63
[2026-02-24 14:05:49] [SESSION 4] Saved 9 bids from page 63
[2026-02-24 14:05:50] [SESSION 4] Processing page 64
[2026-02-24 14:05:51] [SESSION 4] Saved 8 bids from page 64
[2026-02-24 14:06:54] [SESSION 4] Pagination stalled. Retrying.
[2026-02-24 14:06:54] [SESSION 4] Processing page 65
[2026-02-24 14:06:55] [SESSION 4] Saved 9 bids from page 65
[2026-02-24 14:06:57] [SESSION 4] Processing page 66
[2026-02-24 14:06:58] [SESSION 4] Saved 10 bids from page 66
[2026-02-24 14:06:59] [SESSION 4] Processing page 67
[2026-02-24 14:07:00] [SESSION 4] Saved 10 bids from page 67
[2026-02-24 14:07:02] [SESSION 4] Processing page 68
[2026-02-24 14:07:02] [SESSION 4] Saved 9 bids from page 68
[2026-02-24 14:07:04] [SESSION 4] Processing page 69
[2026-02-24 14:07:05] [SESSION 4] Saved 10 bids from page 69
[2026-02-24 14:07:06] [SESSION 4] Processing page 70
[2026-02-24 14:07:07] [SESSION 4] Saved 10 bids from page 70
[2026-02-24 14:07:09] [SESSION 4] Processing page 71
[2026-02-24 14:07:09] [SESSION 4] Saved 10 bids from page 71
[2026-02-24 14:07:11] [SESSION 4] Processing page 72
[2026-02-24 14:07:12] [SESSION 4] Saved 9 bids from page 72
[2026-02-24 14:07:13] [SESSION 4] Processing page 73
[2026-02-24 14:07:14] [SESSION 4] Saved 10 bids from page 73
[2026-02-24 14:07:16] [SESSION 4] Processing page 74
[2026-02-24 14:07:16] [SESSION 4] Saved 10 bids from page 74
[2026-02-24 14:07:18] [SESSION 4] Processing page 75
[2026-02-24 14:07:19] [SESSION 4] Saved 10 bids from page 75
[2026-02-24 14:07:20] [SESSION 4] Processing page 76
[2026-02-24 14:07:21] [SESSION 4] Saved 10 bids from page 76
[2026-02-24 14:07:22] [SESSION 4] Processing page 77
[2026-02-24 14:07:23] [SESSION 4] Saved 10 bids from page 77
[2026-02-24 14:07:24] [SESSION 4] Processing page 78
[2026-02-24 14:07:25] [SESSION 4] Saved 10 bids from page 78
[2026-02-24 14:07:27] [SESSION 4] Processing page 79
[2026-02-24 14:07:27] [SESSION 4] Saved 10 bids from page 79
[2026-02-24 14:07:29] [SESSION 4] Processing page 80
[2026-02-24 14:07:29] [SESSION 4] Saved 10 bids from page 80
[2026-02-24 14:07:31] [SESSION 4] Processing page 81
[2026-02-24 14:07:31] [SESSION 4] Saved 9 bids from page 81
[2026-02-24 14:07:33] [SESSION 4] Processing page 82
[2026-02-24 14:07:33] [SESSION 4] Saved 10 bids from page 82
[2026-02-24 14:07:35] [SESSION 4] Processing page 83
[2026-02-24 14:07:36] [SESSION 4] Saved 10 bids from page 83
[2026-02-24 14:07:38] [SESSION 4] Processing page 84
[2026-02-24 14:07:38] [SESSION 4] Saved 10 bids from page 84
[2026-02-24 14:07:40] [SESSION 4] Processing page 85
[2026-02-24 14:07:40] [SESSION 4] Saved 10 bids from page 85
[2026-02-24 14:07:42] [SESSION 4] Processing page 86
[2026-02-24 14:07:42] [SESSION 4] Saved 10 bids from page 86
[2026-02-24 14:07:44] [SESSION 4] Processing page 87
[2026-02-24 14:07:44] [SESSION 4] Saved 10 bids from page 87
[2026-02-24 14:07:46] [SESSION 4] Processing page 88
[2026-02-24 14:07:47] [SESSION 4] Saved 10 bids from page 88
[2026-02-24 14:07:50] [SESSION 4] Processing page 89
[2026-02-24 14:07:50] [SESSION 4] Saved 10 bids from page 89
[2026-02-24 14:07:52] [SESSION 4] Processing page 90
[2026-02-24 14:07:52] [SESSION 4] Saved 10 bids from page 90
[2026-02-24 14:07:54] [SESSION 4] Processing page 91
[2026-02-24 14:07:54] [SESSION 4] Saved 10 bids from page 91
[2026-02-24 14:07:56] [SESSION 4] Processing page 92
[2026-02-24 14:07:56] [SESSION 4] Saved 10 bids from page 92
[2026-02-24 14:07:58] [SESSION 4] Processing page 93
[2026-02-24 14:07:58] [SESSION 4] Saved 10 bids from page 93
[2026-02-24 14:08:00] [SESSION 4] Processing page 94
[2026-02-24 14:08:00] [SESSION 4] Saved 10 bids from page 94
[2026-02-24 14:08:02] [SESSION 4] Processing page 95
[2026-02-24 14:08:03] [SESSION 4] Saved 9 bids from page 95
[2026-02-24 14:08:04] [SESSION 4] Processing page 96
[2026-02-24 14:08:05] [SESSION 4] Saved 10 bids from page 96
[2026-02-24 14:08:07] [SESSION 4] Processing page 97
[2026-02-24 14:08:07] [SESSION 4] Saved 10 bids from page 97
[2026-02-24 14:08:09] [SESSION 4] Processing page 98
[2026-02-24 14:08:09] [SESSION 4] Saved 10 bids from page 98
[2026-02-24 14:08:11] [SESSION 4] Processing page 99
[2026-02-24 14:08:11] [SESSION 4] Saved 10 bids from page 99
[2026-02-24 14:08:13] [SESSION 4] Processing page 100
[2026-02-24 14:08:14] [SESSION 4] Saved 10 bids from page 100
[2026-02-24 14:08:15] [SESSION 4] Processing page 101
[2026-02-24 14:08:16] [SESSION 4] Saved 10 bids from page 101
[2026-02-24 14:08:17] [SESSION 4] Processing page 102
[2026-02-24 14:08:18] [SESSION 4] Saved 10 bids from page 102
[2026-02-24 14:08:19] [SESSION 4] Processing page 103
[2026-02-24 14:08:20] [SESSION 4] Saved 9 bids from page 103
[2026-02-24 14:08:21] [SESSION 4] Processing page 104
[2026-02-24 14:08:22] [SESSION 4] Saved 10 bids from page 104
[2026-02-24 14:08:24] [SESSION 4] Processing page 105
[2026-02-24 14:08:24] [SESSION 4] Saved 10 bids from page 105
[2026-02-24 14:08:26] [SESSION 4] Processing page 106
[2026-02-24 14:08:26] [SESSION 4] Saved 9 bids from page 106
[2026-02-24 14:08:28] [SESSION 4] Processing page 107
[2026-02-24 14:08:29] [SESSION 4] Saved 9 bids from page 107
[2026-02-24 14:08:30] [SESSION 4] Processing page 108
[2026-02-24 14:08:31] [SESSION 4] Saved 10 bids from page 108
[2026-02-24 14:08:32] [SESSION 4] Processing page 109
[2026-02-24 14:08:33] [SESSION 4] Saved 10 bids from page 109
[2026-02-24 14:08:34] [SESSION 4] Processing page 110
[2026-02-24 14:08:35] [SESSION 4] Saved 10 bids from page 110
[2026-02-24 14:08:36] [SESSION 4] Processing page 111
[2026-02-24 14:08:36] [SESSION 4] Saved 4 bids from page 111
[2026-02-24 14:08:38] [SESSION 4] Processing page 112
[2026-02-24 14:08:39] [SESSION 4] Saved 0 bids from page 112
[2026-02-24 14:08:39] [SESSION 4] Pagination completed safely.
[2026-02-24 14:08:42] [SESSION 4] Session completed: 3 new bids found, 112 pages processed
[2026-02-25 18:25:18] [SESSION 4] Starting scraper - Keyword: 'batter' | Output: gem_all_bids_session4.csv
[2026-02-25 18:25:29] [SESSION 4] Processing page 1
[2026-02-25 18:25:30] [SESSION 4] Saved 10 bids from page 1
[2026-02-25 18:25:33] [SESSION 4] Processing page 2
[2026-02-25 18:25:34] [SESSION 4] Saved 10 bids from page 2
[2026-02-25 18:25:36] [SESSION 4] Processing page 3
[2026-02-25 18:25:36] [SESSION 4] Saved 10 bids from page 3
[2026-02-25 18:25:38] [SESSION 4] Processing page 4
[2026-02-25 18:25:38] [SESSION 4] Saved 10 bids from page 4
[2026-02-25 18:25:40] [SESSION 4] Processing page 5
[2026-02-25 18:25:41] [SESSION 4] Saved 10 bids from page 5
[2026-02-25 18:25:42] [SESSION 4] Processing page 6
[2026-02-25 18:25:43] [SESSION 4] Saved 10 bids from page 6
[2026-02-25 18:25:45] [SESSION 4] Processing page 7
[2026-02-25 18:25:45] [SESSION 4] Saved 10 bids from page 7
[2026-02-25 18:25:47] [SESSION 4] Processing page 8
[2026-02-25 18:25:47] [SESSION 4] Saved 10 bids from page 8
[2026-02-25 18:25:50] [SESSION 4] Processing page 9
[2026-02-25 18:25:50] [SESSION 4] Saved 10 bids from page 9
[2026-02-25 18:25:52] [SESSION 4] Processing page 10
[2026-02-25 18:25:52] [SESSION 4] Saved 10 bids from page 10
[2026-02-25 18:25:54] [SESSION 4] Processing page 11
[2026-02-25 18:25:54] [SESSION 4] Saved 10 bids from page 11
[2026-02-25 18:25:56] [SESSION 4] Processing page 12
[2026-02-25 18:25:57] [SESSION 4] Saved 10 bids from page 12
[2026-02-25 18:25:58] [SESSION 4] Processing page 13
[2026-02-25 18:25:59] [SESSION 4] Saved 10 bids from page 13
[2026-02-25 18:26:01] [SESSION 4] Processing page 14
[2026-02-25 18:26:01] [SESSION 4] Saved 10 bids from page 14
[2026-02-25 18:26:03] [SESSION 4] Processing page 15
[2026-02-25 18:26:04] [SESSION 4] Saved 10 bids from page 15
[2026-02-25 18:26:06] [SESSION 4] Processing page 16
[2026-02-25 18:26:07] [SESSION 4] Saved 10 bids from page 16
[2026-02-25 18:26:08] [SESSION 4] Processing page 17
[2026-02-25 18:26:09] [SESSION 4] Saved 10 bids from page 17
[2026-02-25 18:26:11] [SESSION 4] Processing page 18
[2026-02-25 18:26:11] [SESSION 4] Saved 9 bids from page 18
[2026-02-25 18:26:13] [SESSION 4] Processing page 19
[2026-02-25 18:26:14] [SESSION 4] Saved 8 bids from page 19
[2026-02-25 18:26:15] [SESSION 4] Processing page 20
[2026-02-25 18:26:16] [SESSION 4] Saved 7 bids from page 20
[2026-02-25 18:26:18] [SESSION 4] Processing page 21
[2026-02-25 18:26:19] [SESSION 4] Saved 8 bids from page 21
[2026-02-25 18:26:21] [SESSION 4] Processing page 22
[2026-02-25 18:26:21] [SESSION 4] Saved 10 bids from page 22
[2026-02-25 18:26:23] [SESSION 4] Processing page 23
[2026-02-25 18:26:23] [SESSION 4] Saved 10 bids from page 23
[2026-02-25 18:26:25] [SESSION 4] Processing page 24
[2026-02-25 18:26:25] [SESSION 4] Saved 8 bids from page 24
[2026-02-25 18:26:27] [SESSION 4] Processing page 25
[2026-02-25 18:26:27] [SESSION 4] Saved 10 bids from page 25
[2026-02-25 18:26:29] [SESSION 4] Processing page 26
[2026-02-25 18:26:29] [SESSION 4] Saved 9 bids from page 26
[2026-02-25 18:26:31] [SESSION 4] Processing page 27
[2026-02-25 18:26:31] [SESSION 4] Saved 9 bids from page 27
[2026-02-25 18:26:33] [SESSION 4] Processing page 28
[2026-02-25 18:26:34] [SESSION 4] Saved 10 bids from page 28
[2026-02-25 18:26:35] [SESSION 4] Processing page 29
[2026-02-25 18:26:36] [SESSION 4] Saved 10 bids from page 29
[2026-02-25 18:26:37] [SESSION 4] Processing page 30
[2026-02-25 18:26:39] [SESSION 4] Saved 10 bids from page 30
[2026-02-25 18:26:40] [SESSION 4] Processing page 31
[2026-02-25 18:26:43] [SESSION 4] Saved 10 bids from page 31
[2026-02-25 18:26:45] [SESSION 4] Processing page 32
[2026-02-25 18:26:49] [SESSION 4] Saved 10 bids from page 32
[2026-02-25 18:26:51] [SESSION 4] Processing page 33
[2026-02-25 18:26:54] [SESSION 4] Saved 10 bids from page 33
[2026-02-25 18:26:56] [SESSION 4] Processing page 34
[2026-02-25 18:26:58] [SESSION 4] Saved 10 bids from page 34
[2026-02-25 18:27:00] [SESSION 4] Processing page 35
[2026-02-25 18:27:02] [SESSION 4] Saved 10 bids from page 35
[2026-02-25 18:27:04] [SESSION 4] Processing page 36
[2026-02-25 18:27:10] [SESSION 4] Saved 10 bids from page 36
[2026-02-25 18:27:11] [SESSION 4] Processing page 37
[2026-02-25 18:27:13] [SESSION 4] Saved 9 bids from page 37
[2026-02-25 18:27:15] [SESSION 4] Processing page 38
[2026-02-25 18:27:17] [SESSION 4] Saved 10 bids from page 38
[2026-02-25 18:27:18] [SESSION 4] Processing page 39
[2026-02-25 18:27:19] [SESSION 4] Saved 9 bids from page 39
[2026-02-25 18:27:21] [SESSION 4] Processing page 40
[2026-02-25 18:27:22] [SESSION 4] Saved 10 bids from page 40
[2026-02-25 18:27:23] [SESSION 4] Processing page 41
[2026-02-25 18:27:24] [SESSION 4] Saved 10 bids from page 41
[2026-02-25 18:27:26] [SESSION 4] Processing page 42
[2026-02-25 18:27:26] [SESSION 4] Saved 10 bids from page 42
[2026-02-25 18:27:28] [SESSION 4] Processing page 43
[2026-02-25 18:27:28] [SESSION 4] Saved 9 bids from page 43
[2026-02-25 18:27:30] [SESSION 4] Processing page 44
[2026-02-25 18:27:31] [SESSION 4] Saved 9 bids from page 44
[2026-02-25 18:27:32] [SESSION 4] Processing page 45
[2026-02-25 18:27:34] [SESSION 4] Saved 10 bids from page 45
[2026-02-25 18:27:35] [SESSION 4] Processing page 46
[2026-02-25 18:27:36] [SESSION 4] Saved 10 bids from page 46
[2026-02-25 18:27:37] [SESSION 4] Processing page 47
[2026-02-25 18:27:38] [SESSION 4] Saved 10 bids from page 47
[2026-02-25 18:27:40] [SESSION 4] Processing page 48
[2026-02-25 18:27:40] [SESSION 4] Saved 8 bids from page 48
[2026-02-25 18:27:42] [SESSION 4] Processing page 49
[2026-02-25 18:27:42] [SESSION 4] Saved 8 bids from page 49
[2026-02-25 18:27:44] [SESSION 4] Processing page 50
[2026-02-25 18:27:44] [SESSION 4] Saved 10 bids from page 50
[2026-02-25 18:27:46] [SESSION 4] Processing page 51
[2026-02-25 18:27:46] [SESSION 4] Saved 10 bids from page 51
[2026-02-25 18:27:48] [SESSION 4] Processing page 52
[2026-02-25 18:27:49] [SESSION 4] Saved 8 bids from page 52
[2026-02-25 18:27:51] [SESSION 4] Processing page 53
[2026-02-25 18:27:52] [SESSION 4] Saved 10 bids from page 53
[2026-02-25 18:27:54] [SESSION 4] Processing page 54
[2026-02-25 18:27:55] [SESSION 4] Saved 7 bids from page 54
[2026-02-25 18:27:56] [SESSION 4] Processing page 55
[2026-02-25 18:27:57] [SESSION 4] Saved 10 bids from page 55
[2026-02-25 18:27:59] [SESSION 4] Processing page 56
[2026-02-25 18:27:59] [SESSION 4] Saved 10 bids from page 56
[2026-02-25 18:28:01] [SESSION 4] Processing page 57
[2026-02-25 18:28:01] [SESSION 4] Saved 10 bids from page 57
[2026-02-25 18:28:03] [SESSION 4] Processing page 58
[2026-02-25 18:28:03] [SESSION 4] Saved 9 bids from page 58
[2026-02-25 18:28:05] [SESSION 4] Processing page 59
[2026-02-25 18:28:05] [SESSION 4] Saved 10 bids from page 59
[2026-02-25 18:28:08] [SESSION 4] Processing page 60
[2026-02-25 18:28:08] [SESSION 4] Saved 10 bids from page 60
[2026-02-25 18:28:10] [SESSION 4] Processing page 61
[2026-02-25 18:28:10] [SESSION 4] Saved 8 bids from page 61
[2026-02-25 18:28:12] [SESSION 4] Processing page 62
[2026-02-25 18:28:13] [SESSION 4] Saved 10 bids from page 62
[2026-02-25 18:28:14] [SESSION 4] Processing page 63
[2026-02-25 18:28:15] [SESSION 4] Saved 9 bids from page 63
[2026-02-25 18:28:16] [SESSION 4] Processing page 64
[2026-02-25 18:28:17] [SESSION 4] Saved 10 bids from page 64
[2026-02-25 18:28:18] [SESSION 4] Processing page 65
[2026-02-25 18:28:19] [SESSION 4] Saved 10 bids from page 65
[2026-02-25 18:28:21] [SESSION 4] Processing page 66
[2026-02-25 18:28:22] [SESSION 4] Saved 10 bids from page 66
[2026-02-25 18:28:24] [SESSION 4] Processing page 67
[2026-02-25 18:28:24] [SESSION 4] Saved 10 bids from page 67
[2026-02-25 18:28:26] [SESSION 4] Processing page 68
[2026-02-25 18:28:26] [SESSION 4] Saved 10 bids from page 68
[2026-02-25 18:28:28] [SESSION 4] Processing page 69
[2026-02-25 18:28:29] [SESSION 4] Saved 10 bids from page 69
[2026-02-25 18:28:30] [SESSION 4] Processing page 70
[2026-02-25 18:28:31] [SESSION 4] Saved 10 bids from page 70
[2026-02-25 18:28:33] [SESSION 4] Processing page 71
[2026-02-25 18:28:33] [SESSION 4] Saved 8 bids from page 71
[2026-02-25 18:28:35] [SESSION 4] Processing page 72
[2026-02-25 18:28:36] [SESSION 4] Saved 10 bids from page 72
[2026-02-25 18:28:37] [SESSION 4] Processing page 73
[2026-02-25 18:28:38] [SESSION 4] Saved 9 bids from page 73
[2026-02-25 18:28:40] [SESSION 4] Processing page 74
[2026-02-25 18:28:41] [SESSION 4] Saved 8 bids from page 74
[2026-02-25 18:28:43] [SESSION 4] Processing page 75
[2026-02-25 18:28:43] [SESSION 4] Saved 9 bids from page 75
[2026-02-25 18:28:45] [SESSION 4] Processing page 76
[2026-02-25 18:28:46] [SESSION 4] Saved 10 bids from page 76
[2026-02-25 18:28:49] [SESSION 4] Processing page 77
[2026-02-25 18:28:53] [SESSION 4] Saved 10 bids from page 77
[2026-02-25 18:28:55] [SESSION 4] Processing page 78
[2026-02-25 18:28:56] [SESSION 4] Saved 10 bids from page 78
[2026-02-25 18:29:00] [SESSION 4] Processing page 79
[2026-02-25 18:29:02] [SESSION 4] Saved 10 bids from page 79
[2026-02-25 18:29:03] [SESSION 4] Processing page 80
[2026-02-25 18:29:05] [SESSION 4] Saved 10 bids from page 80
[2026-02-25 18:29:07] [SESSION 4] Processing page 81
[2026-02-25 18:29:08] [SESSION 4] Saved 9 bids from page 81
[2026-02-25 18:29:10] [SESSION 4] Processing page 82
[2026-02-25 18:29:11] [SESSION 4] Saved 10 bids from page 82
[2026-02-25 18:29:12] [SESSION 4] Processing page 83
[2026-02-25 18:29:13] [SESSION 4] Saved 10 bids from page 83
[2026-02-25 18:29:15] [SESSION 4] Processing page 84
[2026-02-25 18:29:16] [SESSION 4] Saved 10 bids from page 84
[2026-02-25 18:29:18] [SESSION 4] Processing page 85
[2026-02-25 18:29:19] [SESSION 4] Saved 10 bids from page 85
[2026-02-25 18:29:21] [SESSION 4] Processing page 86
[2026-02-25 18:29:22] [SESSION 4] Saved 10 bids from page 86
[2026-02-25 18:29:23] [SESSION 4] Processing page 87
[2026-02-25 18:29:24] [SESSION 4] Saved 10 bids from page 87
[2026-02-25 18:29:26] [SESSION 4] Processing page 88
[2026-02-25 18:29:27] [SESSION 4] Saved 10 bids from page 88
[2026-02-25 18:29:29] [SESSION 4] Processing page 89
[2026-02-25 18:29:29] [SESSION 4] Saved 10 bids from page 89
[2026-02-25 18:29:31] [SESSION 4] Processing page 90
[2026-02-25 18:29:32] [SESSION 4] Saved 8 bids from page 90
[2026-02-25 18:29:33] [SESSION 4] Processing page 91
[2026-02-25 18:29:34] [SESSION 4] Saved 10 bids from page 91
[2026-02-25 18:29:35] [SESSION 4] Processing page 92
[2026-02-25 18:29:36] [SESSION 4] Saved 10 bids from page 92
[2026-02-25 18:29:38] [SESSION 4] Processing page 93
[2026-02-25 18:29:38] [SESSION 4] Saved 10 bids from page 93
[2026-02-25 18:29:40] [SESSION 4] Processing page 94
[2026-02-25 18:29:40] [SESSION 4] Saved 10 bids from page 94
[2026-02-25 18:29:42] [SESSION 4] Processing page 95
[2026-02-25 18:29:43] [SESSION 4] Saved 10 bids from page 95
[2026-02-25 18:29:45] [SESSION 4] Processing page 96
[2026-02-25 18:29:46] [SESSION 4] Saved 10 bids from page 96
[2026-02-25 18:29:48] [SESSION 4] Processing page 97
[2026-02-25 18:29:48] [SESSION 4] Saved 10 bids from page 97
[2026-02-25 18:29:50] [SESSION 4] Processing page 98
[2026-02-25 18:29:50] [SESSION 4] Saved 10 bids from page 98
[2026-02-25 18:29:52] [SESSION 4] Processing page 99
[2026-02-25 18:29:52] [SESSION 4] Saved 10 bids from page 99
[2026-02-25 18:29:54] [SESSION 4] Processing page 100
[2026-02-25 18:29:54] [SESSION 4] Saved 10 bids from page 100
[2026-02-25 18:29:56] [SESSION 4] Processing page 101
[2026-02-25 18:29:57] [SESSION 4] Saved 10 bids from page 101
[2026-02-25 18:29:59] [SESSION 4] Processing page 102
[2026-02-25 18:29:59] [SESSION 4] Saved 10 bids from page 102
[2026-02-25 18:30:01] [SESSION 4] Processing page 103
[2026-02-25 18:30:01] [SESSION 4] Saved 10 bids from page 103
[2026-02-25 18:30:03] [SESSION 4] Processing page 104
[2026-02-25 18:30:04] [SESSION 4] Saved 10 bids from page 104
[2026-02-25 18:30:05] [SESSION 4] Processing page 105
[2026-02-25 18:30:06] [SESSION 4] Saved 10 bids from page 105
[2026-02-25 18:30:07] [SESSION 4] Processing page 106
[2026-02-25 18:30:08] [SESSION 4] Saved 10 bids from page 106
[2026-02-25 18:30:09] [SESSION 4] Processing page 107
[2026-02-25 18:30:10] [SESSION 4] Saved 10 bids from page 107
[2026-02-25 18:30:11] [SESSION 4] Processing page 108
[2026-02-25 18:30:12] [SESSION 4] Saved 10 bids from page 108
[2026-02-25 18:30:13] [SESSION 4] Processing page 109
[2026-02-25 18:30:14] [SESSION 4] Saved 10 bids from page 109
[2026-02-25 18:30:15] [SESSION 4] Processing page 110
[2026-02-25 18:30:16] [SESSION 4] Saved 10 bids from page 110
[2026-02-25 18:30:17] [SESSION 4] Processing page 111
[2026-02-25 18:30:18] [SESSION 4] Saved 10 bids from page 111
[2026-02-25 18:30:19] [SESSION 4] Processing page 112
[2026-02-25 18:30:20] [SESSION 4] Saved 10 bids from page 112
[2026-02-25 18:30:21] [SESSION 4] Processing page 113
[2026-02-25 18:30:22] [SESSION 4] Saved 10 bids from page 113
[2026-02-25 18:30:23] [SESSION 4] Processing page 114
[2026-02-25 18:30:24] [SESSION 4] Saved 10 bids from page 114
[2026-02-25 18:30:25] [SESSION 4] Processing page 115
[2026-02-25 18:30:26] [SESSION 4] Saved 10 bids from page 115
[2026-02-25 18:30:27] [SESSION 4] Processing page 116
[2026-02-25 18:30:27] [SESSION 4] Saved 4 bids from page 116
[2026-02-25 18:30:29] [SESSION 4] Processing page 117
[2026-02-25 18:30:29] [SESSION 4] Saved 0 bids from page 117
[2026-02-25 18:30:29] [SESSION 4] Pagination completed safely.
[2026-02-25 18:30:30] [SESSION 4] Session completed: 142 new bids found, 117 pages processed
[2026-02-26 10:59:31] [SESSION 4] Starting scraper - Keyword: 'batter' | Output: gem_all_bids_session4.csv
[2026-02-26 10:59:44] [SESSION 4] Processing page 1
[2026-02-26 10:59:46] [SESSION 4] Saved 10 bids from page 1
[2026-02-26 10:59:50] [SESSION 4] Processing page 2
[2026-02-26 10:59:51] [SESSION 4] Saved 10 bids from page 2
[2026-02-26 10:59:52] [SESSION 4] Processing page 3
[2026-02-26 10:59:53] [SESSION 4] Saved 10 bids from page 3
[2026-02-26 10:59:55] [SESSION 4] Processing page 4
[2026-02-26 10:59:55] [SESSION 4] Saved 9 bids from page 4
[2026-02-26 10:59:57] [SESSION 4] Processing page 5
[2026-02-26 10:59:58] [SESSION 4] Saved 10 bids from page 5
[2026-02-26 11:00:00] [SESSION 4] Processing page 6
[2026-02-26 11:00:01] [SESSION 4] Saved 10 bids from page 6
[2026-02-26 11:00:04] [SESSION 4] Processing page 7
[2026-02-26 11:00:05] [SESSION 4] Saved 8 bids from page 7
[2026-02-26 11:00:07] [SESSION 4] Processing page 8
[2026-02-26 11:00:08] [SESSION 4] Saved 10 bids from page 8
[2026-02-26 11:00:10] [SESSION 4] Processing page 9
[2026-02-26 11:00:10] [SESSION 4] Saved 9 bids from page 9
[2026-02-26 11:00:12] [SESSION 4] Processing page 10
[2026-02-26 11:00:13] [SESSION 4] Saved 10 bids from page 10
[2026-02-26 11:00:15] [SESSION 4] Processing page 11
[2026-02-26 11:00:16] [SESSION 4] Saved 9 bids from page 11
[2026-02-26 11:00:18] [SESSION 4] Processing page 12
[2026-02-26 11:00:19] [SESSION 4] Saved 10 bids from page 12
[2026-02-26 11:00:20] [SESSION 4] Processing page 13
[2026-02-26 11:00:22] [SESSION 4] Saved 10 bids from page 13
[2026-02-26 11:00:23] [SESSION 4] Processing page 14
[2026-02-26 11:00:24] [SESSION 4] Saved 10 bids from page 14
[2026-02-26 11:00:26] [SESSION 4] Processing page 15
[2026-02-26 11:00:26] [SESSION 4] Saved 10 bids from page 15
[2026-02-26 11:00:29] [SESSION 4] Processing page 16
[2026-02-26 11:00:30] [SESSION 4] Saved 9 bids from page 16
[2026-02-26 11:00:32] [SESSION 4] Processing page 17
[2026-02-26 11:00:32] [SESSION 4] Saved 9 bids from page 17
[2026-02-26 11:00:34] [SESSION 4] Processing page 18
[2026-02-26 11:00:34] [SESSION 4] Saved 9 bids from page 18
[2026-02-26 11:00:36] [SESSION 4] Processing page 19
[2026-02-26 11:00:36] [SESSION 4] Saved 8 bids from page 19
[2026-02-26 11:00:38] [SESSION 4] Processing page 20
[2026-02-26 11:00:39] [SESSION 4] Saved 7 bids from page 20
[2026-02-26 11:00:40] [SESSION 4] Processing page 21
[2026-02-26 11:00:41] [SESSION 4] Saved 10 bids from page 21
[2026-02-26 11:00:44] [SESSION 4] Processing page 22
[2026-02-26 11:00:44] [SESSION 4] Saved 6 bids from page 22
[2026-02-26 11:00:46] [SESSION 4] Processing page 23
[2026-02-26 11:00:46] [SESSION 4] Saved 10 bids from page 23
[2026-02-26 11:00:48] [SESSION 4] Processing page 24
[2026-02-26 11:00:48] [SESSION 4] Saved 10 bids from page 24
[2026-02-26 11:00:50] [SESSION 4] Processing page 25
[2026-02-26 11:00:51] [SESSION 4] Saved 10 bids from page 25
[2026-02-26 11:00:53] [SESSION 4] Processing page 26
[2026-02-26 11:00:54] [SESSION 4] Saved 10 bids from page 26
[2026-02-26 11:00:56] [SESSION 4] Processing page 27
[2026-02-26 11:00:56] [SESSION 4] Saved 10 bids from page 27
[2026-02-26 11:00:58] [SESSION 4] Processing page 28
[2026-02-26 11:00:59] [SESSION 4] Saved 10 bids from page 28
[2026-02-26 11:01:01] [SESSION 4] Processing page 29
[2026-02-26 11:01:02] [SESSION 4] Saved 10 bids from page 29
[2026-02-26 11:01:04] [SESSION 4] Processing page 30
[2026-02-26 11:01:05] [SESSION 4] Saved 9 bids from page 30
[2026-02-26 11:01:06] [SESSION 4] Processing page 31
[2026-02-26 11:01:07] [SESSION 4] Saved 10 bids from page 31
[2026-02-26 11:01:09] [SESSION 4] Processing page 32
[2026-02-26 11:01:10] [SESSION 4] Saved 9 bids from page 32
[2026-02-26 11:01:12] [SESSION 4] Processing page 33
[2026-02-26 11:01:13] [SESSION 4] Saved 10 bids from page 33
[2026-02-26 11:01:16] [SESSION 4] Processing page 34
[2026-02-26 11:01:17] [SESSION 4] Saved 9 bids from page 34
[2026-02-26 11:01:20] [SESSION 4] Processing page 35
[2026-02-26 11:01:21] [SESSION 4] Saved 9 bids from page 35
[2026-02-26 11:01:25] [SESSION 4] Processing page 36
[2026-02-26 11:01:26] [SESSION 4] Saved 10 bids from page 36
[2026-02-26 11:01:28] [SESSION 4] Processing page 37
[2026-02-26 11:01:29] [SESSION 4] Saved 8 bids from page 37
[2026-02-26 11:01:31] [SESSION 4] Processing page 38
[2026-02-26 11:01:31] [SESSION 4] Saved 10 bids from page 38
[2026-02-26 11:01:33] [SESSION 4] Processing page 39
[2026-02-26 11:01:33] [SESSION 4] Saved 10 bids from page 39
[2026-02-26 11:01:35] [SESSION 4] Processing page 40
[2026-02-26 11:01:36] [SESSION 4] Saved 8 bids from page 40
[2026-02-26 11:01:37] [SESSION 4] Processing page 41
[2026-02-26 11:01:38] [SESSION 4] Saved 8 bids from page 41
[2026-02-26 11:01:40] [SESSION 4] Processing page 42
[2026-02-26 11:01:40] [SESSION 4] Saved 7 bids from page 42
[2026-02-26 11:01:42] [SESSION 4] Processing page 43
[2026-02-26 11:01:42] [SESSION 4] Saved 9 bids from page 43
[2026-02-26 11:01:44] [SESSION 4] Processing page 44
[2026-02-26 11:01:45] [SESSION 4] Saved 10 bids from page 44
[2026-02-26 11:01:46] [SESSION 4] Processing page 45
[2026-02-26 11:01:46] [SESSION 4] Saved 10 bids from page 45
[2026-02-26 11:01:48] [SESSION 4] Processing page 46
[2026-02-26 11:01:48] [SESSION 4] Saved 10 bids from page 46
[2026-02-26 11:01:50] [SESSION 4] Processing page 47
[2026-02-26 11:01:50] [SESSION 4] Saved 6 bids from page 47
[2026-02-26 11:01:52] [SESSION 4] Processing page 48
[2026-02-26 11:01:52] [SESSION 4] Saved 10 bids from page 48
[2026-02-26 11:01:54] [SESSION 4] Processing page 49
[2026-02-26 11:01:54] [SESSION 4] Saved 9 bids from page 49
[2026-02-26 11:01:56] [SESSION 4] Processing page 50
[2026-02-26 11:01:56] [SESSION 4] Saved 10 bids from page 50
[2026-02-26 11:01:58] [SESSION 4] Processing page 51
[2026-02-26 11:01:58] [SESSION 4] Saved 9 bids from page 51
[2026-02-26 11:02:00] [SESSION 4] Processing page 52
[2026-02-26 11:02:00] [SESSION 4] Saved 9 bids from page 52
[2026-02-26 11:02:02] [SESSION 4] Processing page 53
[2026-02-26 11:02:02] [SESSION 4] Saved 6 bids from page 53
[2026-02-26 11:02:04] [SESSION 4] Processing page 54
[2026-02-26 11:02:05] [SESSION 4] Saved 6 bids from page 54
[2026-02-26 11:02:06] [SESSION 4] Processing page 55
[2026-02-26 11:02:07] [SESSION 4] Saved 10 bids from page 55
[2026-02-26 11:02:08] [SESSION 4] Processing page 56
[2026-02-26 11:02:09] [SESSION 4] Saved 10 bids from page 56
[2026-02-26 11:02:10] [SESSION 4] Processing page 57
[2026-02-26 11:02:11] [SESSION 4] Saved 9 bids from page 57
[2026-02-26 11:02:12] [SESSION 4] Processing page 58
[2026-02-26 11:02:13] [SESSION 4] Saved 10 bids from page 58
[2026-02-26 11:02:14] [SESSION 4] Processing page 59
[2026-02-26 11:02:15] [SESSION 4] Saved 10 bids from page 59
[2026-02-26 11:02:17] [SESSION 4] Processing page 60
[2026-02-26 11:02:17] [SESSION 4] Saved 10 bids from page 60
[2026-02-26 11:02:19] [SESSION 4] Processing page 61
[2026-02-26 11:02:19] [SESSION 4] Saved 10 bids from page 61
[2026-02-26 11:02:21] [SESSION 4] Processing page 62
[2026-02-26 11:02:22] [SESSION 4] Saved 10 bids from page 62
[2026-02-26 11:02:23] [SESSION 4] Processing page 63
[2026-02-26 11:02:24] [SESSION 4] Saved 10 bids from page 63
[2026-02-26 11:02:25] [SESSION 4] Processing page 64
[2026-02-26 11:02:26] [SESSION 4] Saved 10 bids from page 64
[2026-02-26 11:02:28] [SESSION 4] Processing page 65
[2026-02-26 11:02:28] [SESSION 4] Saved 10 bids from page 65
[2026-02-26 11:02:30] [SESSION 4] Processing page 66
[2026-02-26 11:02:30] [SESSION 4] Saved 10 bids from page 66
[2026-02-26 11:02:32] [SESSION 4] Processing page 67
[2026-02-26 11:02:34] [SESSION 4] Saved 10 bids from page 67
[2026-02-26 11:02:35] [SESSION 4] Processing page 68
[2026-02-26 11:02:36] [SESSION 4] Saved 10 bids from page 68
[2026-02-26 11:02:38] [SESSION 4] Processing page 69
[2026-02-26 11:02:39] [SESSION 4] Saved 9 bids from page 69
[2026-02-26 11:02:40] [SESSION 4] Processing page 70
[2026-02-26 11:02:41] [SESSION 4] Saved 10 bids from page 70
[2026-02-26 11:02:43] [SESSION 4] Processing page 71
[2026-02-26 11:02:44] [SESSION 4] Saved 9 bids from page 71
[2026-02-26 11:02:46] [SESSION 4] Processing page 72
[2026-02-26 11:02:47] [SESSION 4] Saved 10 bids from page 72
[2026-02-26 11:02:49] [SESSION 4] Processing page 73
[2026-02-26 11:02:50] [SESSION 4] Saved 10 bids from page 73
[2026-02-26 11:02:52] [SESSION 4] Processing page 74
[2026-02-26 11:02:52] [SESSION 4] Saved 10 bids from page 74
[2026-02-26 11:02:54] [SESSION 4] Processing page 75
[2026-02-26 11:02:54] [SESSION 4] Saved 10 bids from page 75
[2026-02-26 11:02:56] [SESSION 4] Processing page 76
[2026-02-26 11:02:57] [SESSION 4] Saved 10 bids from page 76
[2026-02-26 11:02:58] [SESSION 4] Processing page 77
[2026-02-26 11:02:59] [SESSION 4] Saved 9 bids from page 77
[2026-02-26 11:03:00] [SESSION 4] Processing page 78
[2026-02-26 11:03:01] [SESSION 4] Saved 9 bids from page 78
[2026-02-26 11:03:02] [SESSION 4] Processing page 79
[2026-02-26 11:03:03] [SESSION 4] Saved 10 bids from page 79
[2026-02-26 11:03:05] [SESSION 4] Processing page 80
[2026-02-26 11:03:06] [SESSION 4] Saved 7 bids from page 80
[2026-02-26 11:03:08] [SESSION 4] Processing page 81
[2026-02-26 11:03:09] [SESSION 4] Saved 10 bids from page 81
[2026-02-26 11:03:10] [SESSION 4] Processing page 82
[2026-02-26 11:03:11] [SESSION 4] Saved 10 bids from page 82
[2026-02-26 11:03:13] [SESSION 4] Processing page 83
[2026-02-26 11:03:13] [SESSION 4] Saved 10 bids from page 83
[2026-02-26 11:03:15] [SESSION 4] Processing page 84
[2026-02-26 11:03:16] [SESSION 4] Saved 10 bids from page 84
[2026-02-26 11:03:18] [SESSION 4] Processing page 85
[2026-02-26 11:03:18] [SESSION 4] Saved 9 bids from page 85
[2026-02-26 11:03:20] [SESSION 4] Processing page 86
[2026-02-26 11:03:21] [SESSION 4] Saved 10 bids from page 86
[2026-02-26 11:03:22] [SESSION 4] Processing page 87
[2026-02-26 11:03:23] [SESSION 4] Saved 10 bids from page 87
[2026-02-26 11:03:25] [SESSION 4] Processing page 88
[2026-02-26 11:03:26] [SESSION 4] Saved 10 bids from page 88
[2026-02-26 11:03:28] [SESSION 4] Processing page 89
[2026-02-26 11:03:29] [SESSION 4] Saved 10 bids from page 89
[2026-02-26 11:03:31] [SESSION 4] Processing page 90
[2026-02-26 11:03:32] [SESSION 4] Saved 10 bids from page 90
[2026-02-26 11:03:33] [SESSION 4] Processing page 91
[2026-02-26 11:03:34] [SESSION 4] Saved 10 bids from page 91
[2026-02-26 11:03:36] [SESSION 4] Processing page 92
[2026-02-26 11:03:37] [SESSION 4] Saved 10 bids from page 92
[2026-02-26 11:03:38] [SESSION 4] Processing page 93
[2026-02-26 11:03:39] [SESSION 4] Saved 10 bids from page 93
[2026-02-26 11:03:40] [SESSION 4] Processing page 94
[2026-02-26 11:03:41] [SESSION 4] Saved 9 bids from page 94
[2026-02-26 11:03:43] [SESSION 4] Processing page 95
[2026-02-26 11:03:44] [SESSION 4] Saved 10 bids from page 95
[2026-02-26 11:03:45] [SESSION 4] Processing page 96
[2026-02-26 11:03:47] [SESSION 4] Saved 10 bids from page 96
[2026-02-26 11:03:50] [SESSION 4] Processing page 97
[2026-02-26 11:03:50] [SESSION 4] Saved 10 bids from page 97
[2026-02-26 11:03:52] [SESSION 4] Processing page 98
[2026-02-26 11:03:53] [SESSION 4] Saved 9 bids from page 98
[2026-02-26 11:03:55] [SESSION 4] Processing page 99
[2026-02-26 11:03:55] [SESSION 4] Saved 10 bids from page 99
[2026-02-26 11:03:57] [SESSION 4] Processing page 100
[2026-02-26 11:03:58] [SESSION 4] Saved 10 bids from page 100
[2026-02-26 11:04:00] [SESSION 4] Processing page 101
[2026-02-26 11:04:01] [SESSION 4] Saved 10 bids from page 101
[2026-02-26 11:04:03] [SESSION 4] Processing page 102
[2026-02-26 11:04:03] [SESSION 4] Saved 10 bids from page 102
[2026-02-26 11:04:05] [SESSION 4] Processing page 103
[2026-02-26 11:04:06] [SESSION 4] Saved 10 bids from page 103
[2026-02-26 11:04:07] [SESSION 4] Processing page 104
[2026-02-26 11:04:09] [SESSION 4] Saved 10 bids from page 104
[2026-02-26 11:04:10] [SESSION 4] Processing page 105
[2026-02-26 11:04:11] [SESSION 4] Saved 10 bids from page 105
[2026-02-26 11:04:13] [SESSION 4] Processing page 106
[2026-02-26 11:04:13] [SESSION 4] Saved 9 bids from page 106
[2026-02-26 11:04:15] [SESSION 4] Processing page 107
[2026-02-26 11:04:16] [SESSION 4] Saved 10 bids from page 107
[2026-02-26 11:04:18] [SESSION 4] Processing page 108
[2026-02-26 11:04:19] [SESSION 4] Saved 10 bids from page 108
[2026-02-26 11:04:21] [SESSION 4] Processing page 109
[2026-02-26 11:04:22] [SESSION 4] Saved 10 bids from page 109
[2026-02-26 11:04:23] [SESSION 4] Processing page 110
[2026-02-26 11:04:25] [SESSION 4] Saved 10 bids from page 110
[2026-02-26 11:04:26] [SESSION 4] Processing page 111
[2026-02-26 11:04:27] [SESSION 4] Saved 10 bids from page 111
[2026-02-26 11:04:28] [SESSION 4] Processing page 112
[2026-02-26 11:04:29] [SESSION 4] Saved 10 bids from page 112
[2026-02-26 11:04:31] [SESSION 4] Processing page 113
[2026-02-26 11:04:32] [SESSION 4] Saved 10 bids from page 113
[2026-02-26 11:04:34] [SESSION 4] Processing page 114
[2026-02-26 11:04:34] [SESSION 4] Saved 10 bids from page 114
[2026-02-26 11:04:36] [SESSION 4] Processing page 115
[2026-02-26 11:04:37] [SESSION 4] Saved 10 bids from page 115
[2026-02-26 11:04:39] [SESSION 4] Processing page 116
[2026-02-26 11:04:40] [SESSION 4] Saved 10 bids from page 116
[2026-02-26 11:04:42] [SESSION 4] Processing page 117
[2026-02-26 11:04:43] [SESSION 4] Saved 10 bids from page 117
[2026-02-26 11:04:44] [SESSION 4] Processing page 118
[2026-02-26 11:04:45] [SESSION 4] Saved 1 bids from page 118
[2026-02-26 11:04:47] [SESSION 4] Processing page 119
[2026-02-26 11:04:47] [SESSION 4] Saved 0 bids from page 119
[2026-02-26 11:04:47] [SESSION 4] Pagination completed safely.
[2026-02-26 11:04:53] [SESSION 4] Session completed: 43 new bids found, 119 pages processed
[2026-02-27 11:57:01] [SESSION 4] Starting scraper - Keyword: 'batter' | Output: gem_all_bids_session4.csv
[2026-02-27 13:43:20] [SESSION 4] Starting scraper - Keyword: 'batter' | Output: gem_all_bids_session4.csv
[2026-02-27 13:45:10] [SESSION 4] Starting scraper - Keyword: 'batter' | Output: gem_all_bids_session4.csv
[2026-02-27 14:09:03] [SESSION 4] Starting scraper - Keyword: 'batter' | Output: gem_all_bids_session4.csv
[2026-02-27 14:09:37] [SESSION 4] Processing page 1
[2026-02-27 14:09:42] [SESSION 4] Saved 10 bids from page 1
[2026-02-27 14:09:48] [SESSION 4] Processing page 2
[2026-02-27 14:09:51] [SESSION 4] Saved 9 bids from page 2
[2026-02-27 14:09:55] [SESSION 4] Processing page 3
[2026-02-27 14:09:59] [SESSION 4] Saved 8 bids from page 3
[2026-02-27 14:10:02] [SESSION 4] Processing page 4
[2026-02-27 14:10:04] [SESSION 4] Saved 10 bids from page 4
[2026-02-27 14:10:09] [SESSION 4] Processing page 5
[2026-02-27 14:10:10] [SESSION 4] Saved 10 bids from page 5
[2026-02-27 14:10:13] [SESSION 4] Processing page 6
[2026-02-27 14:10:15] [SESSION 4] Saved 10 bids from page 6
[2026-02-27 14:10:17] [SESSION 4] Processing page 7
[2026-02-27 14:10:19] [SESSION 4] Saved 10 bids from page 7
[2026-02-27 14:10:22] [SESSION 4] Processing page 8
[2026-02-27 14:10:25] [SESSION 4] Saved 10 bids from page 8
[2026-02-27 14:10:28] [SESSION 4] Processing page 9
[2026-02-27 14:10:29] [SESSION 4] Saved 10 bids from page 9
[2026-02-27 14:10:32] [SESSION 4] Processing page 10
[2026-02-27 14:10:32] [SESSION 4] Saved 10 bids from page 10
[2026-02-27 14:10:35] [SESSION 4] Processing page 11
[2026-02-27 14:10:36] [SESSION 4] Saved 8 bids from page 11
[2026-02-27 14:10:38] [SESSION 4] Processing page 12
[2026-02-27 14:10:40] [SESSION 4] Saved 10 bids from page 12
[2026-02-27 14:10:42] [SESSION 4] Processing page 13
[2026-02-27 14:10:51] [SESSION 4] Saved 7 bids from page 13
[2026-02-27 14:10:54] [SESSION 4] Processing page 14
[2026-02-27 14:10:59] [SESSION 4] Saved 9 bids from page 14
[2026-02-27 14:11:08] [SESSION 4] Processing page 15
[2026-02-27 14:11:11] [SESSION 4] Saved 10 bids from page 15
[2026-02-27 14:11:17] [SESSION 4] Processing page 16
[2026-02-27 14:11:19] [SESSION 4] Saved 10 bids from page 16
[2026-02-27 14:11:23] [SESSION 4] Processing page 17
[2026-02-27 14:11:25] [SESSION 4] Saved 9 bids from page 17
[2026-02-27 14:11:28] [SESSION 4] Processing page 18
[2026-02-27 14:11:31] [SESSION 4] Saved 10 bids from page 18
[2026-02-27 14:11:38] [SESSION 4] Processing page 19
[2026-02-27 14:11:40] [SESSION 4] Saved 10 bids from page 19
[2026-02-27 14:11:45] [SESSION 4] Processing page 20
[2026-02-27 14:11:47] [SESSION 4] Saved 9 bids from page 20
[2026-02-27 14:11:51] [SESSION 4] Processing page 21
[2026-02-27 14:11:55] [SESSION 4] Saved 9 bids from page 21
[2026-02-27 14:12:01] [SESSION 4] Processing page 22
[2026-02-27 14:12:03] [SESSION 4] Saved 10 bids from page 22
[2026-02-27 14:12:06] [SESSION 4] Processing page 23
[2026-02-27 14:12:10] [SESSION 4] Saved 8 bids from page 23
[2026-02-27 14:12:15] [SESSION 4] Processing page 24
[2026-02-27 14:12:17] [SESSION 4] Saved 10 bids from page 24
[2026-02-27 14:12:20] [SESSION 4] Processing page 25
[2026-02-27 14:12:22] [SESSION 4] Saved 10 bids from page 25
[2026-02-27 14:12:26] [SESSION 4] Processing page 26
[2026-02-27 14:12:28] [SESSION 4] Saved 9 bids from page 26
[2026-02-27 14:12:32] [SESSION 4] Processing page 27
[2026-02-27 14:12:33] [SESSION 4] Saved 10 bids from page 27
[2026-02-27 14:12:36] [SESSION 4] Processing page 28
[2026-02-27 14:12:37] [SESSION 4] Saved 10 bids from page 28
[2026-02-27 14:12:41] [SESSION 4] Processing page 29
[2026-02-27 14:12:42] [SESSION 4] Saved 7 bids from page 29
[2026-02-27 14:12:46] [SESSION 4] Processing page 30
[2026-02-27 14:12:48] [SESSION 4] Saved 9 bids from page 30
[2026-02-27 14:12:51] [SESSION 4] Processing page 31
[2026-02-27 14:12:53] [SESSION 4] Saved 9 bids from page 31
[2026-02-27 14:12:57] [SESSION 4] Processing page 32
[2026-02-27 14:12:59] [SESSION 4] Saved 10 bids from page 32
[2026-02-27 14:13:10] [SESSION 4] Processing page 33
[2026-02-27 14:13:12] [SESSION 4] Saved 9 bids from page 33
[2026-02-27 14:13:23] [SESSION 4] Processing page 34
[2026-02-27 14:13:26] [SESSION 4] Saved 10 bids from page 34
[2026-02-27 14:13:32] [SESSION 4] Processing page 35
[2026-02-27 14:13:34] [SESSION 4] Saved 10 bids from page 35
[2026-02-27 14:13:40] [SESSION 4] Processing page 36
[2026-02-27 14:13:43] [SESSION 4] Saved 10 bids from page 36
[2026-02-27 14:25:16] [SESSION 4] Starting scraper - Keyword: 'batter' | Output: gem_all_bids_session4.csv
[2026-02-27 14:25:24] [SESSION 4] Processing page 1
[2026-02-27 14:25:25] [SESSION 4] Saved 10 bids from page 1
[2026-02-27 14:25:28] [SESSION 4] Processing page 2
[2026-02-27 14:25:28] [SESSION 4] Saved 8 bids from page 2
[2026-02-27 14:25:32] [SESSION 4] Processing page 3
[2026-02-27 14:25:32] [SESSION 4] Saved 10 bids from page 3
[2026-02-27 14:25:36] [SESSION 4] Processing page 4
[2026-02-27 14:25:36] [SESSION 4] Saved 10 bids from page 4
[2026-02-27 14:25:40] [SESSION 4] Processing page 5
[2026-02-27 14:25:41] [SESSION 4] Saved 10 bids from page 5
[2026-02-27 14:25:44] [SESSION 4] Processing page 6
[2026-02-27 14:25:44] [SESSION 4] Saved 10 bids from page 6
[2026-02-27 14:25:48] [SESSION 4] Processing page 7
[2026-02-27 14:25:48] [SESSION 4] Saved 9 bids from page 7
[2026-02-27 14:25:52] [SESSION 4] Processing page 8
[2026-02-27 14:25:52] [SESSION 4] Saved 10 bids from page 8
[2026-02-27 14:25:56] [SESSION 4] Processing page 9
[2026-02-27 14:25:58] [SESSION 4] Saved 10 bids from page 9
[2026-02-27 14:26:01] [SESSION 4] Processing page 10
[2026-02-27 14:26:01] [SESSION 4] Saved 7 bids from page 10
[2026-02-27 14:26:05] [SESSION 4] Processing page 11
[2026-02-27 14:26:06] [SESSION 4] Saved 9 bids from page 11
[2026-02-27 14:26:09] [SESSION 4] Processing page 12
[2026-02-27 14:26:09] [SESSION 4] Saved 9 bids from page 12
[2026-02-27 14:26:13] [SESSION 4] Processing page 13
[2026-02-27 14:26:14] [SESSION 4] Saved 10 bids from page 13
[2026-02-27 14:26:18] [SESSION 4] Processing page 14
[2026-02-27 14:26:18] [SESSION 4] Saved 9 bids from page 14
[2026-02-27 14:26:22] [SESSION 4] Processing page 15
[2026-02-27 14:26:22] [SESSION 4] Saved 10 bids from page 15
[2026-02-27 14:26:26] [SESSION 4] Processing page 16
[2026-02-27 14:26:27] [SESSION 4] Saved 10 bids from page 16
[2026-02-27 14:26:30] [SESSION 4] Processing page 17
[2026-02-27 14:26:31] [SESSION 4] Saved 9 bids from page 17
[2026-02-27 14:26:34] [SESSION 4] Processing page 18
[2026-02-27 14:26:35] [SESSION 4] Saved 10 bids from page 18
[2026-02-27 14:26:38] [SESSION 4] Processing page 19
[2026-02-27 14:26:39] [SESSION 4] Saved 10 bids from page 19
[2026-02-27 14:26:42] [SESSION 4] Processing page 20
[2026-02-27 14:26:42] [SESSION 4] Saved 10 bids from page 20
[2026-02-27 14:26:46] [SESSION 4] Processing page 21
[2026-02-27 14:26:47] [SESSION 4] Saved 9 bids from page 21
[2026-02-27 14:26:50] [SESSION 4] Processing page 22
[2026-02-27 14:26:50] [SESSION 4] Saved 10 bids from page 22
[2026-02-27 14:26:53] [SESSION 4] Processing page 23
[2026-02-27 14:26:54] [SESSION 4] Saved 10 bids from page 23
[2026-02-27 14:26:57] [SESSION 4] Processing page 24
[2026-02-27 14:26:58] [SESSION 4] Saved 8 bids from page 24
[2026-02-27 14:27:01] [SESSION 4] Processing page 25
[2026-02-27 14:27:01] [SESSION 4] Saved 10 bids from page 25
[2026-02-27 14:27:04] [SESSION 4] Processing page 26
[2026-02-27 14:27:05] [SESSION 4] Saved 10 bids from page 26
[2026-02-27 14:27:08] [SESSION 4] Processing page 27
[2026-02-27 14:27:08] [SESSION 4] Saved 10 bids from page 27
[2026-02-27 14:27:11] [SESSION 4] Processing page 28
[2026-02-27 14:27:11] [SESSION 4] Saved 10 bids from page 28
[2026-02-27 14:27:14] [SESSION 4] Processing page 29
[2026-02-27 14:27:14] [SESSION 4] Saved 10 bids from page 29
[2026-02-27 14:27:17] [SESSION 4] Processing page 30
[2026-02-27 14:27:17] [SESSION 4] Saved 9 bids from page 30
[2026-02-27 14:27:20] [SESSION 4] Processing page 31
[2026-02-27 14:27:20] [SESSION 4] Saved 9 bids from page 31
[2026-02-27 14:27:24] [SESSION 4] Processing page 32
[2026-02-27 14:27:25] [SESSION 4] Saved 10 bids from page 32
[2026-02-27 14:27:28] [SESSION 4] Processing page 33
[2026-02-27 14:27:29] [SESSION 4] Saved 10 bids from page 33
[2026-02-27 14:27:32] [SESSION 4] Processing page 34
[2026-02-27 14:27:33] [SESSION 4] Saved 9 bids from page 34
[2026-02-27 14:27:36] [SESSION 4] Processing page 35
[2026-02-27 14:27:37] [SESSION 4] Saved 10 bids from page 35
[2026-02-27 14:27:40] [SESSION 4] Processing page 36
[2026-02-27 14:27:41] [SESSION 4] Saved 10 bids from page 36
[2026-02-27 14:27:44] [SESSION 4] Processing page 37
[2026-02-27 14:27:45] [SESSION 4] Saved 7 bids from page 37
[2026-02-27 14:27:48] [SESSION 4] Processing page 38
[2026-02-27 14:27:49] [SESSION 4] Saved 5 bids from page 38
[2026-02-27 14:27:52] [SESSION 4] Processing page 39
[2026-02-27 14:27:53] [SESSION 4] Saved 9 bids from page 39
[2026-02-27 14:27:56] [SESSION 4] Processing page 40
[2026-02-27 14:27:57] [SESSION 4] Saved 10 bids from page 40
[2026-02-27 14:28:00] [SESSION 4] Processing page 41
[2026-02-27 14:28:01] [SESSION 4] Saved 9 bids from page 41
[2026-02-27 14:28:04] [SESSION 4] Processing page 42
[2026-02-27 14:28:05] [SESSION 4] Saved 10 bids from page 42
[2026-02-27 14:28:07] [SESSION 4] Processing page 43
[2026-02-27 14:28:08] [SESSION 4] Saved 10 bids from page 43
[2026-02-27 14:28:10] [SESSION 4] Processing page 44
[2026-02-27 14:28:11] [SESSION 4] Saved 10 bids from page 44
[2026-02-27 14:28:13] [SESSION 4] Processing page 45
[2026-02-27 14:28:14] [SESSION 4] Saved 8 bids from page 45
[2026-02-27 14:28:16] [SESSION 4] Processing page 46
[2026-02-27 14:28:17] [SESSION 4] Saved 10 bids from page 46
[2026-02-27 14:28:20] [SESSION 4] Processing page 47
[2026-02-27 14:28:21] [SESSION 4] Saved 10 bids from page 47
[2026-02-27 14:28:24] [SESSION 4] Processing page 48
[2026-02-27 14:28:25] [SESSION 4] Saved 10 bids from page 48
[2026-02-27 14:28:28] [SESSION 4] Processing page 49
[2026-02-27 14:28:29] [SESSION 4] Saved 10 bids from page 49
[2026-02-27 14:28:32] [SESSION 4] Processing page 50
[2026-02-27 14:28:33] [SESSION 4] Saved 10 bids from page 50
[2026-02-27 14:28:36] [SESSION 4] Processing page 51
[2026-02-27 14:28:37] [SESSION 4] Saved 9 bids from page 51
[2026-02-27 14:28:40] [SESSION 4] Processing page 52
[2026-02-27 14:28:41] [SESSION 4] Saved 10 bids from page 52
[2026-02-27 14:28:44] [SESSION 4] Processing page 53
[2026-02-27 14:28:45] [SESSION 4] Saved 9 bids from page 53
[2026-02-27 14:28:48] [SESSION 4] Processing page 54
[2026-02-27 14:28:49] [SESSION 4] Saved 10 bids from page 54
[2026-02-27 14:28:52] [SESSION 4] Processing page 55
[2026-02-27 14:28:53] [SESSION 4] Saved 10 bids from page 55
[2026-02-27 14:28:56] [SESSION 4] Processing page 56
[2026-02-27 14:28:57] [SESSION 4] Saved 10 bids from page 56
[2026-02-27 14:29:00] [SESSION 4] Processing page 57
[2026-02-27 14:29:01] [SESSION 4] Saved 10 bids from page 57
[2026-02-27 14:29:04] [SESSION 4] Processing page 58
[2026-02-27 14:29:05] [SESSION 4] Saved 10 bids from page 58
[2026-02-27 14:29:08] [SESSION 4] Processing page 59
[2026-02-27 14:29:09] [SESSION 4] Saved 10 bids from page 59
[2026-02-27 14:29:12] [SESSION 4] Processing page 60
[2026-02-27 14:29:13] [SESSION 4] Saved 9 bids from page 60
[2026-02-27 14:29:16] [SESSION 4] Processing page 61
[2026-02-27 14:29:17] [SESSION 4] Saved 10 bids from page 61
[2026-02-27 14:29:20] [SESSION 4] Processing page 62
[2026-02-27 14:29:21] [SESSION 4] Saved 10 bids from page 62
[2026-02-27 14:29:24] [SESSION 4] Processing page 63
[2026-02-27 14:29:25] [SESSION 4] Saved 10 bids from page 63
[2026-02-27 14:29:28] [SESSION 4] Processing page 64
[2026-02-27 14:29:29] [SESSION 4] Saved 10 bids from page 64
[2026-02-27 14:29:32] [SESSION 4] Processing page 65
[2026-02-27 14:29:33] [SESSION 4] Saved 10 bids from page 65
[2026-02-27 14:29:36] [SESSION 4] Processing page 66
[2026-02-27 14:29:37] [SESSION 4] Saved 10 bids from page 66
[2026-02-27 14:29:41] [SESSION 4] Processing page 67
[2026-02-27 14:29:41] [SESSION 4] Saved 10 bids from page 67
[2026-02-27 14:29:44] [SESSION 4] Processing page 68
[2026-02-27 14:29:45] [SESSION 4] Saved 10 bids from page 68
[2026-02-27 14:29:49] [SESSION 4] Processing page 69
[2026-02-27 14:29:49] [SESSION 4] Saved 9 bids from page 69
[2026-02-27 14:29:53] [SESSION 4] Processing page 70
[2026-02-27 14:29:53] [SESSION 4] Saved 10 bids from page 70
[2026-02-27 14:29:57] [SESSION 4] Processing page 71
[2026-02-27 14:29:57] [SESSION 4] Saved 10 bids from page 71
[2026-02-27 14:30:01] [SESSION 4] Processing page 72
[2026-02-27 14:30:01] [SESSION 4] Saved 9 bids from page 72
[2026-02-27 14:30:05] [SESSION 4] Processing page 73
[2026-02-27 14:30:05] [SESSION 4] Saved 9 bids from page 73
[2026-02-27 14:30:09] [SESSION 4] Processing page 74
[2026-02-27 14:30:09] [SESSION 4] Saved 10 bids from page 74
[2026-02-27 14:30:13] [SESSION 4] Processing page 75
[2026-02-27 14:30:13] [SESSION 4] Saved 9 bids from page 75
[2026-02-27 14:30:17] [SESSION 4] Processing page 76
[2026-02-27 14:30:17] [SESSION 4] Saved 10 bids from page 76
[2026-02-27 14:30:21] [SESSION 4] Processing page 77
[2026-02-27 14:30:22] [SESSION 4] Saved 9 bids from page 77
[2026-02-27 14:30:25] [SESSION 4] Processing page 78
[2026-02-27 14:30:26] [SESSION 4] Saved 10 bids from page 78
[2026-02-27 14:30:29] [SESSION 4] Processing page 79
[2026-02-27 14:30:29] [SESSION 4] Saved 10 bids from page 79
[2026-02-27 14:30:33] [SESSION 4] Processing page 80
[2026-02-27 14:30:33] [SESSION 4] Saved 10 bids from page 80
[2026-02-27 14:30:37] [SESSION 4] Processing page 81
[2026-02-27 14:30:37] [SESSION 4] Saved 10 bids from page 81
[2026-02-27 14:30:41] [SESSION 4] Processing page 82
[2026-02-27 14:30:42] [SESSION 4] Saved 10 bids from page 82
[2026-02-27 14:30:45] [SESSION 4] Processing page 83
[2026-02-27 14:30:45] [SESSION 4] Saved 9 bids from page 83
[2026-02-27 14:30:49] [SESSION 4] Processing page 84
[2026-02-27 14:30:50] [SESSION 4] Saved 10 bids from page 84
[2026-02-27 14:30:53] [SESSION 4] Processing page 85
[2026-02-27 14:30:53] [SESSION 4] Saved 3 bids from page 85
[2026-02-27 14:30:57] [SESSION 4] Processing page 86
[2026-02-27 14:30:58] [SESSION 4] Saved 8 bids from page 86
[2026-02-27 14:31:01] [SESSION 4] Processing page 87
[2026-02-27 14:31:01] [SESSION 4] Saved 9 bids from page 87
[2026-02-27 14:31:05] [SESSION 4] Processing page 88
[2026-02-27 14:31:06] [SESSION 4] Saved 10 bids from page 88
[2026-02-27 14:31:09] [SESSION 4] Processing page 89
[2026-02-27 14:31:09] [SESSION 4] Saved 10 bids from page 89
[2026-02-27 14:31:13] [SESSION 4] Processing page 90
[2026-02-27 14:31:14] [SESSION 4] Saved 10 bids from page 90
[2026-02-27 14:31:17] [SESSION 4] Processing page 91
[2026-02-27 14:31:17] [SESSION 4] Saved 10 bids from page 91
[2026-02-27 14:31:21] [SESSION 4] Processing page 92
[2026-02-27 14:31:21] [SESSION 4] Saved 10 bids from page 92
[2026-02-27 14:31:25] [SESSION 4] Processing page 93
[2026-02-27 14:31:25] [SESSION 4] Saved 10 bids from page 93
[2026-02-27 14:31:29] [SESSION 4] Processing page 94
[2026-02-27 14:31:29] [SESSION 4] Saved 10 bids from page 94
[2026-02-27 14:31:33] [SESSION 4] Processing page 95
[2026-02-27 14:31:33] [SESSION 4] Saved 8 bids from page 95
[2026-02-27 14:31:37] [SESSION 4] Processing page 96
[2026-02-27 14:31:38] [SESSION 4] Saved 10 bids from page 96
[2026-02-27 14:31:41] [SESSION 4] Processing page 97
[2026-02-27 14:31:41] [SESSION 4] Saved 10 bids from page 97
[2026-02-27 14:31:45] [SESSION 4] Processing page 98
[2026-02-27 14:31:46] [SESSION 4] Saved 10 bids from page 98
[2026-02-27 14:31:49] [SESSION 4] Processing page 99
[2026-02-27 14:31:50] [SESSION 4] Saved 10 bids from page 99
[2026-02-27 14:31:53] [SESSION 4] Processing page 100
[2026-02-27 14:31:53] [SESSION 4] Saved 10 bids from page 100
[2026-02-27 14:31:57] [SESSION 4] Processing page 101
[2026-02-27 14:31:58] [SESSION 4] Saved 10 bids from page 101
[2026-02-27 14:32:01] [SESSION 4] Processing page 102
[2026-02-27 14:32:02] [SESSION 4] Saved 9 bids from page 102
[2026-02-27 14:32:05] [SESSION 4] Processing page 103
[2026-02-27 14:32:06] [SESSION 4] Saved 10 bids from page 103
[2026-02-27 14:32:09] [SESSION 4] Processing page 104
[2026-02-27 14:32:10] [SESSION 4] Saved 10 bids from page 104
[2026-02-27 14:32:13] [SESSION 4] Processing page 105
[2026-02-27 14:32:14] [SESSION 4] Saved 10 bids from page 105
[2026-02-27 14:32:17] [SESSION 4] Processing page 106
[2026-02-27 14:32:18] [SESSION 4] Saved 9 bids from page 106
[2026-02-27 14:32:21] [SESSION 4] Processing page 107
[2026-02-27 14:32:22] [SESSION 4] Saved 10 bids from page 107
[2026-02-27 14:32:25] [SESSION 4] Processing page 108
[2026-02-27 14:32:25] [SESSION 4] Saved 10 bids from page 108
[2026-02-27 14:32:28] [SESSION 4] Processing page 109
[2026-02-27 14:32:29] [SESSION 4] Saved 10 bids from page 109
[2026-02-27 14:32:32] [SESSION 4] Processing page 110
[2026-02-27 14:32:32] [SESSION 4] Saved 9 bids from page 110
[2026-02-27 14:32:35] [SESSION 4] Processing page 111
[2026-02-27 14:32:35] [SESSION 4] Saved 10 bids from page 111
[2026-02-27 14:32:38] [SESSION 4] Processing page 112
[2026-02-27 14:32:38] [SESSION 4] Saved 10 bids from page 112
[2026-02-27 14:32:41] [SESSION 4] Processing page 113
[2026-02-27 14:32:42] [SESSION 4] Saved 10 bids from page 113
[2026-02-27 14:32:44] [SESSION 4] Processing page 114
[2026-02-27 14:32:44] [SESSION 4] Saved 10 bids from page 114
[2026-02-27 14:32:47] [SESSION 4] Processing page 115
[2026-02-27 14:32:47] [SESSION 4] Saved 10 bids from page 115
[2026-02-27 14:32:50] [SESSION 4] Processing page 116
[2026-02-27 14:32:51] [SESSION 4] Saved 10 bids from page 116
[2026-02-27 14:32:53] [SESSION 4] Processing page 117
[2026-02-27 14:32:53] [SESSION 4] Saved 2 bids from page 117
[2026-02-27 14:32:55] [SESSION 4] Processing page 118
[2026-02-27 14:32:55] [SESSION 4] Saved 0 bids from page 118
[2026-02-27 14:32:55] [SESSION 4] Pagination completed safely.
[2026-02-27 14:32:56] [SESSION 4] Session completed: 118 new bids found, 118 pages processed
[2026-02-28 12:02:45] [SESSION 4] Starting scraper - Keyword: 'batter' | Output: gem_all_bids_session4.csv
[2026-02-28 12:03:02] [SESSION 4] Processing page 1
[2026-02-28 12:03:03] [SESSION 4] Saved 10 bids from page 1
[2026-02-28 12:03:05] [SESSION 4] Processing page 2
[2026-02-28 12:03:05] [SESSION 4] Saved 9 bids from page 2
[2026-02-28 12:03:07] [SESSION 4] Processing page 3
[2026-02-28 12:03:07] [SESSION 4] Saved 10 bids from page 3
[2026-02-28 12:03:09] [SESSION 4] Processing page 4
[2026-02-28 12:03:10] [SESSION 4] Saved 10 bids from page 4
[2026-02-28 12:03:11] [SESSION 4] Processing page 5
[2026-02-28 12:03:12] [SESSION 4] Saved 9 bids from page 5
[2026-02-28 12:03:13] [SESSION 4] Processing page 6
[2026-02-28 12:03:14] [SESSION 4] Saved 10 bids from page 6
[2026-02-28 12:03:16] [SESSION 4] Processing page 7
[2026-02-28 12:03:17] [SESSION 4] Saved 10 bids from page 7
[2026-02-28 12:04:18] [SESSION 4] Pagination stalled. Retrying.
[2026-02-28 12:04:18] [SESSION 4] Processing page 8
[2026-02-28 12:04:18] [SESSION 4] Saved 0 bids from page 8
[2026-02-28 12:04:20] [SESSION 4] Processing page 9
[2026-02-28 12:04:20] [SESSION 4] Saved 0 bids from page 9
[2026-02-28 12:04:20] [SESSION 4] Pagination completed safely.
[2026-02-28 12:04:21] [SESSION 4] Session completed: 0 new bids found, 9 pages processed
[2026-02-28 12:10:14] [SESSION 4] Starting scraper - Keyword: 'batter' | Output: gem_all_bids_session4.csv
[2026-02-28 12:10:21] [SESSION 4] Processing page 1
[2026-02-28 12:10:22] [SESSION 4] Saved 10 bids from page 1
[2026-02-28 12:10:24] [SESSION 4] Processing page 2
[2026-02-28 12:10:24] [SESSION 4] Saved 10 bids from page 2
[2026-02-28 12:10:26] [SESSION 4] Processing page 3
[2026-02-28 12:10:26] [SESSION 4] Saved 10 bids from page 3
[2026-02-28 12:10:28] [SESSION 4] Processing page 4
[2026-02-28 12:10:29] [SESSION 4] Saved 9 bids from page 4
[2026-02-28 12:10:30] [SESSION 4] Processing page 5
[2026-02-28 12:10:31] [SESSION 4] Saved 10 bids from page 5
[2026-02-28 12:10:33] [SESSION 4] Processing page 6
[2026-02-28 12:10:33] [SESSION 4] Saved 10 bids from page 6
[2026-02-28 12:10:35] [SESSION 4] Processing page 7
[2026-02-28 12:10:35] [SESSION 4] Saved 10 bids from page 7
[2026-02-28 12:10:37] [SESSION 4] Processing page 8
[2026-02-28 12:10:37] [SESSION 4] Saved 10 bids from page 8
[2026-02-28 12:10:39] [SESSION 4] Processing page 9
[2026-02-28 12:10:39] [SESSION 4] Saved 10 bids from page 9
[2026-02-28 12:10:41] [SESSION 4] Processing page 10
[2026-02-28 12:10:41] [SESSION 4] Saved 10 bids from page 10
[2026-02-28 12:10:43] [SESSION 4] Processing page 11
[2026-02-28 12:10:43] [SESSION 4] Saved 10 bids from page 11
[2026-02-28 12:10:45] [SESSION 4] Processing page 12
[2026-02-28 12:10:45] [SESSION 4] Saved 10 bids from page 12
[2026-02-28 12:10:47] [SESSION 4] Processing page 13
[2026-02-28 12:10:47] [SESSION 4] Saved 10 bids from page 13
[2026-02-28 12:10:49] [SESSION 4] Processing page 14
[2026-02-28 12:10:50] [SESSION 4] Saved 10 bids from page 14
[2026-02-28 12:10:51] [SESSION 4] Processing page 15
[2026-02-28 12:10:51] [SESSION 4] Saved 10 bids from page 15
[2026-02-28 12:10:53] [SESSION 4] Processing page 16
[2026-02-28 12:10:53] [SESSION 4] Saved 10 bids from page 16
[2026-02-28 12:10:55] [SESSION 4] Processing page 17
[2026-02-28 12:10:56] [SESSION 4] Saved 10 bids from page 17
[2026-02-28 12:10:57] [SESSION 4] Processing page 18
[2026-02-28 12:10:57] [SESSION 4] Saved 10 bids from page 18
[2026-02-28 12:10:59] [SESSION 4] Processing page 19
[2026-02-28 12:10:59] [SESSION 4] Saved 10 bids from page 19
[2026-02-28 12:11:01] [SESSION 4] Processing page 20
[2026-02-28 12:11:01] [SESSION 4] Saved 10 bids from page 20
[2026-02-28 12:11:03] [SESSION 4] Processing page 21
[2026-02-28 12:11:04] [SESSION 4] Saved 10 bids from page 21
[2026-02-28 12:11:05] [SESSION 4] Processing page 22
[2026-02-28 12:11:06] [SESSION 4] Saved 9 bids from page 22
[2026-02-28 12:11:07] [SESSION 4] Processing page 23
[2026-02-28 12:11:08] [SESSION 4] Saved 8 bids from page 23
[2026-02-28 12:11:09] [SESSION 4] Processing page 24
[2026-02-28 12:11:10] [SESSION 4] Saved 10 bids from page 24
[2026-02-28 12:11:12] [SESSION 4] Processing page 25
[2026-02-28 12:11:12] [SESSION 4] Saved 10 bids from page 25
[2026-02-28 12:11:14] [SESSION 4] Processing page 26
[2026-02-28 12:11:14] [SESSION 4] Saved 10 bids from page 26
[2026-02-28 12:11:17] [SESSION 4] Processing page 27
[2026-02-28 12:11:17] [SESSION 4] Saved 8 bids from page 27
[2026-02-28 12:11:21] [SESSION 4] Processing page 28
[2026-02-28 12:11:21] [SESSION 4] Saved 10 bids from page 28
[2026-02-28 12:11:24] [SESSION 4] Processing page 29
[2026-02-28 12:11:24] [SESSION 4] Saved 10 bids from page 29
[2026-02-28 12:11:27] [SESSION 4] Processing page 30
[2026-02-28 12:11:27] [SESSION 4] Saved 10 bids from page 30
[2026-02-28 12:11:30] [SESSION 4] Processing page 31
[2026-02-28 12:11:30] [SESSION 4] Saved 9 bids from page 31
[2026-02-28 12:11:34] [SESSION 4] Processing page 32
[2026-02-28 12:11:34] [SESSION 4] Saved 10 bids from page 32
[2026-02-28 12:11:37] [SESSION 4] Processing page 33
[2026-02-28 12:11:37] [SESSION 4] Saved 8 bids from page 33
[2026-02-28 12:11:40] [SESSION 4] Processing page 34
[2026-02-28 12:11:40] [SESSION 4] Saved 10 bids from page 34
[2026-02-28 12:11:43] [SESSION 4] Processing page 35
[2026-02-28 12:11:43] [SESSION 4] Saved 10 bids from page 35
[2026-02-28 12:11:47] [SESSION 4] Processing page 36
[2026-02-28 12:11:47] [SESSION 4] Saved 10 bids from page 36
[2026-02-28 12:11:50] [SESSION 4] Processing page 37
[2026-02-28 12:11:50] [SESSION 4] Saved 8 bids from page 37
[2026-02-28 12:11:53] [SESSION 4] Processing page 38
[2026-02-28 12:11:53] [SESSION 4] Saved 10 bids from page 38
[2026-02-28 12:11:56] [SESSION 4] Processing page 39
[2026-02-28 12:11:57] [SESSION 4] Saved 10 bids from page 39
[2026-02-28 12:12:00] [SESSION 4] Processing page 40
[2026-02-28 12:12:00] [SESSION 4] Saved 10 bids from page 40
[2026-02-28 12:12:03] [SESSION 4] Processing page 41
[2026-02-28 12:12:04] [SESSION 4] Saved 10 bids from page 41
[2026-02-28 12:12:07] [SESSION 4] Processing page 42
[2026-02-28 12:12:08] [SESSION 4] Saved 9 bids from page 42
[2026-02-28 12:12:11] [SESSION 4] Processing page 43
[2026-02-28 12:12:11] [SESSION 4] Saved 10 bids from page 43
[2026-02-28 12:12:14] [SESSION 4] Processing page 44
[2026-02-28 12:12:14] [SESSION 4] Saved 10 bids from page 44
[2026-02-28 12:12:17] [SESSION 4] Processing page 45
[2026-02-28 12:12:18] [SESSION 4] Saved 10 bids from page 45
[2026-02-28 12:12:21] [SESSION 4] Processing page 46
[2026-02-28 12:12:22] [SESSION 4] Saved 10 bids from page 46
[2026-02-28 12:12:24] [SESSION 4] Processing page 47
[2026-02-28 12:12:25] [SESSION 4] Saved 10 bids from page 47
[2026-02-28 12:12:27] [SESSION 4] Processing page 48
[2026-02-28 12:12:28] [SESSION 4] Saved 10 bids from page 48
[2026-02-28 12:12:31] [SESSION 4] Processing page 49
[2026-02-28 12:12:32] [SESSION 4] Saved 10 bids from page 49
[2026-02-28 12:12:35] [SESSION 4] Processing page 50
[2026-02-28 12:12:36] [SESSION 4] Saved 9 bids from page 50
[2026-02-28 12:12:39] [SESSION 4] Processing page 51
[2026-02-28 12:12:40] [SESSION 4] Saved 10 bids from page 51
[2026-02-28 12:12:42] [SESSION 4] Processing page 52
[2026-02-28 12:16:57] [SESSION 4] Starting scraper - Keyword: 'batter' | Output: gem_all_bids_session4.csv
[2026-02-28 12:17:05] [SESSION 4] Processing page 1
[2026-02-28 12:17:06] [SESSION 4] Saved 10 bids from page 1
[2026-02-28 12:17:08] [SESSION 4] Processing page 2
[2026-02-28 12:17:09] [SESSION 4] Saved 9 bids from page 2
[2026-02-28 12:17:11] [SESSION 4] Processing page 3
[2026-02-28 12:17:11] [SESSION 4] Saved 10 bids from page 3
[2026-02-28 12:17:13] [SESSION 4] Processing page 4
[2026-02-28 12:17:13] [SESSION 4] Saved 10 bids from page 4
[2026-02-28 12:17:15] [SESSION 4] Processing page 5
[2026-02-28 12:17:16] [SESSION 4] Saved 10 bids from page 5
[2026-02-28 12:17:17] [SESSION 4] Processing page 6
[2026-02-28 12:17:18] [SESSION 4] Saved 10 bids from page 6
[2026-02-28 12:17:20] [SESSION 4] Processing page 7
[2026-02-28 12:17:20] [SESSION 4] Saved 10 bids from page 7
[2026-02-28 12:17:22] [SESSION 4] Processing page 8
[2026-02-28 12:17:22] [SESSION 4] Saved 10 bids from page 8
[2026-02-28 12:17:24] [SESSION 4] Processing page 9
[2026-02-28 12:17:24] [SESSION 4] Saved 9 bids from page 9
[2026-02-28 12:17:26] [SESSION 4] Processing page 10
[2026-02-28 12:17:27] [SESSION 4] Saved 10 bids from page 10
[2026-02-28 12:17:28] [SESSION 4] Processing page 11
[2026-02-28 12:17:29] [SESSION 4] Saved 10 bids from page 11
[2026-02-28 12:17:30] [SESSION 4] Processing page 12
[2026-02-28 12:17:31] [SESSION 4] Saved 8 bids from page 12
[2026-02-28 12:17:32] [SESSION 4] Processing page 13
[2026-02-28 12:17:33] [SESSION 4] Saved 10 bids from page 13
[2026-02-28 12:17:35] [SESSION 4] Processing page 14
[2026-02-28 12:17:35] [SESSION 4] Saved 10 bids from page 14
[2026-02-28 12:17:37] [SESSION 4] Processing page 15
[2026-02-28 12:17:37] [SESSION 4] Saved 10 bids from page 15
[2026-02-28 12:17:39] [SESSION 4] Processing page 16
[2026-02-28 12:17:39] [SESSION 4] Saved 10 bids from page 16
[2026-02-28 12:17:41] [SESSION 4] Processing page 17
[2026-02-28 12:17:42] [SESSION 4] Saved 10 bids from page 17
[2026-02-28 12:17:43] [SESSION 4] Processing page 18
[2026-02-28 12:17:44] [SESSION 4] Saved 10 bids from page 18
[2026-02-28 12:17:45] [SESSION 4] Processing page 19
[2026-02-28 12:17:46] [SESSION 4] Saved 10 bids from page 19
[2026-02-28 12:17:47] [SESSION 4] Processing page 20
[2026-02-28 12:17:48] [SESSION 4] Saved 9 bids from page 20
[2026-02-28 12:17:49] [SESSION 4] Processing page 21
[2026-02-28 12:17:50] [SESSION 4] Saved 10 bids from page 21
[2026-02-28 12:17:51] [SESSION 4] Processing page 22
[2026-02-28 12:17:52] [SESSION 4] Saved 10 bids from page 22
[2026-02-28 12:17:54] [SESSION 4] Processing page 23
[2026-02-28 12:17:54] [SESSION 4] Saved 8 bids from page 23
[2026-02-28 12:17:55] [SESSION 4] Processing page 24
[2026-02-28 12:17:56] [SESSION 4] Saved 10 bids from page 24
[2026-02-28 12:17:58] [SESSION 4] Processing page 25
[2026-02-28 12:17:58] [SESSION 4] Saved 10 bids from page 25
[2026-02-28 12:18:00] [SESSION 4] Processing page 26
[2026-02-28 12:18:00] [SESSION 4] Saved 10 bids from page 26
[2026-02-28 12:18:02] [SESSION 4] Processing page 27
[2026-02-28 12:18:02] [SESSION 4] Saved 8 bids from page 27
[2026-02-28 12:18:04] [SESSION 4] Processing page 28
[2026-02-28 12:18:04] [SESSION 4] Saved 10 bids from page 28
[2026-02-28 12:18:06] [SESSION 4] Processing page 29
[2026-02-28 12:18:06] [SESSION 4] Saved 7 bids from page 29
[2026-02-28 12:18:08] [SESSION 4] Processing page 30
[2026-02-28 12:18:08] [SESSION 4] Saved 10 bids from page 30
[2026-02-28 12:18:10] [SESSION 4] Processing page 31
[2026-02-28 12:18:10] [SESSION 4] Saved 9 bids from page 31
[2026-02-28 12:18:12] [SESSION 4] Processing page 32
[2026-02-28 12:18:12] [SESSION 4] Saved 10 bids from page 32
[2026-02-28 12:18:14] [SESSION 4] Processing page 33
[2026-02-28 12:18:14] [SESSION 4] Saved 9 bids from page 33
[2026-02-28 12:18:16] [SESSION 4] Processing page 34
[2026-02-28 12:18:16] [SESSION 4] Saved 9 bids from page 34
[2026-02-28 12:18:18] [SESSION 4] Processing page 35
[2026-02-28 12:18:18] [SESSION 4] Saved 10 bids from page 35
[2026-02-28 12:18:20] [SESSION 4] Processing page 36
[2026-02-28 12:18:20] [SESSION 4] Saved 10 bids from page 36
[2026-02-28 12:18:22] [SESSION 4] Processing page 37
[2026-02-28 12:18:22] [SESSION 4] Saved 10 bids from page 37
[2026-02-28 12:18:24] [SESSION 4] Processing page 38
[2026-02-28 12:18:24] [SESSION 4] Saved 10 bids from page 38
[2026-02-28 12:18:26] [SESSION 4] Processing page 39
[2026-02-28 12:18:27] [SESSION 4] Saved 9 bids from page 39
[2026-02-28 12:18:28] [SESSION 4] Processing page 40
[2026-02-28 12:18:29] [SESSION 4] Saved 10 bids from page 40
[2026-02-28 12:18:30] [SESSION 4] Processing page 41
[2026-02-28 12:18:31] [SESSION 4] Saved 10 bids from page 41
[2026-02-28 12:18:32] [SESSION 4] Processing page 42
[2026-02-28 12:18:33] [SESSION 4] Saved 10 bids from page 42
[2026-02-28 12:18:34] [SESSION 4] Processing page 43
[2026-02-28 12:18:35] [SESSION 4] Saved 10 bids from page 43
[2026-02-28 12:18:36] [SESSION 4] Processing page 44
[2026-02-28 12:18:37] [SESSION 4] Saved 10 bids from page 44
[2026-02-28 12:18:38] [SESSION 4] Processing page 45
[2026-02-28 12:18:39] [SESSION 4] Saved 10 bids from page 45
[2026-02-28 12:18:41] [SESSION 4] Processing page 46
[2026-02-28 12:18:41] [SESSION 4] Saved 10 bids from page 46
[2026-02-28 12:18:43] [SESSION 4] Processing page 47
[2026-02-28 12:18:43] [SESSION 4] Saved 10 bids from page 47
[2026-02-28 12:18:45] [SESSION 4] Processing page 48
[2026-02-28 12:18:45] [SESSION 4] Saved 10 bids from page 48
[2026-02-28 12:18:47] [SESSION 4] Processing page 49
[2026-02-28 12:18:47] [SESSION 4] Saved 10 bids from page 49
[2026-02-28 12:18:49] [SESSION 4] Processing page 50
[2026-02-28 12:18:49] [SESSION 4] Saved 10 bids from page 50
[2026-02-28 12:18:51] [SESSION 4] Processing page 51
[2026-02-28 12:18:51] [SESSION 4] Saved 10 bids from page 51
[2026-02-28 12:18:53] [SESSION 4] Processing page 52
[2026-02-28 12:18:53] [SESSION 4] Saved 10 bids from page 52
[2026-02-28 12:18:55] [SESSION 4] Processing page 53
[2026-02-28 12:18:55] [SESSION 4] Saved 10 bids from page 53
[2026-02-28 12:18:57] [SESSION 4] Processing page 54
[2026-02-28 12:18:57] [SESSION 4] Saved 10 bids from page 54
[2026-02-28 12:18:59] [SESSION 4] Processing page 55
[2026-02-28 12:18:59] [SESSION 4] Saved 10 bids from page 55
[2026-02-28 12:19:01] [SESSION 4] Processing page 56
[2026-02-28 12:19:02] [SESSION 4] Saved 10 bids from page 56
[2026-02-28 12:19:03] [SESSION 4] Processing page 57
[2026-02-28 12:19:04] [SESSION 4] Saved 10 bids from page 57
[2026-02-28 12:19:05] [SESSION 4] Processing page 58
[2026-02-28 12:19:06] [SESSION 4] Saved 10 bids from page 58
[2026-02-28 12:19:07] [SESSION 4] Processing page 59
[2026-02-28 12:19:08] [SESSION 4] Saved 8 bids from page 59
[2026-02-28 12:19:09] [SESSION 4] Processing page 60
[2026-02-28 12:19:10] [SESSION 4] Saved 10 bids from page 60
[2026-02-28 12:19:11] [SESSION 4] Processing page 61
[2026-02-28 12:19:12] [SESSION 4] Saved 10 bids from page 61
[2026-02-28 12:19:13] [SESSION 4] Processing page 62
[2026-02-28 12:19:14] [SESSION 4] Saved 10 bids from page 62
[2026-02-28 12:19:15] [SESSION 4] Processing page 63
[2026-02-28 12:19:16] [SESSION 4] Saved 10 bids from page 63
[2026-02-28 12:19:17] [SESSION 4] Processing page 64
[2026-02-28 12:19:18] [SESSION 4] Saved 10 bids from page 64
[2026-02-28 12:19:19] [SESSION 4] Processing page 65
[2026-02-28 12:19:20] [SESSION 4] Saved 8 bids from page 65
[2026-02-28 12:19:21] [SESSION 4] Processing page 66
[2026-02-28 12:19:22] [SESSION 4] Saved 10 bids from page 66
[2026-02-28 12:19:23] [SESSION 4] Processing page 67
[2026-02-28 12:19:24] [SESSION 4] Saved 10 bids from page 67
[2026-02-28 12:19:26] [SESSION 4] Processing page 68
[2026-02-28 12:19:26] [SESSION 4] Saved 10 bids from page 68
[2026-02-28 12:19:28] [SESSION 4] Processing page 69
[2026-02-28 12:19:28] [SESSION 4] Saved 10 bids from page 69
[2026-02-28 12:19:30] [SESSION 4] Processing page 70
[2026-02-28 12:19:30] [SESSION 4] Saved 10 bids from page 70
[2026-02-28 12:19:32] [SESSION 4] Processing page 71
[2026-02-28 12:19:32] [SESSION 4] Saved 10 bids from page 71
[2026-02-28 12:19:34] [SESSION 4] Processing page 72
[2026-02-28 12:19:34] [SESSION 4] Saved 10 bids from page 72
[2026-02-28 12:19:36] [SESSION 4] Processing page 73
[2026-02-28 12:19:36] [SESSION 4] Saved 10 bids from page 73
[2026-02-28 12:19:38] [SESSION 4] Processing page 74
[2026-02-28 12:19:38] [SESSION 4] Saved 9 bids from page 74
[2026-02-28 12:19:40] [SESSION 4] Processing page 75
[2026-02-28 12:19:40] [SESSION 4] Saved 10 bids from page 75
[2026-02-28 12:19:42] [SESSION 4] Processing page 76
[2026-02-28 12:19:42] [SESSION 4] Saved 10 bids from page 76
[2026-02-28 12:19:44] [SESSION 4] Processing page 77
[2026-02-28 12:19:44] [SESSION 4] Saved 10 bids from page 77
[2026-02-28 12:19:46] [SESSION 4] Processing page 78
[2026-02-28 12:19:46] [SESSION 4] Saved 10 bids from page 78
[2026-02-28 12:19:48] [SESSION 4] Processing page 79
[2026-02-28 12:19:48] [SESSION 4] Saved 10 bids from page 79
[2026-02-28 12:19:50] [SESSION 4] Processing page 80
[2026-02-28 12:19:50] [SESSION 4] Saved 9 bids from page 80
[2026-02-28 12:19:52] [SESSION 4] Processing page 81
[2026-02-28 12:19:53] [SESSION 4] Saved 10 bids from page 81
[2026-02-28 12:19:54] [SESSION 4] Processing page 82
[2026-02-28 12:19:55] [SESSION 4] Saved 10 bids from page 82
[2026-02-28 12:19:56] [SESSION 4] Processing page 83
[2026-02-28 12:19:57] [SESSION 4] Saved 8 bids from page 83
[2026-02-28 12:19:58] [SESSION 4] Processing page 84
[2026-02-28 12:19:59] [SESSION 4] Saved 10 bids from page 84
[2026-02-28 12:20:00] [SESSION 4] Processing page 85
[2026-02-28 12:20:01] [SESSION 4] Saved 10 bids from page 85
[2026-02-28 12:20:02] [SESSION 4] Processing page 86
[2026-02-28 12:20:03] [SESSION 4] Saved 10 bids from page 86
[2026-02-28 12:20:04] [SESSION 4] Processing page 87
[2026-02-28 12:20:05] [SESSION 4] Saved 10 bids from page 87
[2026-02-28 12:20:06] [SESSION 4] Processing page 88
[2026-02-28 12:20:07] [SESSION 4] Saved 9 bids from page 88
[2026-02-28 12:20:08] [SESSION 4] Processing page 89
[2026-02-28 12:20:09] [SESSION 4] Saved 10 bids from page 89
[2026-02-28 12:20:10] [SESSION 4] Processing page 90
[2026-02-28 12:20:11] [SESSION 4] Saved 10 bids from page 90
[2026-02-28 12:20:12] [SESSION 4] Processing page 91
[2026-02-28 12:20:13] [SESSION 4] Saved 10 bids from page 91
[2026-02-28 12:20:14] [SESSION 4] Processing page 92
[2026-02-28 12:20:15] [SESSION 4] Saved 10 bids from page 92
[2026-02-28 12:20:17] [SESSION 4] Processing page 93
[2026-02-28 12:20:17] [SESSION 4] Saved 10 bids from page 93
[2026-02-28 12:20:18] [SESSION 4] Processing page 94
[2026-02-28 12:20:19] [SESSION 4] Saved 10 bids from page 94
[2026-02-28 12:20:21] [SESSION 4] Processing page 95
[2026-02-28 12:20:21] [SESSION 4] Saved 10 bids from page 95
[2026-02-28 12:20:23] [SESSION 4] Processing page 96
[2026-02-28 12:20:23] [SESSION 4] Saved 10 bids from page 96
[2026-02-28 12:20:25] [SESSION 4] Processing page 97
[2026-02-28 12:20:25] [SESSION 4] Saved 10 bids from page 97
[2026-02-28 12:20:27] [SESSION 4] Processing page 98
[2026-02-28 12:20:27] [SESSION 4] Saved 9 bids from page 98
[2026-02-28 12:20:29] [SESSION 4] Processing page 99
[2026-02-28 12:20:29] [SESSION 4] Saved 10 bids from page 99
[2026-02-28 12:20:31] [SESSION 4] Processing page 100
[2026-02-28 12:20:31] [SESSION 4] Saved 10 bids from page 100
[2026-02-28 12:20:33] [SESSION 4] Processing page 101
[2026-02-28 12:20:33] [SESSION 4] Saved 10 bids from page 101
[2026-02-28 12:20:35] [SESSION 4] Processing page 102
[2026-02-28 12:20:35] [SESSION 4] Saved 10 bids from page 102
[2026-02-28 12:20:37] [SESSION 4] Processing page 103
[2026-02-28 12:20:37] [SESSION 4] Saved 10 bids from page 103
[2026-02-28 12:20:39] [SESSION 4] Processing page 104
[2026-02-28 12:20:39] [SESSION 4] Saved 9 bids from page 104
[2026-02-28 12:20:41] [SESSION 4] Processing page 105
[2026-02-28 12:20:41] [SESSION 4] Saved 10 bids from page 105
[2026-02-28 12:20:43] [SESSION 4] Processing page 106
[2026-02-28 12:20:43] [SESSION 4] Saved 10 bids from page 106
[2026-02-28 12:20:45] [SESSION 4] Processing page 107
[2026-02-28 12:20:45] [SESSION 4] Saved 10 bids from page 107
[2026-02-28 12:20:47] [SESSION 4] Processing page 108
[2026-02-28 12:20:47] [SESSION 4] Saved 10 bids from page 108
[2026-02-28 12:20:49] [SESSION 4] Processing page 109
[2026-02-28 12:20:49] [SESSION 4] Saved 10 bids from page 109
[2026-02-28 12:20:51] [SESSION 4] Processing page 110
[2026-02-28 12:20:51] [SESSION 4] Saved 10 bids from page 110
[2026-02-28 12:20:53] [SESSION 4] Processing page 111
[2026-02-28 12:20:53] [SESSION 4] Saved 10 bids from page 111
[2026-02-28 12:20:55] [SESSION 4] Processing page 112
[2026-02-28 12:20:55] [SESSION 4] Saved 10 bids from page 112
[2026-02-28 12:20:57] [SESSION 4] Processing page 113
[2026-02-28 12:20:57] [SESSION 4] Saved 10 bids from page 113
[2026-02-28 12:20:59] [SESSION 4] Processing page 114
[2026-02-28 12:20:59] [SESSION 4] Saved 10 bids from page 114
[2026-02-28 12:21:01] [SESSION 4] Processing page 115
[2026-02-28 12:21:01] [SESSION 4] Saved 10 bids from page 115
[2026-02-28 12:21:03] [SESSION 4] Processing page 116
[2026-02-28 12:21:03] [SESSION 4] Saved 10 bids from page 116
[2026-02-28 12:21:05] [SESSION 4] Processing page 117
[2026-02-28 12:21:05] [SESSION 4] Saved 4 bids from page 117
[2026-02-28 12:21:07] [SESSION 4] Processing page 118
[2026-02-28 12:21:07] [SESSION 4] Saved 0 bids from page 118
[2026-02-28 12:21:07] [SESSION 4] Pagination completed safely.
[2026-02-28 12:21:08] [SESSION 4] Session completed: 67 new bids found, 118 pages processed
[2026-02-28 14:49:15] [SESSION 4] Starting scraper - Keyword: 'batter' | Output: gem_all_bids_session4.csv
[2026-02-28 14:49:23] [SESSION 4] Processing page 1
[2026-02-28 14:49:24] [SESSION 4] Saved 10 bids from page 1
[2026-02-28 14:49:26] [SESSION 4] Processing page 2
[2026-02-28 14:49:26] [SESSION 4] Saved 9 bids from page 2
[2026-02-28 14:49:28] [SESSION 4] Processing page 3
[2026-02-28 14:49:29] [SESSION 4] Saved 10 bids from page 3
[2026-02-28 14:49:31] [SESSION 4] Processing page 4
[2026-02-28 14:49:32] [SESSION 4] Saved 10 bids from page 4
[2026-02-28 14:49:33] [SESSION 4] Processing page 5
[2026-02-28 14:49:34] [SESSION 4] Saved 10 bids from page 5
[2026-02-28 14:49:36] [SESSION 4] Processing page 6
[2026-02-28 14:49:36] [SESSION 4] Saved 10 bids from page 6
[2026-02-28 14:49:38] [SESSION 4] Processing page 7
[2026-02-28 14:49:38] [SESSION 4] Saved 8 bids from page 7
[2026-02-28 14:49:40] [SESSION 4] Processing page 8
[2026-02-28 14:49:40] [SESSION 4] Saved 10 bids from page 8
[2026-02-28 14:49:42] [SESSION 4] Processing page 9
[2026-02-28 14:49:42] [SESSION 4] Saved 10 bids from page 9
[2026-02-28 14:49:44] [SESSION 4] Processing page 10
[2026-02-28 14:49:44] [SESSION 4] Saved 8 bids from page 10
[2026-02-28 14:49:46] [SESSION 4] Processing page 11
[2026-02-28 14:49:47] [SESSION 4] Saved 10 bids from page 11
[2026-02-28 14:49:48] [SESSION 4] Processing page 12
[2026-02-28 14:49:49] [SESSION 4] Saved 7 bids from page 12
[2026-02-28 14:49:50] [SESSION 4] Processing page 13
[2026-02-28 14:49:51] [SESSION 4] Saved 10 bids from page 13
[2026-02-28 14:49:52] [SESSION 4] Processing page 14
[2026-02-28 14:49:53] [SESSION 4] Saved 9 bids from page 14
[2026-02-28 14:49:55] [SESSION 4] Processing page 15
[2026-02-28 14:49:55] [SESSION 4] Saved 10 bids from page 15
[2026-02-28 14:49:57] [SESSION 4] Processing page 16
[2026-02-28 14:49:57] [SESSION 4] Saved 8 bids from page 16
[2026-02-28 14:49:59] [SESSION 4] Processing page 17
[2026-02-28 14:50:00] [SESSION 4] Saved 9 bids from page 17
[2026-02-28 14:50:01] [SESSION 4] Processing page 18
[2026-02-28 14:50:02] [SESSION 4] Saved 10 bids from page 18
[2026-02-28 14:50:03] [SESSION 4] Processing page 19
[2026-02-28 14:50:04] [SESSION 4] Saved 10 bids from page 19
[2026-02-28 14:50:05] [SESSION 4] Processing page 20
[2026-02-28 14:50:06] [SESSION 4] Saved 9 bids from page 20
[2026-02-28 14:50:08] [SESSION 4] Processing page 21
[2026-02-28 14:50:08] [SESSION 4] Saved 10 bids from page 21
[2026-02-28 14:50:10] [SESSION 4] Processing page 22
[2026-02-28 14:50:10] [SESSION 4] Saved 9 bids from page 22
[2026-02-28 14:50:12] [SESSION 4] Processing page 23
[2026-02-28 14:50:13] [SESSION 4] Saved 9 bids from page 23
[2026-02-28 14:50:14] [SESSION 4] Processing page 24
[2026-02-28 14:50:15] [SESSION 4] Saved 10 bids from page 24
[2026-02-28 14:50:16] [SESSION 4] Processing page 25
[2026-02-28 14:50:17] [SESSION 4] Saved 10 bids from page 25
[2026-02-28 14:50:19] [SESSION 4] Processing page 26
[2026-02-28 14:50:19] [SESSION 4] Saved 10 bids from page 26
[2026-02-28 14:50:21] [SESSION 4] Processing page 27
[2026-02-28 14:50:21] [SESSION 4] Saved 10 bids from page 27
[2026-02-28 14:50:23] [SESSION 4] Processing page 28
[2026-02-28 14:50:23] [SESSION 4] Saved 10 bids from page 28
[2026-02-28 14:50:25] [SESSION 4] Processing page 29
[2026-02-28 14:50:25] [SESSION 4] Saved 6 bids from page 29
[2026-02-28 14:50:27] [SESSION 4] Processing page 30
[2026-02-28 14:50:28] [SESSION 4] Saved 10 bids from page 30
[2026-02-28 14:50:29] [SESSION 4] Processing page 31
[2026-02-28 14:50:30] [SESSION 4] Saved 10 bids from page 31
[2026-02-28 14:50:31] [SESSION 4] Processing page 32
[2026-02-28 14:50:32] [SESSION 4] Saved 10 bids from page 32
[2026-02-28 14:50:33] [SESSION 4] Processing page 33
[2026-02-28 14:50:34] [SESSION 4] Saved 9 bids from page 33
[2026-02-28 14:50:35] [SESSION 4] Processing page 34
[2026-02-28 14:50:36] [SESSION 4] Saved 10 bids from page 34
[2026-02-28 14:50:38] [SESSION 4] Processing page 35
[2026-02-28 14:50:38] [SESSION 4] Saved 10 bids from page 35
[2026-02-28 14:50:40] [SESSION 4] Processing page 36
[2026-02-28 14:50:40] [SESSION 4] Saved 8 bids from page 36
[2026-02-28 14:50:42] [SESSION 4] Processing page 37
[2026-02-28 14:50:42] [SESSION 4] Saved 10 bids from page 37
[2026-02-28 14:50:44] [SESSION 4] Processing page 38
[2026-02-28 14:50:45] [SESSION 4] Saved 10 bids from page 38
[2026-02-28 14:50:46] [SESSION 4] Processing page 39
[2026-02-28 14:50:47] [SESSION 4] Saved 10 bids from page 39
[2026-02-28 14:50:48] [SESSION 4] Processing page 40
[2026-02-28 14:50:49] [SESSION 4] Saved 10 bids from page 40
[2026-02-28 14:50:51] [SESSION 4] Processing page 41
[2026-02-28 14:50:51] [SESSION 4] Saved 10 bids from page 41
[2026-02-28 14:50:53] [SESSION 4] Processing page 42
[2026-02-28 14:50:53] [SESSION 4] Saved 9 bids from page 42
[2026-02-28 14:50:55] [SESSION 4] Processing page 43
[2026-02-28 14:50:55] [SESSION 4] Saved 10 bids from page 43
[2026-02-28 14:50:57] [SESSION 4] Processing page 44
[2026-02-28 14:50:57] [SESSION 4] Saved 10 bids from page 44
[2026-02-28 14:50:59] [SESSION 4] Processing page 45
[2026-02-28 14:51:00] [SESSION 4] Saved 10 bids from page 45
[2026-02-28 14:51:01] [SESSION 4] Processing page 46
[2026-02-28 14:51:02] [SESSION 4] Saved 10 bids from page 46
[2026-02-28 14:51:03] [SESSION 4] Processing page 47
[2026-02-28 14:51:04] [SESSION 4] Saved 10 bids from page 47
[2026-02-28 14:51:06] [SESSION 4] Processing page 48
[2026-02-28 14:51:06] [SESSION 4] Saved 10 bids from page 48
[2026-02-28 14:51:08] [SESSION 4] Processing page 49
[2026-02-28 14:51:08] [SESSION 4] Saved 8 bids from page 49
[2026-02-28 14:51:10] [SESSION 4] Processing page 50
[2026-02-28 14:51:10] [SESSION 4] Saved 10 bids from page 50
[2026-02-28 14:51:12] [SESSION 4] Processing page 51
[2026-02-28 14:51:12] [SESSION 4] Saved 10 bids from page 51
[2026-02-28 14:51:14] [SESSION 4] Processing page 52
[2026-02-28 14:51:14] [SESSION 4] Saved 10 bids from page 52
[2026-02-28 14:51:16] [SESSION 4] Processing page 53
[2026-02-28 14:51:16] [SESSION 4] Saved 10 bids from page 53
[2026-02-28 14:51:18] [SESSION 4] Processing page 54
[2026-02-28 14:51:18] [SESSION 4] Saved 9 bids from page 54
[2026-02-28 14:51:20] [SESSION 4] Processing page 55
[2026-02-28 14:51:20] [SESSION 4] Saved 10 bids from page 55
[2026-02-28 14:51:22] [SESSION 4] Processing page 56
[2026-02-28 14:51:22] [SESSION 4] Saved 10 bids from page 56
[2026-02-28 14:51:24] [SESSION 4] Processing page 57
[2026-02-28 14:51:24] [SESSION 4] Saved 9 bids from page 57
[2026-02-28 14:51:26] [SESSION 4] Processing page 58
[2026-02-28 14:51:26] [SESSION 4] Saved 10 bids from page 58
[2026-02-28 14:51:28] [SESSION 4] Processing page 59
[2026-02-28 14:51:28] [SESSION 4] Saved 10 bids from page 59
[2026-02-28 14:51:30] [SESSION 4] Processing page 60
[2026-02-28 14:51:31] [SESSION 4] Saved 8 bids from page 60
[2026-02-28 14:51:32] [SESSION 4] Processing page 61
[2026-02-28 14:51:32] [SESSION 4] Saved 10 bids from page 61
[2026-02-28 14:51:34] [SESSION 4] Processing page 62
[2026-02-28 14:51:35] [SESSION 4] Saved 10 bids from page 62
[2026-02-28 14:51:36] [SESSION 4] Processing page 63
[2026-02-28 14:51:37] [SESSION 4] Saved 9 bids from page 63
[2026-02-28 14:51:38] [SESSION 4] Processing page 64
[2026-02-28 14:51:39] [SESSION 4] Saved 10 bids from page 64
[2026-02-28 14:51:40] [SESSION 4] Processing page 65
[2026-02-28 14:51:41] [SESSION 4] Saved 9 bids from page 65
[2026-02-28 14:51:43] [SESSION 4] Processing page 66
[2026-02-28 14:51:43] [SESSION 4] Saved 10 bids from page 66
[2026-02-28 14:51:45] [SESSION 4] Processing page 67
[2026-02-28 14:51:45] [SESSION 4] Saved 10 bids from page 67
[2026-02-28 14:51:47] [SESSION 4] Processing page 68
[2026-02-28 14:51:47] [SESSION 4] Saved 10 bids from page 68
[2026-02-28 14:51:49] [SESSION 4] Processing page 69
[2026-02-28 14:51:50] [SESSION 4] Saved 10 bids from page 69
[2026-02-28 14:51:51] [SESSION 4] Processing page 70
[2026-02-28 14:51:52] [SESSION 4] Saved 10 bids from page 70
[2026-02-28 14:51:53] [SESSION 4] Processing page 71
[2026-02-28 14:51:54] [SESSION 4] Saved 10 bids from page 71
[2026-02-28 14:51:55] [SESSION 4] Processing page 72
[2026-02-28 14:51:56] [SESSION 4] Saved 10 bids from page 72
[2026-02-28 14:51:57] [SESSION 4] Processing page 73
[2026-02-28 14:51:58] [SESSION 4] Saved 10 bids from page 73
[2026-02-28 14:51:59] [SESSION 4] Processing page 74
[2026-02-28 14:52:00] [SESSION 4] Saved 10 bids from page 74
[2026-02-28 14:52:02] [SESSION 4] Processing page 75
[2026-02-28 14:52:03] [SESSION 4] Saved 10 bids from page 75
[2026-02-28 14:52:04] [SESSION 4] Processing page 76
[2026-02-28 14:52:05] [SESSION 4] Saved 10 bids from page 76
[2026-02-28 14:52:07] [SESSION 4] Processing page 77
[2026-02-28 14:52:07] [SESSION 4] Saved 10 bids from page 77
[2026-02-28 14:52:09] [SESSION 4] Processing page 78
[2026-02-28 14:52:09] [SESSION 4] Saved 10 bids from page 78
[2026-02-28 14:52:11] [SESSION 4] Processing page 79
[2026-02-28 14:52:11] [SESSION 4] Saved 9 bids from page 79
[2026-02-28 14:52:13] [SESSION 4] Processing page 80
[2026-02-28 14:52:13] [SESSION 4] Saved 8 bids from page 80
[2026-02-28 14:52:15] [SESSION 4] Processing page 81
[2026-02-28 14:52:16] [SESSION 4] Saved 10 bids from page 81
[2026-02-28 14:52:17] [SESSION 4] Processing page 82
[2026-02-28 14:52:17] [SESSION 4] Saved 10 bids from page 82
[2026-02-28 14:52:19] [SESSION 4] Processing page 83
[2026-02-28 14:52:19] [SESSION 4] Saved 8 bids from page 83
[2026-02-28 14:52:21] [SESSION 4] Processing page 84
[2026-02-28 14:52:22] [SESSION 4] Saved 10 bids from page 84
[2026-02-28 14:52:23] [SESSION 4] Processing page 85
[2026-02-28 14:52:23] [SESSION 4] Saved 10 bids from page 85
[2026-02-28 14:52:25] [SESSION 4] Processing page 86
[2026-02-28 14:52:25] [SESSION 4] Saved 9 bids from page 86
[2026-02-28 14:52:27] [SESSION 4] Processing page 87
[2026-02-28 14:52:28] [SESSION 4] Saved 9 bids from page 87
[2026-02-28 14:52:29] [SESSION 4] Processing page 88
[2026-02-28 14:52:30] [SESSION 4] Saved 10 bids from page 88
[2026-02-28 14:52:31] [SESSION 4] Processing page 89
[2026-02-28 14:52:32] [SESSION 4] Saved 10 bids from page 89
[2026-02-28 14:52:33] [SESSION 4] Processing page 90
[2026-02-28 14:52:34] [SESSION 4] Saved 10 bids from page 90
[2026-02-28 14:52:35] [SESSION 4] Processing page 91
[2026-02-28 14:52:36] [SESSION 4] Saved 10 bids from page 91
[2026-02-28 14:52:37] [SESSION 4] Processing page 92
[2026-02-28 14:52:38] [SESSION 4] Saved 9 bids from page 92
[2026-02-28 14:52:39] [SESSION 4] Processing page 93
[2026-02-28 14:52:40] [SESSION 4] Saved 10 bids from page 93
[2026-02-28 14:52:42] [SESSION 4] Processing page 94
[2026-02-28 14:52:43] [SESSION 4] Saved 10 bids from page 94
[2026-02-28 14:52:44] [SESSION 4] Processing page 95
[2026-02-28 14:52:46] [SESSION 4] Saved 10 bids from page 95
[2026-02-28 14:52:48] [SESSION 4] Processing page 96
[2026-02-28 14:52:49] [SESSION 4] Saved 10 bids from page 96
[2026-02-28 14:52:50] [SESSION 4] Processing page 97
[2026-02-28 14:52:51] [SESSION 4] Saved 10 bids from page 97
[2026-02-28 14:52:52] [SESSION 4] Processing page 98
[2026-02-28 14:52:53] [SESSION 4] Saved 10 bids from page 98
[2026-02-28 14:52:55] [SESSION 4] Processing page 99
[2026-02-28 14:52:55] [SESSION 4] Saved 10 bids from page 99
[2026-02-28 14:52:57] [SESSION 4] Processing page 100
[2026-02-28 14:52:57] [SESSION 4] Saved 10 bids from page 100
[2026-02-28 14:52:59] [SESSION 4] Processing page 101
[2026-02-28 14:52:59] [SESSION 4] Saved 10 bids from page 101
[2026-02-28 14:53:01] [SESSION 4] Processing page 102
[2026-02-28 14:53:01] [SESSION 4] Saved 10 bids from page 102
[2026-02-28 14:53:03] [SESSION 4] Processing page 103
[2026-02-28 14:53:03] [SESSION 4] Saved 10 bids from page 103
[2026-02-28 14:53:05] [SESSION 4] Processing page 104
[2026-02-28 14:53:05] [SESSION 4] Saved 10 bids from page 104
[2026-02-28 14:53:07] [SESSION 4] Processing page 105
[2026-02-28 14:53:07] [SESSION 4] Saved 10 bids from page 105
[2026-02-28 14:53:09] [SESSION 4] Processing page 106
[2026-02-28 14:53:10] [SESSION 4] Saved 10 bids from page 106
[2026-02-28 14:53:11] [SESSION 4] Processing page 107
[2026-02-28 14:53:12] [SESSION 4] Saved 10 bids from page 107
[2026-02-28 14:53:13] [SESSION 4] Processing page 108
[2026-02-28 14:53:14] [SESSION 4] Saved 10 bids from page 108
[2026-02-28 14:53:15] [SESSION 4] Processing page 109
[2026-02-28 14:53:16] [SESSION 4] Saved 10 bids from page 109
[2026-02-28 14:53:17] [SESSION 4] Processing page 110
[2026-02-28 14:53:18] [SESSION 4] Saved 10 bids from page 110
[2026-02-28 14:53:19] [SESSION 4] Processing page 111
[2026-02-28 14:53:20] [SESSION 4] Saved 10 bids from page 111
[2026-02-28 14:53:21] [SESSION 4] Processing page 112
[2026-02-28 14:53:22] [SESSION 4] Saved 10 bids from page 112
[2026-02-28 14:53:24] [SESSION 4] Processing page 113
[2026-02-28 14:53:24] [SESSION 4] Saved 10 bids from page 113
[2026-02-28 14:53:26] [SESSION 4] Processing page 114
[2026-02-28 14:53:26] [SESSION 4] Saved 10 bids from page 114
[2026-02-28 14:53:27] [SESSION 4] Processing page 115
[2026-02-28 14:53:28] [SESSION 4] Saved 10 bids from page 115
[2026-02-28 14:53:30] [SESSION 4] Processing page 116
[2026-02-28 14:53:30] [SESSION 4] Saved 10 bids from page 116
[2026-02-28 14:53:32] [SESSION 4] Processing page 117
[2026-02-28 14:53:32] [SESSION 4] Saved 10 bids from page 117
[2026-02-28 14:53:34] [SESSION 4] Processing page 118
[2026-02-28 14:53:34] [SESSION 4] Saved 2 bids from page 118
[2026-02-28 14:53:36] [SESSION 4] Processing page 119
[2026-02-28 14:53:36] [SESSION 4] Saved 0 bids from page 119
[2026-02-28 14:53:36] [SESSION 4] Pagination completed safely.
[2026-02-28 14:53:37] [SESSION 4] Session completed: 23 new bids found, 119 pages processed
